title,description,class
Oracle to drop PeopleSoft suit if tender fails,Oracle Corp. notified Delaware's Court of Chancery of plans to drop a lawsuit pending there against PeopleSoft Inc. if PeopleSoft shareholders reject Oracle's tender offer. The notification is a sign that Oracle is serious about its current offer being the final one.,Sci/Tech
"NTT DoCoMo, IBM, Intel team to secure mobile devices","With an eye towards making mobile devices and the commerce services that run over them more secure, NTT DoCoMo Inc., Intel Corp. and IBM Corp. on Wednesday published a jointly developed security specification called the Trusted Mobile Platform.",Sci/Tech
Election Is Crunch Time for U.S. Secret Service,"With just days to go before the U.S. presidential election, the candidates are darting from one stop to the next #151;putting the pressure on the Secret Service in the process.",Sci/Tech
Former Celtic striker Larsson on Barcelona bench,"Henrik Larsson was left on the bench by Barcelona coach Frank Rijkaard on his return to Parkhead where the Catalonians meet their UEFA Cup conquerors of last season, Celtic on the opening night of the Champions League group stages.",Sports
Four Suicides Linked to Child Porn Probe (AP),"AP - The government will press on with a child pornography crackdown despite the suicides of four people being investigated in the operation, an official said Saturday.",World
Rehnquist's Status Still a Mystery (AP),"AP - Chief Justice William H. Rehnquist's health is shrouded in mystery, the extent of his thyroid cancer a closely guarded secret. Several coming events could give the public an idea about the seriousness of his condition.",World
"Dollar Falls, Hits Record Low Vs. Euro", LONDON (Reuters) - The dollar tumbled to a record low  against the euro and a 12-year trough versus sterling on  Wednesday as it ran into a fresh wave of selling after  consolidating earlier this week.,Business
"US Economy: July New Home Sales Fall, Durable Goods Rise","US new home sales in July fell 6.4 percent to a 1.134 million annual rate, the year #39;s slowest pace and a sign housing may provide less fuel for the economy in coming months.",Business
Mortgage rates take a tumble,"Long-term mortgage rates tumbled to six-month lows this week amid concerns the economic expansion may be losing steam. Defying expectations earlier this year that it would now hover around 6.5 percent, the ",Business
GOP platform: Broadband and R D tax credits,"The Republican party platform includes calls for widely available broadband access, electronic health records and more government R D spending.",Sci/Tech
Famous Faces Add Luster to House Races (AP),"AP - Clooney, Paterno, Bird, Sheen: The guest list at a party for Hollywood ""A""-listers and sports legends? No, just some of famous names running for House seats or helping House candidates around the country.",World
"Japan Stocks Higher, Led by Tech Rebounds (Reuters)","Reuters - The Nikkei average rose 1.24 percent by\mid-morning trade on Monday as a recovery in U.S. stocks\encouraged investors to seek bargains among lagging issues,\including Hitachi Ltd. and other high-tech firms.",Business
Nationwide predicts house price freeze,"House prices across the UK will come to a virtual standstill in 2005, the Nationwide Building Society predicted today. The lender said that property prices in Britain look set to rise by just 2 across the year, compared to a rise of 13 in 2004.",Business
"Francis, Howard Lead Magic Past Hawks","ATLANTA, Nov. 26 (Ticker) -- Steve Francis and rookie Dwight Howard made the defense of the Atlanta Hawks look like it wasn #39;t there.",Sports
NBA to Set new arena security guidelines,"NBA commissioner David Stern says the NBA will set new security guidelines for its arenas, exerting more authority over a matter previously left to individual teams.",Sports
Apple unveils photo-display iPod,Apple introduces an iPod capable of storing and displaying photos in an effort to stay ahead in the market for digital music players.,Business
Sox kick off road trip with win over A #39;s,The Red Sox open a crucial seven-game West Coast road trip with an 8-to-3 victory over the Athletics in Oakland. David Ortiz hit a solo homer and had four RBI #39;s for Boston.,Sports
UPDATE 1-Open-Serena surprised to be crowd favourite,Former champion Serena Williams hammered Patty Schnyder 6-4 6-2 to reach the quarter-finals of the US Open on Sunday and then said she was surprised to have the crowd on her side.,Sports
"Pitino, Myles Discuss U of L #39;s Upcoming Game Against Kentucky","LOUISVILLE, Ky. - Louisville men #39;s basketball head coach Rick Pitino and senior forward Ellis Myles met with members of the media on Friday to preview the Cardinals #39; home game against rival Kentucky on Satursday.",Sports
Villa give Tottenham sixth straight league loss,"Peru midfielder Nolberto Solano helped Aston Villa to a 1-0 win over Tottenham Hotspur, handing the London club sixth straight league defeat Monday in the PremierLeague.",Sports
New legume disease discovered in the US,United States authorities have confirmed they #39;ve found a new legume disease for the first time. Asian soybean rust has been confirmed in two plots at a research station in Louisiana.,Business
Web Server Takedown Called Speech Threat (AP),"AP - Devin Theriot-Orr, a member a feisty group of reporter-activists called Indymedia, was surprised when two FBI agents showed up at his Seattle law office, saying the visit was a ""courtesy call"" on behalf of Swiss authorities.",Sci/Tech
THE CLINCHER Eagles earn division title by rolling over Giants,"No matter how much sugar Eli Manning tried to sprinkle on yesterday #39;s 27-6 loss to the Eagles, he couldn #39;t cover up the sourness of his own performance.",Sports
"Talk of El Nino Floods, Droughts Worries Farmers (Reuters)","Reuters - After a seemingly unending string of\hurricanes and typhoons, talk that the ""little boy"" is stirring\in the Pacific is unwelcome news for weather-battered farmers.",Sci/Tech
NASA picks Northrop Grumman,"Washington- NASA announced late Monday that it had picked Northrop Grumman Space Technology to help it develop a spacecraft that could explore three of Jupiter #39;s moons, a project potentially worth \$232 million to the NASA Glenn Research Center in Cleveland ",Sci/Tech
"Ba #39;asyir transferred to Cipinang, formal charges expected in days","Investigators submitted the case file on cleric Abu Bakar Ba #39;asyir to prosecutors on Wednesday, paving the way for his trial on charges of involvement in a string of terrorist attacks across the country.",World
Charter names two interim CFOs,"Charter Communications Inc. (CHTR.O: Quote, Profile, Research) on Thursday named two executives as interim co-chief financial officers to fill an opening created when its former ",Business
Doing the impossible with Longhorn,"Its funny how circumstances can change your perception of whats possible. A few months ago, key Microsoft architects were telling me that it would be impossible to decouple the Avalon presentation subsystem from the Longhorn OS.",Sci/Tech
Santini opens up over Spurs  #39;divorce #39;,"Jacques Santini, who resigned as Tottenham #39;s head coach nine days ago citing  quot;private issues quot; in his personal life, last night ignited a bitter feud with the north London ",Sports
UN workers abducted in Afghanistan phone home as militants seek &lt;b&gt;...&lt;/b&gt;,"Two of three UN workers kidnapped in Afghanistan called home to reassure relatives they are all right, as negotiators tried Tuesday to secure their release after 12 days in the hands of Taliban-linked militants.",World
Google hints at slowing growth,"Google does not expect to maintain the same pace of revenue growth it has recorded over the last several quarters, the company acknowledged Thursday in a Securities and Exchange Commission filing.",Sci/Tech
Trojan horse program masquerades as anti-spam screensaver,"Get INQ7 breaking news on your Smart mobile phone in the Philippines. Send INQ7 BREAKING to 386. PARIS, France -- A virus that spies on keystrokes and downloads passwords and bank account details is circulating ",Sci/Tech
Recording giants file copyright suit against city music collector,"Brett Bojrab likes music. He owns hundreds of compact discs that he listens to while driving. To avoid hauling CDs back and forth into his house, Bojrab copied much of his music collection onto ",Sci/Tech
Salvation Army looks for new fundraising  quot;target quot;,It #39;s going to be a little quieter outside of Target stores this holiday season. The company isn #39;t allowing the Salvation Army bell ringers outside its stores.,Business
Dell Recalls 1 Million Laptop Power Adapters,"If you have an Inspiron, Latitude, or Precision notebook, then a recall is in effect for your power supply.  quot;Dell on Friday announced that it #39;s recalling almost a million faulty power adapters sold with its ",Business
China to host first stewardess beauty pageant,"Beijing, Sept 4. (PTI): China will host the first International Stewardess Beauty Pageant in early November in Zhuhai in south China #39;s Guangdong Province, the organisers announced today.",World
Verizon Wireless to Add 16 Cities to Broadband,"Verizon Wireless, the largest US wireless company, will expand its high-speed data service to 16 markets by the end of the year, the chairman of Verizon Communications Inc.",Sci/Tech
Gold Fields to Shrug Off Harmony #39;s Voting Bid,"HARMONY has voted its 10,8 of Gold Fields shares against a planned reverse-listing of Gold Fields assets outside southern Africa into IAMGOLD of Canada, Harmony director Ferdi Dippenaar said yesterday.",Business
US-European tensions deepen over Irans nuclear program,Next weeks meeting of the International Atomic Energy Agency (IAEA) board of governors over Irans nuclear programs is looming as a tense diplomatic battleground between the US and its European rivals.,World
Seven foreign hostages released,"is all smiles as released hostages Simona Torretta (R) and Simon Pari celebrate as they arrive at Ciampino Airport in Rome September 28, 2004.",World
Pinsent calls time on golden career,"Matthew Pinsent, the four-time Olympic gold medallist, confirmed today that he is to retire from the sport - as reported in The Times yesterday.",Sports
Sorenstam ends the year with another trophy,"Despite 33 victories in the last four years, Annika Sorenstam keeps saying that winning is not as easy as she makes it look. Not many could argue with her at the season-ending ADT Championship.",Sports
Karzai turns to war on drugs and insurgents,"Freshly installed Afghan Pres-ident Hamid Karzai was gearing up yesterday to address tribal leaders on the need to eliminate this war-ravaged country #39;s booming drug trade, an aide said.",World
BIOTECH STOCKS,"LOS ANGELES (CBS.MW) -- Biotechnology and pharmaceutical stocks fell Thursday, with Merck helping drag down the sector on word its Vioxx drug could increase the risk of cardiovascular trouble.",Business
ISS Astronauts Prepare for Another Spacewalk,"NASA -- International Space Station Commander Gennady Padalka and NASA ISS Science Officer Mike Fincke will replace and install equipment during their fourth and final Expedition 9 spacewalk.     Some of that equipment, three new antennas, will help guide the new Automated Transfer Vehicle (ATV) to its first docking to the Station late next year...",Sci/Tech
"Dollar Slumps Broadly, More Losses Seen", NEW YORK (Reuters) - The dollar stumbled on Friday as  persistent concerns over the U.S. economy and comments  throughout the week from European Central Bank and Federal  Reserve officials allowed the currency no respite.,Business
LeBron makes NBA history,"Cleveland Cavaliers youngster LeBron James scored 26 points in his side #39;s 96-74 victory over the Chicago Bulls to become the youngest player in NBA history to reach 2,000 points.",Sports
Students heckle Iranian president,Iranian students interrupt a speech by President Khatami to mark Student Day at Tehran university.,World
Bonds #39; 700th home run ball fetches 800 grand but legal battle &lt;b&gt;...&lt;/b&gt;,"The man who emerged from a pile of baseball fans clutching Barry Bonds #39; 700th home run ball last month is now richer by \$804,129.",Sports
Moore Accused of Offering Gifts for Votes (AP),"AP - Republicans say filmmaker Michael Moore should be prosecuted for offering underwear, potato chips and Ramen noodles to college students in exchange for their promise to vote for John Kerry.",World
Israel  #39;determined to complete Gaza plan #39;,Israel is determined to go ahead with its unilateral withdrawal from the Gaza Strip - regardless of the death of Yasser Arafat and even if settlers resist - a top Israeli general who helped design the plan says.,World
Security Bytes: Pix source code for sale,"com staff. A group called The Source Code Club says it #39;s selling the blueprint for an older version of the popular Cisco Systems Pix firewall for \$24,000.",Sci/Tech
Yahoo's Profit More Than Triples,The Internet media company's quarterly profit was boosted by stronger online advertising and its acquisition of Overture Services.,Business
"After decades of longing, generations can rejoice","At 11:33 am yesterday, in a mist of rain and confetti, a boy and his father watched history being made. The boy was 45 years old, his dad 77.",Sports
UNDATED: 2-of-8 shooting.,Keith Langford had 19 of his 24 points in the first half as Kansas coasted from the outset. JR Giddens had 14 of his 16 points for Kansas (6-0) in the first half.,Sports
Efforts underway to hold Korean crisis talks: US (AFP),"AFP - Diplomatic efforts are underway to hold a preparatory meeting for the six-party talks aimed at ending the nuclear crisis in the Korean peninsula, the US State Department said.",World
Frederick Gets 8 Years in Iraq Abuse Case,"US Army Reserve Staff Sgt. Ivan  quot;Chip quot; Frederick is shown in a 2003 photo taken in Kuwait. Frederick, the highest ranking soldier charged in the Abu Ghraib prison scandal, was sentenced Thursday, Oct. 21, 2004 ",World
GE Capital vs. the Small-Town Folk Hero,"Aaron M. Feuestein, a corporate folk hero who paid workers out of his own pocket during a rough patch, wants to buy his old company back. A storybook ending, right? Not quite.",Business
We May Not Be the Only Humans on Earth,A 3ft tall  #39;hobbit #39; discovered on a remote Indonesian island has raised the extraordinary possibility that our human species might not be alone on Earth.,Sci/Tech
Giants feel for Warner,Nine games and a 5-4 record is hardly enough time for players to build an everlasting loyalty to a quarterback. So the Giants were not torn into factions by yesterday #39;s ,Sports
"E-Trade Profits Rise, Despite Weakness (AP)","AP - E-Trade Financial Corp.'s third-quarter profit rose 29 percent, despite a sharp drop in investor trading at its online brokerage and signs of weakness in its banking business. The company also raised its fourth quarter outlook a bit.",Business
Apple unveils iMac G5,"Just unveiled at Apple Expo Paris, the machine is indeed an all-in-one device that integrates the system into the display unit as per the original iMac but to an extent discarded with the second-generation,  #39;angle-poise #39; design.",Sci/Tech
Two Black Watch soliders fighting for their lives in Iraq,United States troops have stormed key areas of Fallujah just hours after two soldiers of the Black Watch battle group were seriously injured in an attack by a suicide bomber.,World
"After that trip, no going back","TORONTO -- When the Bruins embarked on their annual February trip in 2000, prospects for a successful season were grim. They were racked with injuries, and the losing was weighing on everyone. Ray Bourque, who began playing in Boston in 1979, always thought he would finish his career in the black and gold, but he started rethinking that as the ...",Sports
Dementieva advances to semis in Belgium,"Top seed Elena Dementieva of Russia edged Czech Denisa Chladkova 7-5, 6-4 Friday to reach the semifinals of the Gaz de France Stars tennis tournament.",Sports
Canada court rules  #39;iPod levy #39; illegal,"The Canadian Federal Court of Appeal has ruled that special levies applied to the sale of MP3 players, such as the iPod, are illegal.",Sci/Tech
Ballmer: Microsoft Software Too Expensive,Microsoft CEO Steve Ballmer recently declared that a \$100 PC was needed to combat piracy in the emerging economies. Ballmer was quoted as stating that  quot;There has to be...a \$100 computer to go down-market in some of these countries.,Sci/Tech
German economic recovery slows down,"LONDON, November 11 (newratings.com) - Germany witnessed a slowdown in its economic growth momentum during the third quarter this year, with the nation #39;s GDP growth rate declining to 0.1 from the relatively robust growth rate of 0.4 in the first two ",Business
Tiger stripes,The Auburn Tigers did everything to make themselves at home against Tennessee in the SEC Championship Saturday. They exceeded the 32.9 points per game they put up in Jordan-Hare ,Sports
Columbian Marxist Group Planned Assassination on President Bush,"( Columbia -- November 28, 2004) -- (AP) There #39;s new information that a rebel group in Colombia had planned to assassinatePresident Bush during his visit there last week.",World
Canucks' Bertuzzi Plays in Charity Game (AP),"AP - Vancouver Canucks forward Todd Bertuzzi returned to the ice Sunday for the first time since being suspended for attacking Colorado's Steve Moore, playing in a charity game that included more than 30 locked out NHL players.",Sports
European stocks see early rally fizzle out (AFP),"AFP - European stock markets drifted lower in early trading as profit-taking set in after recent gains, despite a modest rise on Wall Street and well-received results from cellphone giant Vodafone.",Sci/Tech
Science: The Earth Explores Cassini Data,The Cassini spacecraft has sent back images of Saturn #39;s moon Titan giving scientists the closest views yet of the mysterious satellite.,Sci/Tech
KMG Chemicals Stock Soars on 1Q Earnings,KMG Chemicals Inc. ended the week on a strong note as its stock surged some 130 percent after the pesticide maker handed Wall Street fiscal first-quarter profit that more than doubled from last year.,Business
"Online Shopping Increases, Malls And Stores Report OK Sales",Minneapolis (WCCO) Were you part of the shopping opener this weekend? Malls and department stores report sales were not spectacular.,Business
Seattle team traces origin of ivory via elephant DNA map,"By analyzing elephant DNA, a research team led by Seattle scientists has discovered a way to trace the origins of ivory and help stem the poaching that still threatens the giant beasts across much of their habitat.",Sci/Tech
Pitcher Shot in Leg,Rookie Kyle Denney was hit in the calf by a shot that came through the side of the Indians' bus Wednesday as the team traveled to the airport after a victory over the Royals.,Sports
Court reins in Aussie unions #39; right to strike,"SYDNEY - Australia #39;s High Court has ruled that trade unions cannot take industrial action over political, social or environmental issues.",World
Google Steals a Page from Amazon's Book Search," FRANKFURT/LONDON (Reuters) - Google Inc. on Wednesday  introduced a new search technology to help publishers sell  books online, a fast-growing market dominated by Internet  retailer Amazon.com.",Sci/Tech
Nokia to offer phones with 'old-world' styling,"One of the new handsets invokes Garbo, according to the Finnish phone giant. Another is described as ""sleek and sexy.""",Sci/Tech
Networks seek okay for drug ads on TV,Officials with Canada #39;s top TV broadcasters said they expect regulators soon will allow them access to the free-spending prescription drug industry.,Business
Army deserter Jenkins released in Japan,"US Army deserter Charles Jenkins was released from military jail on Saturday after serving 25 days for abandoning his squadron in 1965 and defecting to North Korea, where he lived for nearly four decades.",World
Enron #39;s Lay to Have Two Trials,"Former Enron Corp. chairman Kenneth L. Lay, who for weeks had been pressing to be tried on his own on criminal charges related to the company #39;s demise, yesterday got more than he bargained for.",Business
Ransom may save Bigleys life- Report,"A Kuwaiti newspaper reported that a new group is trying to secure Bigleys release, which could include the possibility of a ransom.",World
ESPN to Launch Mobile Phone Service in Sprint Deal (Reuters),"Reuters - Walt Disney Co.'s  ESPN\sports television network is launching its own brand of mobile\phone service in a deal with Sprint Corp.  intended to\lure new users with sports news sent over a next-generation\network, the companies said on Wednesday.",Sci/Tech
MIT Selects Its First Female President (Reuters),"Reuters - The Massachusetts Institute of\Technology on Thursday named Susan Hockfield as its first\female president, a breakthrough for the world-renowned school\that has churned out more than 50 Nobel prizewinners but which\ranks below the national average for its percentage of female\students.",Sci/Tech
Ecclestone: No more talks,"Bernie Ecclestone says he #39;s not prepared to negotiate his offer to promote the British Grand Prix at Silverstone. The race was given provisional status on the 2005 Formula One calendar, pending successful ",Sports
How to reach space - on a pair of junkyard shocks,"WINSLOW, ARIZ. - By 6:45 on a chilly desert evening, a deep indigo sky has squeezed what remains of the day into thin lines of pink and turquoise twilight along the horizon.",Sci/Tech
Microsoft Debuts Desktop Search Tool (Reuters),"Reuters - Microsoft Corp.  on Monday\unveiled a new, preliminary version of its search tool for\finding documents, e-mail and other files stored on personal\computer hard drives.",Sci/Tech
Israel plans 530 settler homes,"Israel is planning to build more than 530 new settler homes in the West Bank after Washington signalled it would accept growth in Jewish enclaves in the occupied territory, political sources say.",World
No half measures with Half-Life 2,Could Half-Life 2 possibly live up to the hype? After almost two years of tantalising previews and infuriating delays it #39;s safe to say that this is the most highly-anticipated computer game of all time.,Sci/Tech
Dollar Recovers Footing After Fed, LONDON (Reuters) - The dollar fought back from one-month  lows against the euro and Swiss franc on Wednesday as investors  viewed its sell-off in the wake of the Federal Reserve's  verdict on interest rates as overdone.,Business
Australia launches Indian test campaign with thumping 217-run &lt;b&gt;...&lt;/b&gt;,"By SANDEEP NAKAI Associated Press Writer BANGALORE, India (AP). Australia launched its test series campaign in India with a thumping 217-run victory in the opening match Sunday.",Sports
UPDATE 1-Trump Hotels ends \$400 mln talks with DLJ,"Trump Hotels and Casino Resorts Inc. (DJTC.OB: Quote, Profile, Research) , trying to restructure \$1.8 billion in debt, said on Wednesday that it and DLJ Merchant Banking Partners ",Business
Briefly: PeopleSoft-Oracle trial delayed,"roundup Plus: IBM, Boeing team up for defense work...TI touts combo chip with VoIP, Wi-Fi...ContextWeb nabs \$3 million.",Sci/Tech
German government cuts Deutsche Telekom stake,"German state banking group KfW is selling up to 4 billion euros (2.8 billion pounds) worth of shares in Deutsche Telekom, continuing the privatisation of the German phone operator.",Business
Creative plans US\$100m advertising campaign for its MP3 players,"Creative Chairman and CEO Sim Wong Hoo is aiming for a 40 percent share of the global market for MP3 players next year. To achieve its target, the Singapore-based company will ",Sci/Tech
Israeli Airstrike Kills Hamas Militant (AP),"AP - An Israeli aircraft fired two missiles at a car traveling in the Gaza Strip late Thursday, killing a senior Hamas commander who was among the government's most-wanted fugitives for years  #151; the latest in a series of Israeli assassinations that have weakened the militant group.",World
Pope Struggles Through Mass at Lourdes,"LOURDES, France - A sick man among the sick, Pope John Paul II struggled through Sunday Mass at a French shrine that draws desperate people seeking miracle cures. The 84-year-old pontiff gasped, trembled and asked aides for help during the 2 1/2 hour service in sizzling heat...",World
Australian FM praises Powell as a great friend to Canberra (AFP),"AFP - Outgoing US Secretary of State Colin Powell had been a great friend to Australia who helped fight terrorism in Asia, Foreign Minister Alexander Downer said.",World
Egyptian Petition Seeks Term Limits (AP),AP - More than 650 politicians and intellectuals vowed Saturday to push for a constitutional amendment to stop Egyptian President Hosni Mubarak from serving another term in office,World
"US, Iraq to probe missing N-equipment","Washington has said it will join Baghdad in a full investigation into missing machinery from Iraq #39;s nuclear facilities, and Iraq #39;s science minister has invited UN inspectors to the country.",World
Swimming Canada fires coach,"CALGARY (CP) - Swimming Canada has fired head coach Dave Johnson, who came under fire for Canada #39;s poor performance in the Olympic pool in Athens.",Sports
Japanese Officials Assure Recovery (AP),AP - Japanese financial officials tried to play down worries Friday that a planned revision in calculating growth may show the economy shrank instead of grew slightly in the quarter ended Sept. 30.,Business
"Italy's 'Two Simonas' Freed, Jubilation at Home", ROME (Reuters) - The release of two Italian women aid  workers in Iraq was greeted with joy and relief on Tuesday  following three weeks of anguish in Italy over their abduction.,World
Ex-Nebraska coach Solich hired to turn around Ohio University,"Former Nebraska coach Frank Solich was introduced on Thursday as Ohio #39;s new football coach, returning to the state where he grew up and promising to rebuild a program that went just 11-35 in the past four years.",Sports
Hiring slump continues for many in high-tech,"Researchers at the University of Illinois in Chicago have confirmed what many high-tech workers have long suspected: The job market for technology workers remains bleak, years after the US recession officially ended in late 2001.",Business
Mansell out but Silverstone roars back,"Ecclestone is understood to have entered Silverstone #39;s name on the provisional list of venues for the 2005 season, which would leave no room for Brand Synergy, the mystery consortium that has Mansell on its board.",Sports
Francophonie endorses Martin #39;s reform idea,"OUAGADOUGOU, BURKINA FASO - Delegates to the Francophonie summit decided Saturday not to expel Ivory Coast from the organization, instead they passed a resolution condemning the violence in the country and threatened future sanctions.",World
UN appeals for release of workers in Afghanistan,"The United Nations again appealed for the safe return of three of its workers held hostage in Afghanistan on Thursday, three weeks after they were snatched from their car on a busy street in central Kabul.",World
Afghans to Free 400 Pakistani Prisoners (AP),"AP - Afghan President Hamid Karzai promised Tuesday to repatriate 400 Pakistani prisoners who fought with the former ruling Taliban regime and have been held in Afghan jails since 2001, a Pakistani official said.",World
Dozens of Internet Crime Suspects Nabbed,"A summer-long effort targeting Internet crime has resulted in dozens of arrests and convictions on charges including use of ""spam"" e-mail to steal credit card numbers, computer hacking and online fraud, Justice Department officials said Thursday. &lt;FONT face=""verdana,MS Sans Serif,arial,helvetica"" size=""-2""\ color=""#666666""&gt;&lt;B&gt;-AP&lt;/B&gt;&lt;/FONT&gt;",Sci/Tech
Carter Endorses Chavez Win in Venezuela,"CARACAS, Venezuela - President Hugo Chavez survived a referendum to oust him, according to results Monday, and former U.S. President Jimmy Carter and other election observers urged the opposition to accept the vote, deflating claims of fraud...",World
Burst.com Claims Microsoft Destroyed Evidence,"Top managers at Microsoft told employees to destroy evidence contained in old e-mail during 2000, even as the company faced several antitrust lawsuits at the time, court documents filed by Burst.",Business
EU fines 7 firms for price-fixing,"BRUSSELS Outokumpu, IMI and five other companies were fined a total of E222.3 million on Friday by the European Commission for fixing the prices of copper tubing used in household plumbing.",Business
AMD further details dual-core Opterons,"SAN JOSE, CALIFORNIA - Advanced Micro Devices Inc.'s (AMD's) dual-core Opteron processor will fit into the same area occupied by its single-core product, helping to hold down manufacturing costs, AMD said Tuesday at the Fall Processor Forum.",Sci/Tech
Video Shows UN Hostages in Afghanistan,Three people believed to be the UN hostages seized by militants in Afghanistan have appeared in a video shown by Arabic TV Al-Jazeera.,World
Allstate to reduce policies in Florida,"In the first major insurance fallout from four hurricanes that inflicted billions of dollars of damage in Florida, Allstate Corp. said Wednesday that it would restrict sales of insurance policies in the state.",Business
Company: Ameritrade Hldg Corp New,"With presidential election-related uncertainty safely in the past, retail investors have returned to the US stock market with gusto, and they #39;re likely to stay engaged, several trading companies said Friday.",Business
Search Rushes to the Desktop,"Late Wednesday night, Yahoo (Quote, Chart) unveiled plans to debut a beta version of Yahoo Desktop Search in the coming weeks. At the same time, Ask Jeeves (Quote, Chart) confirmed to internetnews.",Sci/Tech
WADA Sanctions \$1.47 Million Rise in Expenditure, NEW YORK (Reuters) - The World Anti-Doping Agency (WADA)  has approved a \$1.47 million increase in its expenditure budget  for next year.,Sports
What a nightmare: US men fall to Argentina,"Athens, Greece (Sports Network) - Argentina snapped a 58-game winning streak by the United States two years ago at the World Championships.",Sports
Pizza pair scoff at FA #39;s call to order,"THE Football Association is determined to bring forward the peace summit between Arsenal and Manchester United, despite the clubs opposition to being forced into a superficial show of reconciliation.",Sports
National Foods Valuation A\$6.11-A\$6.65/Share -2-,"MELBOURNE (Dow Jones)--Stepping up its takeover defense from predator New Zealand Fonterra Cooperative Group Ltd. (FCO.YY), Australian dairy target National Foods Ltd.",Business
Maligned Team USA settles for Bronze,"For much of the bronze-medal game against Lithuania, several of the younger players on Team USA were having themselves a good time.",Sports
"Caesars Profit Rises, But Outlook Lags (Reuters)",Reuters - Caesars Entertainment Inc.\on Thursday posted a rise in third-quarter profit as Las Vegas\hotels filled up and Atlantic City properties squeaked out a\profit that was unexpected by the company.,Business
Carter advances to second round at US Mid-Amateur,"Huntington, W.Va., golfer Pat Carter has advanced to the second round of match play at the US Mid-Amateur golf tournament. Carter defeated Scott Crawshaw of Pasadena, Calif.",Sports
All-American girl,That was then and this is now. That was there and this is here. So which is a bigger moment? Mary Lou Retton's  quot;No-Fault Vault quot; that produced America's first Olympic all-around gold medal in women's gymnastics 20 years ago in Los Angeles? Or Carly Patterson's  quot;Dream Beam quot; here last night that clinched the second?,Sports
Suspected Militants Kidnap Iraqi Officer-Jazeera," DUBAI (Reuters) - Suspected militants have kidnapped an  Iraqi intelligence officer in response to the fighting in the  holy city of Najaf, Al Jazeera television reported on Tuesday.",World
Lukas emphasizes his past success with females against males,"In rationalizing the decision to enter Azeri in the \$4-million Breeders Cup Classic (G1), trainer D. Wayne Lukas emphasized his past success in starting females against males.",Sports
Henry Relishes Job of Covering Owens (AP),AP - No Sharpies. No situps. No pom-pom shaking. No spikes.,Sports
"Kiwi barrister to hear Ganguly #39;s appeal (LEAD, changing dateline &lt;b&gt;...&lt;/b&gt;","Sports India, Cricket: London, Nov 16 : New Zealand barrister Tim Castle was Tuesday appointed to hear India captain Sourav Ganguly #39;s appeal against his two-Test suspension, the International Cricket Council (ICC) announced here.",Sports
PINSENT WEIGHS UP FUTURE,British rowing hero Matthew Pinsent is in no hurry make a decision over whether he will compete at the next Olympics in Beijing. Pinsent guided Britain to first place in the coxless fours at the Athens games ,Sports
Agents Tell Players There #39;s Little New In NHL Lockout,"An NHL lockout that is nine weeks old will not end soon unless the owners show some willingness to negotiate, agents said after a meeting with the players union.",Sports
Dell updates consumer IT services,Dell will expand its lineup of consumer IT services with security tips and installation assistance on products other than PCs. The company has created a new Dell Solutions Center web page (www.,Sci/Tech
Phils give Baylor managing interview,The former manager of the Colorado Rockies and Chicago Cubs was in town to interview for the Phillies #39; vacancy at the same position.,Sports
PeopleSoft board gives thumbs down to Oracle's offer,"PeopleSoft's Board of Directors voted Wednesday to recommend that its stockholders reject Oracle's takeover offer of \$24 per share. Oracle CEO Larry Ellison quickly responded, saying the offer is final and that it is now up to PeopleSoft's shareholders to make a determination.",Sci/Tech
Study: Workers Find IM a Mixed Blessing,"A report released Thursday by the Pew Internet and American Life Project says US workers are increasingly using instant messaging (IM) in the workplace, with approximately 11 million Americans logging into an IM program daily.",Sci/Tech
Oil Hits  #36;46 as YUKOS Cuts China Supply (Reuters),Reuters - Oil prices hit  #36;46 on Monday after\Russia's YUKOS suspended some oil exports to China and concern\lingered over storm-related supply disruptions into the United\States.,Business
Chechnya to Swear in New President (AP),"AP - Chechnya's new president was to be sworn in on Tuesday, nearly five months after its previous leader was assassinated and a day after it was announced the republic would hold parliamentary elections in the spring.",World
UK Music Industry Sues 28 Song-Swappers,The British music industry is to sue 28 internet users it says are illegally swapping music online. The British Phonographic Industry (BPI) says it is targeting  quot;major uploaders quot; - those who make music available to share free with others.,Sci/Tech
Myanmar's Ex-Leader Accused of Corruption (AP),"AP - Myanmar's ruling junta has accused ex-Prime Minister Khin Nyunt of corruption and said he was ousted before he could unveil findings of his investigation of senior army commanders, official newspapers said.",World
Mortgage lending growth slows,"Mortgage borrowing rose at its slowest monthly pace in more than two years in September and approvals for home loans dropped to a four-year low, in another sign that the housing market has turned.",Business
Tech's leading women get props,"Women bosses in technology get plenty of bragging rights in a new Wall Street Journal ranking of the ""Top 50 Women to Watch."" Missing Links",Sci/Tech
Best airs his views on Arsenal rivalry,Manchester United legend George Best has revealed his disdain for the perpetrators of the food fight which took place at Old Trafford last weekend after the highly-charged game with Arsenal.,Sports
Snow Storms Blanket Southern New Zealand (AP),"AP - Snow storms isolated New Zealand's fourth biggest city of Dunedin on Monday, closing major roads, shutting schools and factories, and freezing newborn lambs.",World
"Dollar Falls, Market Ponders China's Move (Reuters)",Reuters - The dollar fell in choppy trade on\Thursday as traders tried to sort out what a surprise interest\rate hike from China meant for currencies.,Business
La Liga Preview: GetafeValencia,The Che are gasping for air in the turbulent waters of La Liga. Now they must fight to ensure their next breath is not their last in the quest to retain the Championship when they travel to new boys Getafe.,Sports
"Typhoon Meari Hits South Japan, Triggers Floods"," TOKYO (Reuters) - A record eighth typhoon swept through  southern Japan on Wednesday, killing at least two people,  triggering floods and strong winds that forced the evacuation  of tens of thousands.",World
Intel stock tumbles 7 after lowered outlook,"SAN FRANCISCO - Intel Corp. #39;s shares fell more than 7 percent yesterday, a day after the computer chip giant #39;s management lowered the company #39;s financial projections after concluding businesses and consumers aren #39;t in a spending mood.",Business
AP: Kids Left in Africa Begged for Change,"IBADAN, Nigeria - Allegedly abandoned by their American mother in Africa, seven children from Texas begged small change to buy food and shuttled from a neglectful stranger's care to a concrete-block orphanage, Nigerians said Thursday.    Eventually, the children proved their American citizenship to a passing missionary from Texas by singing ""The Star-Spangled Banner."" He notified U.S...",World
World #39;s largest hard drive released,MAKERS OF PC bits and bobs Seagate Technology today announced that it has shipped what it reckons is the world #39;s largest PC hard drive.,Sci/Tech
Israeli Army Confronts Homemade Weapons (AP),"AP - It's a hugely lopsided fight, pitting Israeli troops with high-tech arms and precise intelligence against untrained Palestinian gunmen relying on homemade weapons.",World
"Cisco touts core router customers, smaller platform","A research center in Pittsburgh as well as a broadband service provider and an academic network in Japan all have bought Cisco System's first totally new core routing platform in seven years, which was introduced with fanfare in June, the company announced Monday.",Sci/Tech
"England, Germany Win Cup Qualifying Preps (AP)","AP - Looking to rebound after poor showings in Euro 2004, England and Germany won tuneup games Wednesday in preparation for qualifiers for the 2006 World Cup.",Sports
Heroics of Ryder Cup inspire Stenson to victory,"Having lost four of the last five Ryder Cups, an even bigger worry for American golf should be that they have lost the last three Walker Cups.",Sports
Doom 3 unleashes hell ,Doom 3 combines hectic gameplay with genuine shocks to deliver a deliciously uncomfortable gaming experience.,Sci/Tech
SpaceShipOne blasts off,"com September 29, 2004, 7:06 AM PT. MOJAVE, Calif.--A specialized plane carrying a suborbital spacecraft took off shortly before 7:15 am PDT in an attempt to complete the first phase in the race to privatize space travel.",Sci/Tech
"James Doesn't Practice, May Play Tomorrow (AP)",AP - LeBron James was fitted with a mask to protect his broken left cheek and might play in the Cleveland Cavaliers' next game even though he only shot during practice Sunday.,Sports
Auburn focused on clinching spot in SEC championship,"Tommy Tuberville returns to Mississippi with a trip to Atlanta on the line, and he #39;s bringing his best Auburn team yet. The third-ranked Tigers need one win to lock up a spot in the Southeastern Conference ",Sports
France intensifies efforts to secure hostages' release (AFP),"AFP - The French government intensified efforts to secure the release of two journalists held hostage by Islamic militants in Iraq, a day after they were shown on Arabic television pleading for their lives.",World
The Election That Never Ends ... Online (washingtonpost.com),"washingtonpost.com - John Kerry may have conceded his loss in the presidential election the day after the polls closed last week, but the blogosphere is still abuzz with charges of e-voting machine fraud and other conspiracy theories claiming that President Bush didn't fairly (or actually) win reelection.",Sci/Tech
Overseas Investors May Purchase \$15 Billion of China #39;s Bad Debt,"International investors may buy as much as \$15 billion in bad loans in China in the next three years, said PricewaterhouseCoopers LLP, the world #39;s third-biggest accounting firm.",Business
McEnroe backs Henman,"John McEnroe believes Tim Henman can pick up the 1million winner #39;s cheque at the Tennis Master Cup in Houston next week. McEnroe, who will be at the Albert Hall for the Masters ",Sports
A New Judgment Day For Decalogue Displays (washingtonpost.com),"washingtonpost.com - Sometime in late winter, advocates for and opponents of public displays of the Ten Commandments will argue the issue before the U.S. Supreme Court for the first time in 25 years.",World
Golovin gives Fed Cup holders France 1-0 lead,"Tatiana Golovin, making her Fed Cup singles debut, beat Anabel Medina Garrigues 6-3 6-3 to give under-strength champions France an early 1-0 lead in their semi-final against Spain on Wednesday.",Sports
Report: Citigroup to Bid for Cazenove," LONDON (Reuters) - U.S. investment bank Citigroup is set to  bid for UK stockbroker Cazenove &lt;A HREF=""http://www.investor.reuters.com/FullQuote.aspx?ticker=CAZ.UL target=/stocks/quickinfo/fullquote""&gt;CAZ.UL&lt;/A&gt;, challenging rivals JP  Morgan &lt;A HREF=""http://www.investor.reuters.com/FullQuote.aspx?ticker=JPM.L target=/stocks/quickinfo/fullquote""&gt;JPM.L&lt;/A&gt; and Lehman Brothers &lt;A HREF=""http://www.investor.reuters.com/FullQuote.aspx?ticker=LEH.N target=/stocks/quickinfo/fullquote""&gt;LEH.N&lt;/A&gt; for the City's most  venerable institution, the Observer reported.",Business
Israel army kills Jihad militant,Troops kill a militant in the Gaza Strip as it emerges the army has a new radar system that gives warning of Qassam rockets.,World
"Digital Gear: Gadgets, Networks Go Mobile (PC World)","PC World - A high-capacity cigar, keys to the Internet, disc repair tools, Bluetooth add-on kit, and more.",Sci/Tech
Vodafone finally launches 3G mobile,"London-based Vodafone has finally rolled out its mass-market third-generation (or 3G) mobile telephone services after a four-year wait, billions of pounds spent on licences and numerous delays.",Sci/Tech
Rugby U: Wales crush Romania,Tom Shanklin scores a record-equalling four tries as Wales overwhelm Romania.,World
La Liga Wrap: Barca Go 12 Points Clear,A Xavi Hernandez volley six minutes from time fired Barcelona to a 2-1 away win over Albacete and extended their lead at the top of the Primera Liga to 12 points over second-placed rivals Real Madrid.,Sports
Greece protests US move of recognizing Macedonia,"Greece on Thursday sharply protesteda US decision to recognize the former Yugoslav state on its northern border as  quot;Macedonia quot;, the same name as a northern Greek province where Alexander the Great was born.",World
Depor look to home games for recovery after shaky start,Deportivo Coruna believe that with home games against Liverpool and Monaco still to come they can recover from a poor start in the Champions League to qualify for the knockout stages of the competition.,Sports
Justice minister set to announce long-awaited Truscott decision (Canadian Press),"Canadian Press - OTTAWA (CP) - On a warm June evening in 1959, two kids rode a bicycle down a lonesome county road in southwestern Ontario.",World
Champions League: Group C review - Juve and Bayern in cruise &lt;b&gt;...&lt;/b&gt;,And so to the terrifyingly dull event that was Matchday 6 in Group C. The only issue to be resolved here was whether it would be Ajax or Maccabi Tel Aviv who would secure the UEFA Cup spot.,Sports
What #39;s Next For Mozilla?,"ezberry writes  quot;After releasing version 1.0 of Firefox, what #39;s ahead for the Mozilla Foundation and the venerable Firefox browser?",Sci/Tech
Karzai's Opponents Claim Fraud in Election,"KABUL, Afghanistan - Afghans packed polling stations on Saturday for a historic presidential election that was blemished when all 15 candidates opposing U.S.-backed interim President Hamid Karzai withdrew, charging the government and the U.N. with fraud and incompetence...",World
Israel split over E Jerusalem residents participation in polls :,"Jerusalem, Nov 14 : Israel is divided over a US proposition to allow East Jerusalem residents to participate in elections for a new Palestinian Authority chairman, to lend it greater credibility.",World
Powell Regrets Iraq Weapons Claim for War,"ATLANTA - Secretary of State Colin Powell said Friday he regrets the Bush administration claimed that Iraq had stockpiles of weapons of mass destruction in its argument for war, but he believes the world is better off without Saddam Hussein.    Following a speech to the Atlanta Press Club, Powell defended the bulk of his presentation to the United Nations in February 2003 in which he made the case for war in Iraq...",World
enKoo adds higher-end device for securing e-mail and applications,Network appliance vendor enKoo has introduced a new remote-access device designed for midsize businesses.,Sci/Tech
Russia criticizes  quot;double standards quot; in combating terrorism,Russian President Vladimir Putin has recently said the double standards in dealing with terrorism are  quot;disastrous for global security  quot; and  quot;the indulgent and ,World
Higher oil prices byproduct of storms,"The price of oil jumped to another high on Monday, in part because of dramatic disruptions caused by hurricanes whipping through the Gulf of Mexico.",Business
What #39;s in a nickname?,"It #39;s never too soon to lobby for anything in this city, and Laura Meissner didn #39;t wait for Wednesday #39;s confirmation that the Montreal Expos are moving to the nation #39;s ",Sports
Thai PM Summons Emergency Bird Flu Meeting, BANGKOK (Reuters) - Prime Minister Thaksin Shinawatra  called an emergency meeting on bird flu on Wednesday after  experts said they had probably documented Thailand's first case  of human-to-human transmission of the disease.,World
"For Brandeis women, situation is unbeatable",Few schools boast a list of faculty and alumni as distinguished -- or as eclectic -- as Brandeis University.,Sports
Microsoft to NetWare Users: I Want You,"Microsoft has introduced a package of tools, training and technical support designed to lure users away from Novell #39;s Netware, to Windows Server 2003.",Sci/Tech
Fiber Pact: China Textile Dominance Spooks Asian Rivals,BEIJING (Dow Jones)--China #39;s likely emergence as the world #39;s textile and garment superpower after 30 years of global quotas end Dec. 31 has spooked rival producers across ,Business
More Conflicting Reports on Arafat #39;s Health,"PARIS - There are more conflicting reports today about the health of Palestinian leader Yassar Arafat. The Palestinian Foreign Minister says Arafat is not getting better, but his spokeswoman says his condition is not deteriorating.",World
It's all about the iPod,"New surveys credit Apple with overwhelming market share and brand recognition, but competitors may find success at low end of market.",Sci/Tech
HP and Hitachi offer 300GB disk drives,Hitachi Global Storage Technologies and Hewlett Packard yesterday announced availability of what they claim are the industry #39;s first storage and server systems offering 300GB Fibre Channel and small computer system interface (SCSI) disk drive capacity.,Sci/Tech
Microsoft Readies Windows Server 2003 Update,"Microsoft has started recruiting testers for the first beta of Windows Server 2003 R2, an update to Windows Server that the vendor plans to ship in October next year.",Sci/Tech
NASA Prepares to Spy on a Satellite,"Scientists are about to get their first really close and revealing look at Titan, the invitingly mysterious giant moon of Saturn. The Cassini spacecraft is ",Sci/Tech
Nokia replaces cash with phone,Nokia is about to start a trial in Germany that will see travelers paying for public transport with their mobile phone rather than cash.,Sci/Tech
News Ltd bows to shareholder demands over move to US,The Australian Council of Super Investors was one group that had urged News Corp to include major provisions of Australian corporate law in its proposed new US constitution in order to protect Australian shareholders.,Business
N. Koreans Seek Asylum in Beijing School,"Chinese parents pick up their children at the gate of the Korean School in Beijing Friday Oct. 22, 2004. As many as 29 North Korean asylum seekers entered the school earlier Friday, and told school authorities ",World
== Wariner #39;s gold leads US to sweep in men #39;s 400 meters ===,"Athens, Greece (Sports Network) - American Jeremy Wariner led the United States to a sweep of the medals in the men #39;s 400 meter sprint Monday night at the Olympics.",Sports
As American as Cowboy Boots?,The European Aeronautic Defense and Space Company is using patriotic imagery in its new marketing campaign to gain a toehold inside the Pentagon.,Business
Revolution need final kick for playoff push,"Rusty Pierce symbolized the Revolution's break with the past when he joined the team in 2000. The Revolution had qualified for the MLS playoffs once in their first four seasons, then advanced to the playoffs in three of the next four.",Sports
Rand eyes 6.10 as dollar wilts,"The rand remained strong in late morning trade on Monday, having earlier touched 6.10 per dollar for the first time since July 23.",World
DESPERATE EXECUTIVES,The ABC television network is rightly being pilloried from all concerned - including FCC Chairman Michael Powell -or its tawdry  quot;Monday Night Football quot; opening this week.,Sports
Streaking Braves Stop Giants 5-3 (AP),"AP - Barry Bonds hit a three-run shot for his 694th homer, but Chipper Jones' two-run drive helped the Atlanta Braves beat the San Francisco Giants 5-3 Friday night for their fifth straight victory.",Sports
"U.S. Base Attacked, Truck Bomb Found Before Afghan Vote"," KABUL (Reuters) - Taliban insurgents fired rockets in parts  of Afghanistan and a huge truck bomb was intercepted on the eve  of the first presidential election in the rugged, war-torn  land, underlining the risk of sabotage by Islamic radicals.",World
"Britain backs UN Security Council seats for Brazil, Germany, India, Japan (AFP)","AFP - Britain backs bids by Brazil, Germany, India and Japan for permanent seats on the UN Security Council, British Foreign Secretary Jack Straw said.",World
Middle East bid for UK water firm,"A unit of First Islamic Bank makes a 142m bid to take over South Staffordshire Water, company officials say.",Business
Nikkei Opens Higher Led by Tech Stocks (Reuters),Reuters - Tokyo's Nikkei share average was up 0.56\percent in early morning trade on Tuesday as another jump in\U.S. technology shares encouraged investors to step up buying\in local counterparts such as Advantest Corp.,World
Rulon #39;s Retirement the End of an Era,You #39;ve surely heard by now that Wyoming wrestler Rulon Gardner is bringing home another Olympic medal. This time it #39;s a bronze.,Sports
"Russian, US astronauts leave ISS on maintenance mission","The Russian-US crew of the International Space Station (ISS) went on a five-hour space walk overnight to carry out maintenance work, Russian space officials said on Saturday, quoted by ITAR-TASS news agency.",Sci/Tech
No proof of mobile health risk: Nordic countries,"There is no scientific evidence that mobile phone use or exposure to base stations below internationally accepted levels pose a health risk, radiation authorities in the Nordic countries said on Tuesday.",Sci/Tech
Broadband by power lines moves forward,Federal Communications Commission (FCC) changed its rules on Friday in hopes of promoting wider broadband access throughout the nation by offering the service over power lines.,Sci/Tech
Athletics Hold Off Blue Jays 7-4 (AP),AP - Bobby Kielty hit a go-ahead homer off Ted Lilly  #151; the pitcher he was traded for  #151; and Nick Swisher doubled and walked twice in his major league debut to lead the Oakland Athletics past the Toronto Blue Jays 7-4 on Friday night.,Sports
Iraq Working for Release of Hostages,"BEIRUT, Lebanon - Three Lebanese men and their Iraqi driver have been kidnapped in Iraq, the Lebanese Foreign Ministry said Sunday, as Iraq's prime minister said his government was working for the release of two Americans and a Briton also being held hostage.    Gunmen snatched the three Lebanese, who worked for a travel agency with a branch in Baghdad, as they drove on the highway between the capital and Fallujah on Friday night, a ministry official said...",World
Black Boxes Recovered from China Lake Crash Site," BEIJING (Reuters) - Chinese divers searching an icy lake  have recovered the two flight recorders from a commuter jet  that crashed seconds after takeoff killing 54 people, Xinhua  news agency said Wednesday.",World
HBOS walks away from Abbey,"HBOS walked away from a possible bid for Abbey National yesterday, shortening the odds sharply on a 8.7 billion recommended offer from Spanish bank Santander Central Hispano being successful.",Business
Ex-natural gas traders plead guilty to making false reports,HOUSTON Two former El Paso Corporation natural gas traders have pleaded guilty in Houston to making false reports used to calculate the commodity #39;s index price.,Business
Talks to be held for UN kidnappers,An Afghan militant group that abducted three UN workers a week ago say that the government and the United Nations have agreed to start formal negotiations for their release.,World
Hamm rebuffs FIG request,ATHENS - American gymnast Paul Hamm apparently has no intention of voluntarily giving up his Olympic gold medal in the men #39;s all-around competition.,Sports
Seven die in Japan  #39;suicide pact #39;,Japanese police have found the bodies of seven young people - three women and four men - in a van in the Saitama mountains to the west of Tokyo.,World
Doubleheader in Florida filled with playoff implications,"com. There are two weeks left in Octoberquest, and most of the attention today will be on a doubleheader in Florida that was never on the original schedule.",Sports
Najaf Fighting Resumes Amid Peace Mission,"BAGHDAD, Iraq - A pared-down delegation of Iraqis arrived in Najaf by helicopter Tuesday to present radical Shiite cleric Muqtada al-Sadr with a peace proposal aimed at ending the violent insurgency wracking the holy city.    Despite the delegation's presence there, fighting intensified in Najaf, with at least one U.S...",World
Markets end lower,"In NEW YORK, the major stock indexes ended one per cent lower on Thursday after crude oil rose to a record \$53 a barrel and drug makers like Pfizer Inc and Merck  amp; Co sank on worry that the government may intensify scrutiny of that sector.",Business
Oracle Extends Bid for PeopleSoft,"Oracle has extended its \$21-per-share tender offer to PeopleSoft #39;s shareholders, which was due to expire this week. The new deadline is September 10th.",Sci/Tech
EPA Backs Nanomaterial Safety Research,"Agency awarded \$4M in grants to study the health, environmental risks posed by manufactured nanomaterials -- invisibly tiny materials revolutionizing many industries but its effects on living things remain unknown.&lt;br&gt;&lt;FONT face=""verdana,MS Sans Serif,arial,helvetica"" size=""-2"" color=""#666666""&gt;&lt;B&gt;-The Washington Post&lt;/B&gt;&lt;/FONT&gt;",Sci/Tech
New Technique Stirs a Debate in Cardiology,"A new method of diagnosing heart disease takes only seconds to conduct, but critics say the technique is ripe for overuse.",World
Feds probing Merck,"Already reeling from the Vioxx recall, Merck said late yesterday it faces a criminal investigation by the Department of Justice and an informal inquiry by the Securities and Exchange Commission.",Business
Macromedia Launches Software Version for eBay Stores,Macromedia announced a customized version of its Contribute 3 software for eBay Store sellers. Contribute 3 for eBay will allow sellers to create and customize an eBay Store without requiring technical knowledge.,Sci/Tech
Teams to lobby for Silverstone,The F1 teams will lobby Bernie Ecclestone to include the British GP on next years calendar - but admit that there isnt much they can do to sway the F1 supremo.,Sports
Tokyo Stocks Close Down (AP),AP - Tokyo stocks fell Thursday as the U.S. dollar weakened against the yen and oil prices began to rebound.,World
Kewell fit for Liverpool,Socceroo Harry Kewell has played down any injury concerns that arose from Tuesday night #39;s Confederations Cup play-off victory over the Solomon Islands and declared himself fit to take his place in the Liverpool line-up this weekend.,Sports
Outsider wins marathon,"JAPAN #39;S Mizuki Noguchi foiled premature British celebrations to win the women #39;s marathon today, beating world record-holder and scorching favourite Paula Radcliffe.",Sports
General Growth Properties to acquire Rouse for \$12.6 bn,"NEW YORK, August 20 (New Ratings)  General Growth Properties Inc (GGP.NYS), the second-largest shopping mall operator in the US, has agreed to buy Rouse Company (RSE), in a cash and debt assumptions deal worth about \$12.6 billion. ",Business
Wilkinson to miss England games,"England captain Jonny Wilkinson has been ruled out for four to six weeks with a haematoma in his right arm. The Newcastle fly-half looks certain to miss England #39;s game against Canada on 13 November, plus the ",Sports
Consortium Invests \$2.5B in NTL Assets,A consortium led by Macquarie Communications Infrastructure Group agreed Thursday to pay 1.27 billion British pounds (US\$2.5 billion; euro1.8 billion) for NTL Inc.,Business
Pats manage to shake off Bengals,They chewed up huge chunks of yardage both in the air and on the ground. But the Cincinnati Bengals on Sunday also found out the hard way that the key to ,Sports
Haitian Leader Seeks Warrant Vs. Aristide,"PORT-AU-PRINCE, Haiti - Haiti #39;s interim prime minister said Friday that he is seeking a warrant against ousted President Jean-Bertrand Aristide amid allegations of corruption.",World
SpaceShipOne Wins Ten-Million-Dollar X Prize,"Brian Binnie, a veteran US Navy aviator and one of four pilots trained to fly SpaceShipOne, piloted the spacecraft.  quot;Flying this vehicle is literally a rush, quot; he said after the historic flight.",Sci/Tech
Hamm Goes for More Gold Amid Controversy,"ATHENS, Greece - Despite the controversy surrounding his gold medal in the all-around, Paul Hamm has a chance to win two more golds Sunday. The American will compete in the finals of the pommel horse and the floor exercise - the latter against his twin brother, Morgan...",World
Madonna 'tops tour takings chart',"Madonna made more money from touring than any other star in 2004, with \$125m, Billboard magazine says.",World
Trio of talented backs lift Vikings,Minnesota Vikings running back Michael Bennett watched the season #39;s first five games from the sideline with a knee injury. Anxiety over recovering from injury eventually led to concern ,Sports
Update 2: Gilead Sciences Stocks Rise Six Percent,"Biotechnology stocks were trading down marginally Thursday afternoon with the large exception of Gilead Sciences Inc., whose shares were boosted by good results for an HIV treatment.",Business
Twins and Yankees Tied 5-5 After 11,"NEW YORK - Mariano Rivera failed to hold a two-run lead in the eighth, and the Minnesota Twins and New York Yankees were tied at 5 after 11 innings Wednesday night in Game 2 of their best-of-five series in the AL playoffs.    Derek Jeter, Gary Sheffield and Alex Rodriguez homered to back Jon Lieber, but Minnesota rallied from a 5-3 deficit, ending Rivera's 12-for-12 mark in postseason save chances at Yankee Stadium...",World
"DA still determining charges, if any","OAKLAND, Calif. -- Prosecutors are expected to ask for a continuance in the case of Rangers relief pitcher Frank Francisco at a preliminary court hearing scheduled for Wednesday afternoon.",Sports
Aragones in trouble over racist remark,Madrid: Spain coach Luis Aragones landed himself in trouble on Wednesday after appearing to make a racist comment about French striker Thierry Henry during a training session.,Sports
Baghdad Car Bomb Kills at Least 5 and Leaves Up to 29 Wounded,"A car bomb exploded today near the Ministry of Education in a busy Baghdad commercial area, killing at least five people and wounding up to 29, officials said.",World
World Trade Center Insurance Payoff Increased by Jury,"A New York Jury ruled that the two planes that hit the World Trade Center on September 11, 2001 were two separate events instead of one which increased the insurers liability by at least \$140 million.",Business
Greenspan predicts years of oil uncertainty,"The world will be living with volatile oil prices for years to come, but this years price spike should not be serious enough to push the US into a recession, US Federal Reserve Chairman Alan Greenspan said yesterday.",Business
"U.S. Air, Ground Forces Pound Iraqi Militia Posts (Reuters)","Reuters - U.S. aircraft and tanks pounded\Shi'ite militia positions around a holy shrine and ancient\cemetery in Najaf early on Friday, witnesses said.",World
Iraq war debate fuelled by report,A key US report saying Saddam Hussein had no WMD intensifies debate on the justification for war with Iraq.,World
Webber not excited about rejoining Pizzonia,New Williams-BMW lead driver Mark Webber of Australia isn #39;t excited about the prospect of reuniting with former Jaguar team-mate Antonio Pizzonia of Brazil in Formula 1. Webber was hoping to be Williams #39; second ,Sports
Who's Left From Bush's First-Term Cabinet (AP),AP - A look at the six people in President Bush's 15-member Cabinet who will remain in the administration in the second term:,World
Wheeling-Pittsburgh Closes Stock Offer,"Wheeling-Pittsburgh Corp., a metal products company, on Wednesday it has closed a public offering of 3.65 million common shares that helped raise \$100 million to be used to pay down debt.",Business
Panda playground in Wolong unwired,China #39;s Wolong Nature Reserve is unwired to aid researchers in the study of the endangered giant panda. A broadband and wireless communications network within China #39;s Wolong ,Sci/Tech
Today's schedule,"College basketball: Men -- Hofstra at Dartmouth, 7 p.m. Pro basketball: Utah vs. Celtics at the FleetCenter, 7:30 p.m.",Sports
"New US tariffs on shrimp from China, Vietnam may help US shrimpers","Some Chinese shrimp exporters will have to pay discouragingly hefty tariffs of more than 100 percent if they want their products to appear on American dinner tables, the Commerce Department ruled Tuesday.",Business
Blair undecided on Iraq troop movement,British Prime Minister Tony Blair says his Government has made no decision on whether to send 650 troops in Iraq to relieve US forces in potentially more dangerous parts of the country.,World
Paul cracks code to go on mission for England,"THE perception now is that rugby leagues best qualities have been absorbed by rugby union, considering the influence of its former adherents in the England team that ",Sports
A nice change in Ottawa,"Speaking recently at the Calgary Chamber of Commerce, new Environment Minister Stephane Dion seemed to support a more science-based approach to environmental policy-making when he said,  quot;We need better science.",Business
Sri Lankan rebel leader threatens to launch freedom struggle,"The Liberation Tigers of Tamil Eelam (LTTE) leader said Saturday the rebels would be compelled tolaunch the freedom struggle for the Tamil nation if peace talks were further delayed, the pro-rebel website TamilNet said.",World
"Microsoft offers insurance Linux can #39;t, Ballmer says",An e-mail Microsoft Chief Executive Steve Ballmer sent to customers around the world yesterday highlighted a new thrust in Microsoft #39;s campaign against Linux.,Sci/Tech
Pioneering NASA Engineer Max Faget Dead at 83,"Pioneering NASA engineer Maxime Faget, who designed the Project Mercury capsule that carried the first US astronauts into space and worked on every subsequent manned spacecraft including the space shuttle, has died at the age of 83 ",Sci/Tech
"1,000 People May Be in Russian School","BESLAN, Russia - Heavily armed militants who seized a school three days ago are holding at least 1,000 students, teachers and parents hostage inside the building, far more than previously thought, a released hostage and a regional official said.    Russian officials had said that about 350 people were being held by raiders who seized the school in the North Ossetian city of Beslan on Wednesday...",World
Dwindling Atlantic Salmon Still King on Canada River (Reuters),Reuters - Atlantic salmon\once teemed up the rivers of eastern Canada in staggering\numbers to spawn in an annual ritual that put the biological\richness of the region on full display.,Sci/Tech
US hits Mosul,The US military attacked rebel targets in Mosul with air and ground fire yesterday after an upsurge in violence in the northern Iraqi city.,World
Myanmar army strongman to meet Indian premier on  #39;historic #39; visit,"NEW DELHI: Myanmar army strongman General Than Shwe was due to meet Indian premier Manmohan Singh, leader of the world #39;s biggest democracy, in New Delhi as the neighbouring nations sought stronger ties.",World
Ravens Wait for Sanders,"While Deion Sanders's return appears more and more imminent, the major remaining question is when the former star will join the Baltimore Ravens.",Sports
Pension plan disclosures urged,Senator Edward M. Kennedy yesterday said he would press US pension plans to disclose proxy votes on the stocks they hold -- as mutual funds must now do -- in response to a government report calling for greater transparency in pensions affecting 100 million workers and \$4 trillion of assets.,Business
Jordan vows to fight for survival,Jordan #39;s boss Eddie Jordan promised here on Thursday that he would fight to stay in next season #39;s Formula One championship despite the tough situation he faces.,Sports
Security problems keeping food from hungry Haiti flood victims,"As desperately hungry flood victims wander the streets of Gonaives searching for help, tons of food aid is piling up in a warehouse guarded by UN peacekeepers.",World
"Cisco, Microsoft pledge security interoperability",The companies plan to share security features to help customers protect their networks from worms and viruses.,Sci/Tech
Gerrard says criticism will spur England win,"Where there is Steven Gerrard, there is hope. England #39;s warrior of a midfielder flew into this unglamorous Silesian conurbation last night promising to turn all the headlines of ",Sports
No. 2 Oklahoma rolls up score on Kansas,"Sooners, who are 3rd in BCS standings, pass for TD with less than minute left. With the Kansas defense smothering Oklahoma #39;s Heisman hopeful, the Sooner who already has the trophy took over.",Sports
Ballmer #39;s Linux Spin,Microsoft #39;s CEO argues that Windows is cheaper and more secure than its open-source rival. Do the facts support him? By John Foley.,Sci/Tech
Why we must watch Chavez,"A discussion of Venezuela #39;s political crisis should not begin or end with a cautionary parable about Herbert Mathews, but his image is hard to shake.",Business
Mozilla mulls desktop search integration for Firefox,"The Mozilla Foundation is busy planning enhancements to its new open-source Firefox Web browser, including the possibility of integrating it with a variety of desktop search tools.",Sci/Tech
SBC Gives Microsoft \$400 Mln Internet TV Deal,"SBC Communications SBC.N will pay Microsoft Corp. MSFT.O at least \$400 million over 10 years for technology to help SBC sell video services over its upgraded broadband lines, the companies said Wednesday.",Business
Cargill sells a number of its steel operations for \$266 million,"Cargill Inc. in Minnetonka has sold eight of its steel-making facilities, including operations in St. Paul and Duluth, to Gerdau Ameristeel in Toronto for a total of \$266 million.",Business
"Rice wants more action, here or somewhere else","After spending part of his 42nd birthday Wednesday reiterating his dissatisfaction with his shrinking role with the Raiders and expressing his desire to play somewhere else, Jerry Rice scheduled an evening meeting with owner Al Davis to discuss the state ",Sports
Panel Votes to Transfer Airwaves to Groups,"Committee votes to transfer airwaves to public safety groups but includes a provision that critics say could allow broadcasters to delay the move indefinitely. &lt;br&gt;&lt;FONT face=""verdana,MS Sans Serif,arial,helvetica"" size=""-2"" color=""#666666""&gt;&lt;B&gt;-The Washington Post&lt;/b&gt;&lt;/font&gt;",Sci/Tech
Apple Plans EU Expansion of iTunes Next Month," BERLIN (Reuters) - Apple Computer is planning the next wave  of expansion for its popular iTunes online music store with a  multi-country European launch in October, the services chief  architect said on Wednesday.",Sci/Tech
US rates won #39;t hit home,"THE decision by the US Federal Reserve to raise interest rates for the third month in a row would have little effect on the Reserve Bank of Australia #39;s deliberations on monetary policy, economists said yesterday.",Business
"ON SOCCER 82,000 empty seats greet Madrid, Roma","When Roma and Real Madrid took to the field Wednesday at the 82,000-seat Olympic Stadium in Rome, they walked into an empty stadium.",Sports
FCC to regulate more of the Internet,BOSTON -- It #39;s likely the federal government will be handing down a set of rules for voice communication over the Internet. FCC Chairman Michael Powell said he will seek a broad set of rules to cover what ,Sci/Tech
"A Tiger-like run, a Vijay-like year for Sorenstam","And her four-year run as the No. 1 player on the LPGA Tour is equally impressive, if not more, to the way Tiger Woods dominated the PGA Tour during a five-year stretch.",Sports
So you want to be a cybercrook...,"According to security firm Sophos, the kits allow users to design sites that have the same look and feel as legitimate online banking sites that can then be used to defraud unsuspecting users by getting them to reveal the details of their financial ...",Sci/Tech
Friday #39;s Sports In Brief,"Elena Dementieva outlasted Jennifer Capriati 6-0, 2-6, 7-6 (5) to set up all-Russian women #39;s final at the US Open. Earlier, Svetlana Kuznetsova became the first Russian woman to reach the Open final when she beat a limping Lindsay Davenport 1-6, 6-2, 6-4.",Sports
Amazon Launches A9 Web Search Service,"Amazon.com Inc. (AMZN.O: Quote, Profile, Research) unit A9.com on Wednesday unveiled the new version of its Web search service, the latest salvo in the cut-throat sector dominated by Amazon partner -- and rival -- Google Inc.",Business
Hypnosis 'reduces cancer pain',"\Childhood cancer patients suffer less pain when placed under hypnosis, scientists have claimed.",Sci/Tech
Virgin plans China mobile service,Virgin boss Sir Richard Branson has said the group is in talks with a Chinese company over setting up a mobile phone service in mainland China.,Business
"U.S. Factory Orders, Jobless Claims Up"," WASHINGTON (Reuters) - Booming orders for new military  aircraft boosted overall orders to U.S. factories by 0.5  percent to a seasonally adjusted \$371.51 billion in October,  the Commerce Department said on Thursday, though demand was  flat when defense was excluded.",Business
Cubs-Marlins to Play Two Doubleheaders (AP),AP - The Chicago Cubs and Florida Marlins will play two doubleheaders to make up the three-game series that was wiped out last weekend in Miami by Hurricane Frances.,Sports
Oil prices fall 14 per cent in a week,"NEW YORK - Crude oil futures fell for a fourth day Friday, settling below \$43 a barrel for the first time since August and extending the week #39;s decline in oil prices to 14 per cent.",Business
"Stocks Slide on Oil Prices, Earnings","NEW YORK - Investors sent stocks lower Tuesday as oil prices crossed another milestone, \$54 per barrel. Earnings reports from heavyweights Johnson   Johnson and Merrill Lynch   Co...",World
Palestinian attack kills woman in Gaza settlement,"A Palestinian mortar bomb slammed into a house in a Jewish settlement in the Gaza Strip on Friday, killing a woman and fueling settler anger over Prime Minister Ariel Sharon #39;s plan to pull Israelis out of the occupied region.",World
Preview: day six,Day six of the Olympics will see Great Britain's Nathan Robertson and Gail Emms go for gold in badminton.,Sports
Seven die in Japan 'suicide pact',Mass suicide is suspected after Japanese police find seven people dead in a van in mountains near Tokyo.,World
Underestimating Bob Evans #39; contributions,Your statements (re: the S/360)  quot;...It was the first mainframe that allowed different applications to be run simultaneously ... quot; and  quot;..Before the S/360 appeared on the scene each computer was unique .. quot; are utterly wrong and do not give the IBM System ,Sci/Tech
Boro #39;s Mendieta lost for season,"Middlesbrough, England (Sports Network) - Middlesbrough midfielder Gaizka Mendieta will miss the rest of the season after injuring his knee Sunday against Portsmouth.",Sports
Robertson Stevens settles timing case for \$30 million,"The Robertson Stevens Investments firm agreed to pay \$30 million to settled allegations it allowed  quot;excessive quot; market timing in its mutual funds, New York Attorney General Eliot Spitzer said Wednesday.",Business
Snow says US committed to reducing budget deficit (AFP),"AFP - US Treasury Secretary John Snow said that Washington was committed to reducing its budget deficit, which he acknowledged was  quot;too large quot;.",Business
Wenger:  #39;The referee #39;s decision made the difference #39;,Arsene Wenger was predictably fuming at referee Mike Riley following the  #39;homer #39; referees incredible decisions at Old Trafford.,Sports
Oil Up 6 Pct as Heating Oil Stocks Fall," LONDON (Reuters) - Oil prices surged more than two dollars  on Wednesday as the U.S. government reported a fall in heating  oil stocks and cold weather gripped the U.S. Northeast, the  world's biggest heating fuel market.",Business
"Els, Westwood win Match Play semifinals",Titleholder Ernie Els moved within sight of a record sixth World Match Play title on Saturday by solving a putting problem to overcome injured Irishman Padraig Harrington 5 and 4.,Sports
"New X prize sets sights on science, technology and social &lt;b&gt;...&lt;/b&gt;",The X Prize Foundation and the World Technology Network announced today the formation of a joint venture to launch a series of technology incentive prizes to help spur innovation ,Sci/Tech
"Russia, France 2-0 up",Russia and France are on track for a meeting in the Fed Cup final in Moscow after both teams took 2-0 leads following the first day of their respective semi-finals.,Sports
Sudan: U.S. Genocide Label May Hurt Talks (AP),"AP - The U.S. declaration that government-backed militiamen have committed genocide in Darfur is a ""big mistake"" that could hinder peace talks and undermine the role of African mediators in the conflict, Sudan's top officials said Friday.",World
Mozilla Firefox 1.0 Preview Release,"After a year in development Mozilla Firefox has finally reached version 1.0, and this Preview Release has recently been made available.",Sci/Tech
"Security, Poverty, Reconstruction Emerge As Key Issues As Election &lt;b&gt;...&lt;/b&gt;",Campaigning in Afghanistan #39;s presidential election officially began today. Afghan Transitional Administration Chairman Hamid Karzai and his 17 opponents have 30 days to try to win support from more than 10 million registered voters.,World
"Tax bill modified; Harkin, Grassley disagree",A key issue in the \$140 billion bill involves removing Food and Drug Administration regulation from tobacco products. Updates in tax law to help agricultural cooperatives.,Business
E-Vote Recount Rule in Dispute,Officials in Florida are once again up in arms over recount procedures. The latest imbroglio follows a controversial ruling on touch-screen voting machines that was delivered days before a statewide primary. By Jacob Ogles.,Sci/Tech
Astros Find New Meaning in Their Once-Lost Season,The Houston Astros are rising from the dead and playing the way their hierarchy and others thought they would play all season.,Sports
Burt Rutan: Building  #39;Tomorrowland #39; One Launch at a Time,"MOJAVE, California -- Nobody can claim that Burt Rutan, the innovative aerospace designer, doesn #39;t have his head in the cloudsand his eyes focused on the stars.",Sci/Tech
Lee on his last chance for Test,"Brett Lee will have one last chance to convince selectors he is worth a place in Australia #39;s first Test side against India as the tourists take on Mumbai in their only warm-up match here, starting tomorrow.",Sports
Cognos Offers SK390.8 Mln for Frango; Stock Surges (Update3),"Cognos Inc., the largest Canadian software maker, offered to buy Sweden #39;s Frango AB for 390.8 million kronor (\$51.7 million) to expand in corporate performance management software.",Business
Bill to resume nuclear activities,"IRANIAN MPs have submitted a bill which would force the government to resume uranium enrichment, a key process in the nuclear fuel cycle, in defiance of the international community, a deputy said today.",World
Bangladeshi opposition calls for today strike,Bangladeshs main opposition party has called for a fourth strike day in a week today to protest against a deadly grenade attack.,World
"Consumer Prices Decline, Housing Rebounds","WASHINGTON - Consumer prices fell by 0.1 percent in July as gasoline prices dropped while output at factories and housing construction posted healthy rebounds, offering hope the economy has escaped this summer's ""soft patch.""   The Labor Department said Tuesday that the decline in its closely watched Consumer Price Index was the first decrease since a 0.2 percent drop last November. The CPI had been up 0.3 percent in June and an even sharper 0.6 percent in May, reflecting big jumps in energy costs...",World
Shell restructures Dutch gas business,The Dutch government is taking control of its country #39;s gas transport network in a deal that analysts say will boost competition in the Netherlands and ease the way for the creation of a single European gas market.,Business
Scientist Finds Moon Rock on Antarctica (AP),AP - University of New Mexico researcher Barbara Cohen now knows for certain that the rock she found while trolling the barren Antarctica landscape is special.,Sci/Tech
"A Sailor Man, 75, Gets a Digital Nip and Tuck","This week, Popeye made his debut as a computer-generated 3-D character in a 44-minute movie called ""Popeye's Voyage: The Quest for Pappy,"" available on DVD.",Sci/Tech
The papers consider a future without the Palestinian leader," quot;With uncertainty surrounding the health of Yasser Arafat, the Palestinian president, the question ... being asked in the Middle East, and probably the corridors of the White House is: what of the future?",World
Texas A M Tops Texas Tech 32-25 in OT (AP),"AP - Courtney Lewis scored on a 25-yard run on the first play of overtime and Melvin Bullitt swatted away Sonny Cumbie's fourth-down pass into the end zone, sending the Aggies to a thrilling 32-25 win over Texas Tech on Saturday.",Sports
"TI Profit Up on Cellular, TV Chip Sales"," SAN FRANCISCO (Reuters) - Texas Instruments Inc. &lt;A HREF=""http://www.investor.reuters.com/FullQuote.aspx?ticker=TXN.N target=/stocks/quickinfo/fullquote""&gt;TXN.N&lt;/A&gt;,  the largest maker of chips for cellular phones, on Monday said  record demand for its handset and television chips boosted  quarterly profit by 26 percent, even as it struggles with a  nagging inventory problem.",Business
Unlikely Visionary Behind Race to Space (AP),"AP - SpaceShipOne visionary Peter Diamandis wasn't thinking about history as he stood in the Mojave desert and watched a small, shuttlecock-shaped craft glide back to Earth having nudged the edge of space. He just thought it looked beautiful.",Sci/Tech
Prineville #39;s Backman already out as Ariz. manager,November 5 - Prineville resident Wally Backman #39;s managerial tenure in Arizona is over before it even officially began. The Diamondbacks held a press conference Friday morning to announce that they have ended ,Sports
DTM deal ends Mika/ Williams rumours,Stories about Mika Hakkinen driving for Williams next year have proven to be nothing but fairytales as the Finn has signed to race in Germany #39;s DTM Touring Car Championship.,Sports
Strong Quake Kills at Least 3 in Northern Japan,"An earthquake with a preliminary magnitude of 6.8 and several aftershocks hit northern Japan on Saturday, killing at least three people and injuring more than 250 while knocking ",World
UCB up after deal to sell unit to Cytec for \$1.86 bln,LONDON (CBS.MW) -- Belgian pharmaceutical UCB rose 1.2 percent in mid-morning trade after the group agreed to sell its Surface Specialties business to Cytec Industries (CYT) for 1.5 billion euros (\$1.,Business
United pilots set to vote on pay cut,"SAN FRANCISCO (CBS.MW) -- Pilot leaders at United Airlines unanimously endorsed a tentative agreement that will cut pay by 15 percent, opting to accept management #39;s demands rather than risk the chance of losing more in federal bankruptcy court.",Business
News: Sprint sued over alleged vice hacks,"A Las Vegas adult entertainment operator sues his local telephone company in federal court for \$30 million, ressurecting charges that phone hackers crippled his business.\",Sci/Tech
CA set to buy Netegrity for 241m,"Computer Associates plans to buy security software firm Netegrity, in a deal valued at \$430 million (241m). The acquisition will strengthen the firm #39;s position in the IT security market and builds on last ",Business
Gilchrist Keeps Working,The 15th-ranked Terps will look to John Gilchrist to take a central leadership role as they open the season against Jackson State.,Sports
Chelsea still on course after Arsenal draw,"Chelsea have preserved their five-point lead over champions Arsenal after their pulsating London derby finished 2-2 at Highbury. Thierry Henry, who scored both the home side #39;s goals, took ",Sports
Merck Sees 2005 Profit Hurt by Vioxx,"Merck  amp; Co. Inc.(MRK), reeling from the recent withdrawal of its Vioxx arthritis drug, said Wednesday it expects 2005 earnings of \$2.42 to \$2.52 a share -- a decline from expected 2004 results.",Business
Islamic group posts alleged pictures of Nepalese abducted in Iraq (AFP),AFP - An Islamic militant group published on a website the alleged pictures of twelve Nepalese citizens whom it said it had abducted for cooperating with US forces in Iraq.,World
Cisco flaw opens networks to attacks,Cisco has warned in a security advisory that some networks with its routers could be vulnerable to denial-of-service attacks. ,Sci/Tech
Sony: PSP will ship by year #39;s end,Sony has once again reiterated its plan to ship PlayStation Portable (PSP) in Japan by the end of the year and in Europe and the US during Q1 2005.,Sci/Tech
Radcliffe decides to race in NYC Marathon,"Paula Radcliffe decided there was only one way to get over the heartbreak of twin failures at the Athens Olympics: race again. She will do that Nov. 7 in the New York City Marathon, less than three months ",Sports
Bucs' Galloway Will Miss Four to Six Weeks (AP),AP - Tampa Bay's sputtering offense suffered a major blow Monday when the team learned receiver Joey Galloway will miss four to six weeks after aggravating a groin injury.,Sports
Palestinians Urge U.N. Vote Against Israel,"UNITED NATIONS - The Palestinians pushed for the quick adoption of a U.N. Security Council resolution demanding an end to the massive Israeli thrust into the Gaza Strip, despite opposition by the United States...",World
"Oracle, PeopleSoft Merger Approved","Software maker PeopleSoft Inc. announced Monday that it had agreed to be acquired by Oracle Corp. in a \$10.3 billion deal, ending one of the longest, nastiest takeover battles in recent corporate history. &lt;FONT face=""verdana,MS Sans Serif,arial,helvetica"" size=""-2"" color=""#666666""&gt;&lt;B&gt;-The Washington Post&lt;/b&gt;&lt;/font&gt;",Sci/Tech
Tamil Tigers still enlisting thousands of child soldiers,"Thousands of child soldiers have been forcibly recruited by Tamil Tiger rebels in Sri Lanka despite a ceasefire called in 2002 between the government and the separatists, Human Rights Watch said yesterday.",World
DreamWorks Spinoff Sees Shares Rise 38 1st Day,Shares of DreamWorks Animation Inc. soared nearly 38 percent on the first day of trading Thursday as investors anticipated Shrek-sized profits from the computer animation film studio.,Business
Midwest business activity grows,"Business activity in the US Midwest expanded in September at a faster rate than expected, with employment growing in step with a jump in new orders, a report showed Thursday.",Business
UPDATE 1-Argentina files \$100 bln restructuring with US SEC,"Argentina submitted on Monday to the US Securities and Exchange Commission its offer to restructure \$100 billion in defaulted debt, clearing the way for a world-record debt swap, Economy Ministry spokesman ",Business
Determined Davenport reclaims world number one spot,"American second seed Lindsay Davenport became the WTA #39;s new world No. 1 following her 6-4, 6-2 win over Dinara Safina of Russia in the second round of the \$2.",Sports
CB #39;s forced fumble halts Packers #39; attack,"For most of the first 54 minutes of Sunday #39;s game, Indianapolis Colts cornerback Jason David was definitely a marked man, a rookie fourth-round draft choice who could almost ",Sports
Firefox Browser On An Upward Trend,"carbolic writes  quot;The Firefox browser is ramping up as fast as Internet Explorer is ramping down. According to these stats posted from the Engadget logfiles, IE has dropped to 57 of all browsers used to visit ",Sci/Tech
Add-On Toolkit For Outlook Cuts Clutter,A small Oregon-based company on Wednesday released a set of integrated add-on tools for Microsoft #39;s Outlook e-mail client. ,Sci/Tech
Calls for Sadr militia to disarm,"NAJAF, Iraq (Reuters) - Iraq #39;s Defence Ministry has ordered Shi #39;ite militiamen in Najaf to immediately lay down their weapons and leave a holy shrine in the city. ",World
Slain Policemen Laid to Rest in Haiti (AP),AP - Gunfire crackled around Haiti's capital as hundreds of mourners gathered to bury five police officers killed in a week of violence pitting supporters of the U.S.-backed government and ousted President Jean-Bertrand Aristide.,World
Carrier delays Boeing orders,"American Airlines, the world #39;s largest carrier, said Monday that it would delay the deliveries of 54 Boeing planes to save \$2.7 billion through 2010.",Business
Microsoft DRM monopoly fears,p2pnet.net News:- European Union antitrust regulators will launch an investigation into whether or not the proposed Microsoft-Time Warner joint acquisition of a US DRM company will strengthen Microsoft #39;s  quot;already leading position quot; in the DRM solutions ,Business
"Santander Net Soars on Consumer Banking, Stake Sale (Update5)","Santander Central Hispano SA, the largest bank in Spain and Latin America, almost doubled third- quarter profit on gains at its European consumer lending business and the sale of a stake in Royal Bank of Scotland Group Plc.",Business
"Manmohan to hold talks with Bush, Musharraf","New York, Sept. 20 (PTI): Prime Minister Manmohan Singh, arrives here tonight for the first major diplomatic engagement that includes his talks with US President George W Bush, and Pakistan President Pervez ",World
"Federal surplus at least  #36;8.9 billion but clouds on horizon, says Goodale (Canadian Press)","Canadian Press - OTTAWA (CP) - A strong domestic economy and healthy global demand means Ottawa is on pace to record another whopping budget surplus -  #36;8.9 billion - this fiscal year, says Finance Minister Ralph Goodale.",World
Airbus hits back at Boeing over aid,AIRBUS said last night that the move by the United States to file a complaint with the World Trade Organisation reveals Boeing #39;s unwillingness to enter talks to end massive federal and state support for its new 7E7 Dreamliner.,Business
-Posted by david.berlind  2:39 pm (PDT),What a strange weekend it has been for the most prolific CxO-cum-blogger in the high tech industry - Sun COO and presidentJonathan Schwartz.,Sci/Tech
New Genetic Link Found to Crib Deaths (Reuters),"Reuters - A collection of genes involved in\early development may help explain why black babies are more at\risk of sudden infant death syndrome than other U.S. groups,\researchers said on Thursday.",Sci/Tech
Glitch Still Irks Gibbs,"At his weekly press conference Monday, Joe Gibbs was still upset about a technical glitch that left him unable to talk to his quarterback or hear from his assistant coaches in the third quarter of Sunday's loss.",Sports
"WRAPUP 2-US factory, construction data show solid growth","US factory growth stayed strong in September according to reports on Friday, while construction spending in the prior month hit a record high for a seventh month ",Business
"Mobile Phones Increase Tumor Risk, Study Says"," STOCKHOLM (Reuters) - Ten or more years of mobile phone use  increases the risk of developing acoustic neuroma, a benign  tumor on the auditory nerve, according to a study released on  Wednesday by Sweden's Karolinska Institute.",Sci/Tech
Nicol's worth to be determined,"The Los Angeles Galaxy recently fired coach Sigi Schmid while the team was in first place. Last week, newly founded Chivas USA went across the country to hire Thomas Rongen. The moves were not totally unrelated. They created controversy and stimulated interest, which is bound to increase as the teams will be sharing the Home Depot Center as their home ...",Sports
Beltre leaving LA for Seattle,"CBC SPORTS ONLINE - The Seattle Mariners continued efforts to bulk up their anemic offence Thursday, signing free-agent third baseman Adrian Beltre to lucrative contract.",Sports
Mars Orbiter Sees Rover Tracks Among Thousands of New Images,"Jet Propulsion Lab -- NASA's Mars Global Surveyor, starting its third mission extension this week after seven years of orbiting Mars, is using an innovative technique to capture pictures even sharper than most of the more than 170,000 it has already produced.     One dramatic example from the spacecraft's Mars Orbiter Camera shows wheel tracks of NASA's Mars Exploration Rover Spirit and the rover itself...",Sci/Tech
Bodies of 2 Turkish hostages found,The bodies of two Turkish hostages have been found in the northern Iraqi town of Baiji. Qatar-based al-Jazeera satellite TV reported that the two Turkish captives had apparently been killed by gunfire.,World
Sun unveils UltraSparc IV,It will be Sun's first chip to be built with a 90-nanometer process technology and it will have a higher clock speed and larger and more flexible memory caches than the current generation of UltraSparc IV processors.,Sci/Tech
Security questions over Sinai attacks,"Egypt #39;s south-east Sinai peninsula is a sea-and-desert playground drawing hundreds of thousands of tourists every year. The most numerous foreigners are Israelis, and they flock to the Sinai in larger numbers than to any other destination.",World
Tony Blairs office plays down reports of Feb elections,LONDON: Tony Blairs office played down reports on Sunday that the British prime minister plans to call a snap general election in February.,World
NBA Game Summary - Chicago at Phoenix,"Joe Johnson registered 11 points for the Suns, who posted a season-low 12 points in the third quarter...Tyson Chandler finished with 10 points and nine boards for the Bulls, who fell to 0-6 on the road this season...Casey Jacobsen and Leandro Barbosa ",Sports
Phone company to cut 700 jobs,"OVERLAND PARK, Kan. Sprint plans to cut 700 jobs in its business solutions division. It will also take a charge against earnings in its third quarter to reflect a decline in value of its long-distance assets.",Business
IBM gives grants to universities,IBM Research will underwrite 20 research projects with grants under its Shared University Research Program.,Sci/Tech
Belarusian Chief Sees Vote As Mandate,"Belarus President Alexander Lukashenko, 50, is seen during a news conference in Minsk, Monday, Oct. 18, 2004. According to the Central Elections Commission a preliminary tally of ballots from Sunday #39;s election ",World
Mariners re-sign longtime C Wilson,"Seattle, WA (Sports Network) - The Seattle Mariners Tuesday agreed to terms with backstop Dan Wilson on a one-year contract, avoiding arbitration with the franchise #39;s all-time leader in games caught.",Sports
India to Ask Private Experts to Determine Extent of HIV Infection &lt;b&gt;...&lt;/b&gt;,"India says it will appoint private consultants to determine the number of people infected with the AIDS virus. The Indian government estimates the number at 5.1 million, the second most in the world after South Africa.",World
MPAA Bolsters Anti-Piracy Efforts,"WASHINGTON, December 15: The Motion Picture Association of America has filed suit against more than 100 file-sharing networks such as BitTorrent, Direct Connect and eDonkey, which allow users to download illegal copies of movies and television shows from ",Sci/Tech
O'Neal Takes Shot,"Shaquille O'Neal dismissed as ""ridiculous"" Kobe Bryant's allegations that O'Neal had paid up to \$1 million in hush money to various women and then took his own shot at his former teammate.",Sports
Update 2: Delta Receives Up to \$600M in Financing,A unit of American Express Co. agreed Monday to provide Delta Air Lines Inc. with up to \$600 million in financing - if the cash-strapped airline persuades its reluctant pilots to accept \$1 billion in concessions.,Business
Survivors,"For a vacationing family, it's been only two weeks since leaving a wintry Washington for sunny Sri Lanka, but it seems like several lifetimes ago. During those two weeks, they have seen both paradise and hell, and a surrealistic netherworld in between.",World
Saturn #39;s moon Titan comes into focus today,"Saturn #39;s mysterious moon Titan does a star turn today, getting a close-up from the international Cassini-Huygens space probe. Larger than Mercury and Pluto, Titan is a full-fledged ",Sci/Tech
Troubled Griffin's NBA homecoming brings 76ers sixth loss in a row (AFP),AFP - Eddie Griffin's National Basketball Association homecoming was more than the Philadelphia 76ers could handle.,Sports
Microsoft Launches Regional Versions of Hotmail (Reuters),"Reuters - Microsoft Corp., the world's largest\software maker, has expanded its flagship MSN Hotmail internet\email service to include European and Japanese domain names, it\said on Friday.",Sci/Tech
Market Underestimates Dell Consumer Electronics,Credit Suisse First Boston maintained an  quot;outperform quot; rating for Dell (nasdaq: DELL - news - people ) after the company expanded its line of consumer electronics (CE) products.,Sci/Tech
No. 18 Miami Tops No. 10 Virginia 31-21 (AP),AP - Roscoe Parrish returned a punt for a touchdown and caught a clinching touchdown pass in the final minute Saturday as Miami got back into the ACC title race by beating No. 10 Virginia 31-21.,Sports
Notable quotes Friday at the Athens Olympics," quot;I respect totally Paul Hamm and all the decisions he makes. If he says give back the medal, I respect it. Don #39;t give back the medal, I respect the decision.",Sports
"Prince William Defends Brother, Father (AP)","AP - Prince William supported the oft-criticized behavior of his brother, Prince Harry, and stuck up for his father, Prince Charles, in a rare interview with the British media published Saturday.",World
CARE halts work in Iraq after abduction,CARE today suspended its humanitarian relief efforts in Iraq one day after gunman kidnapped the British-born woman who for decades has led the group #39;s drive to improve living conditions here.,World
Microsoft Upgrades Windows XP Media Center (NewsFactor),NewsFactor - Bill Gates is about to announce a new step in Microsoft's (Nasdaq: MSFT) home-entertainment strategy.,Sci/Tech
Martian hill shows signs of ancient water,"LOS ANGELES - NASA #39;s Spirit rover has found more evidence of past water on the hills of Mars, while its twin, Opportunity, has observed a field of dunes inside a crater. ",Sci/Tech
Britain Shocked by Death of Iraq Hostage,Washington #39;s closest ally in Iraq was horrified by the beheading of a British hostage there and Prime Minister Tony Blair urged Britons not to let it undermine their support for continued involvement in the country.,World
New Zealand Unemployment Rate Declines,"New Zealand #39;s unemployment rate fell to 3.8 percent in the three months to Sept. 30, the second lowest rate in the industrialized world and the country #39;s lowest level in at least 18 years.",Business
Alert Yale defense keeps Green winless,"Alvin Cowan threw two touchdown passes and Robert Carr scored a touchdown and rushed for 164 yards to lead Yale to a 24-14 victory over winless Dartmouth yesterday in Hanover, N.H.",Sports
"GM Europe Axes 12,000 Jobs","General Motors Europe will chop 12,000 jobs over two years -- around a fifth of its workforce -- to lop 500 million euros (\$673 million ",Business
Collaboration platforms present unified front,"Binding end-user access to once disparate technologies, vendors such as IBM Lotus and Open Text are launching products designed to pull a variety of point products into a single platform.",Sci/Tech
SECOND LOOKSnapshots from the latest in college football,"The boys of Pi Kappa Phi better look out. Mississippi State pulls off the SEC stunner of this Millennium, beating Ron Zook and Florida 38-31.",Sports
Select Comfort Monthly Recap,"We keep up with what's important about Select Comfort, in case you don't have time.",Business
Mount St Helens rumbles in US,"A 3.1-magnitude earthquake shook the crater at Mount St Helens yesterday, the strongest quake at the volcano since mid-October. US Geological Survey scientists said they did not believe a major eruption was ",Sci/Tech
NASA's Longest-Serving Astronaut to Retire (AP),"AP - The longest serving astronaut in history, who flew twice to the moon and commanded the first space shuttle mission, has announced his retirement after 42 years at NASA.",Sci/Tech
Is Microsoft Taking Legal Aim at Linux?,"Opinion: Is Microsoft getting ready to explore intellectual property lawsuits against Linux and open-source software? If you can #39;t beat them, sue them?",Sci/Tech
Charitable Giving,Washington Post staff writer Jacqueline Salmon will be online to answer your questions on charities and charitable giving.,Business
Lyon seek return to winning ways,"French champions Olympique Lyon hope to regain their momentum when they meet ambitious AJ Auxerre on Saturday. The Ligue 1 leaders have won only one of their last four games, losing for the first time this ",Sports
Burns puts himself in Scotland frame,"TIMING is everything in football. The job that Tommy Burns wanted more than anything came far too soon for him. Now, one that he probably never considered may be just the right fit.",Sports
How Groups Feel About Outcome of Election (AP),"AP - Some demographics and details of voter worries about the upcoming presidential election. The poll was taken Oct. 22-24 of 1,000 adults and 856 registered voters and has a margin of sampling error of plus or minus 3 percentage points for the whole sample, slightly larger for subgroups:",World
Online map shows risk of flooding,A 30m online map is launched telling homeowners in England and Wales what risk of flooding they face.,Sci/Tech
Fears for new digital radio system,"Using power lines for the net could disrupt a new digital radio system, a broadcasting conference hears.",Sci/Tech
"185,700 FPL customers have lost power; outage could last 3 weeks",Florida Power  amp; Light Co. warned Saturday that customers in areas seriously damaged by Hurricane Jeanne may have to wait up to three weeks or more to get their power back.,Business
J.P. Morgan takes on workers as IBM outsourcing deal ends,"Undoing a technology outsourcing deal set in late 2002, J.P. Morgan Chase yesterday said it would take back 4,000 of IBM's employees who have been providing the Wall Street firm with an array of technology support services.",Business
Infineon to Pay a Fine in the Fixing of Chip Prices,Federal prosecutors cracked a global cartel that had illegally fixed prices of memory chips in personal computers and servers for three years.,Sci/Tech
Crude closes above \$52,"Crude futures have surged above 52 dollars a barrel, reaching a new high in New York. Traders were reacting to a strike threat by Nigerian oil workers and to word that petroleum output in ",Business
Silicon carbide: coming soon to a chip near you,New Japanese research into silicon carbide growth could revolutionise the electronics industry. A team of scientists has developed a method of making near-perfect silicon carbide crystals.,Sci/Tech
NHL Lockout at a Glance (AP),"AP - The NHL said Wednesday it was imposing a lockout of the players association, effective Thursday  #151; the day after the expiration of the current collective bargaining agreement.",Sports
Panasonic Shows 65-Inch Plasma Display,"Newest HDTV is the largest such device designed for consumers, company claims.",Sci/Tech
Brent crude breaks through \$50-a-barrel for first time,"NORTH Sea Brent crude surged through \$50-a-barrel for the first time yesterday, as a four-day general strike began in oil-rich Nigeria and the market fretted about out-of-action capacity in the Gulf of Mexico.",Business
Symantec to Buy Veritas for \$13.5 Billion," NEW YORK (Reuters) - Symantec Corp. &lt;A HREF=""http://www.investor.reuters.com/FullQuote.aspx?ticker=SYMC.O target=/stocks/quickinfo/fullquote""&gt;SYMC.O&lt;/A&gt;, a maker of  security software, on Thursday said it would buy storage  software maker Veritas Software Corp. &lt;A HREF=""http://www.investor.reuters.com/FullQuote.aspx?ticker=VRTS.O target=/stocks/quickinfo/fullquote""&gt;VRTS.O&lt;/A&gt; for \$13.5  billion, creating the world's fourth-largest software company.",Business
Religious Groups Compete to Court Voters (AP),"AP - In voter registration drives, sermons and voter guides, religious groups from across the ideological spectrum have intensified the level of their political activity this year, prompted in part by right-left culture clashes and the legacy of the tight presidential race in 2000.",World
Banks could refuse fraud refunds,People who ignore safety advice and lose money in online banking scams could be refused refunds by banks.,Sci/Tech
Workers at four hotels in San Francisco go on strike,Unionized workers at four San Francisco hotels went on strike Wednesday morning. A union leader called the walkout  quot;a wake-up call quot; for hotels to stimulate stalled talks.,Business
Statements by Powell About Taiwan Provoke a Diplomatic Dispute,Chinese officials praised Secretary of State Colin L. Powell on Wednesday for warning Taiwan that it is not an independent nation and should not seek to become one.,World
Saudi policeman dies in shoot-out,A Saudi security officer is killed during a shootout with suspected al Qaeda militants north of Riyadh.,World
EU welcomes Coca-Cola plan to resolve anti-trust row,The European Commission welcomed Monday proposals by Coca Cola to resolve a competition dispute focussed on deals between the drinks giant and retailers to ensure high-profile display.,Business
Dickau #39;s big shot lifts Hornets,The Hornets have experienced a Christmas miracle and his name is Dan Dickau. The recently acquired PG paved the way for just their second win all season with his game-high 23 points in a victory over Golden State.,Sports
Firefox Browser Takes Market Share From Microsoft's IE (TechWeb),"TechWeb - Although Microsoft has nearly 90 of the browser market, its share is down a full five points since May of this year. Mozilla Firefox is doing the damage, with 5.6 million copies downloaded in the last two weeks.",Sci/Tech
"Wagoner: GM looking to cut costs, but nothing drastic on tap","Lagging sales and lower-to-flat net vehicle pricing has General Motors Corp. searching for ways to trim costs, but the world #39;s largest automaker doesn #39;t expect drastic operational changes ",Business
Army wants Halliburton data on possible effect of withholding,WASHINGTON - The US Army wants to know how a threatened plan to withhold \$60 million a month in a billing dispute might affect Halliburton Co. #39;s ability to support US troops in Iraq. ,Business
Bigger Eruption Predicted at Mount St. Helens,"Scientists monitoring Mount St. Helens, which erupted with a minor explosion on Friday, said that they were expecting a more powerful explosion within a day or so.",Sci/Tech
"Wi-Fi Successor Called High-Speed Hype, for Now","Intel touts WiMax, but analysts say it likely won't go beyond niche applications.",Sci/Tech
Russia hostage takers surrounded,"A siege at a south Russian school goes into the night, with a group holding at least 200, many of them children.",World
"Citroen, Peugeot to leave rallying",Citroen and Peugeot have announced they will be withdrawing from the World Rally Championship at the end of 2005. The French manufacturers cited tough conditions in the car market for their decision.,Sports
Smaller Companies Given 45-Day Delay on Audit Certification,although not large ones - were given a reprieve yesterday from requirements imposed in the wake of the Enron and WorldCom scandals that they certify their financial controls.,Business
Web Site Takes Aim at 'Arms Race of Spin' (AP),"AP - Everywhere Duke University graduate student Brendan Nyhan and his partners in the political Web site spinsanity.com look, they see spin.",Sci/Tech
Capitalizing on Fleet exodus ,"William B. Maag spent weeks meeting Sovereign Bancorp executives at obscure suburban restaurants, taking phone calls on the sly, and hashing out a business proposal at a country club near the New Hampshire border. While his colleagues at FleetBoston Financial Corp. vied for new jobs at Bank of America Corp. after the banks' merger, Maag realized early on that the ...",Business
UK Official Confirms Minister Blunkett Resigned," LONDON (Reuters) - Senior British government minister David  Blunkett, a trusted ally of Prime Minister Tony Blair, resigned  on Wednesday, a government official confirmed.",World
Munch's 'Scream' Is Stolen From a Crowded Museum in Oslo,"Edvard Munch's masterpiece, ""The Scream,"" and another painting were grabbed off the wall of a crowded museum by armed robbers.",World
"SuperSonics 103, Timberwolves 92","Rashard Lewis scored 27 points, Ray Allen added 24 and the SuperSonics again shot well from 3-point range in a 103-92 victory over the Minnesota Timberwolves on Tuesday night.",Sports
"Bonds #39; 700th home run ball: It #39;s going, going, gone for \$804,129","It was no ordinary baseball, but the baseball that Barry Bonds hit over the left-field fence last month at SBC Park in San Francisco for his 700th career homer and promptly was put on the online auction block.",Sports
Equatorial Guinea  quot;mercenary quot; not mastermind-lawyer,"A suspected South African mercenary on trial in Equatorial Guinea agreed to take part in a plot to oust the country #39;s president but was not responsible for masterminding it, his lawyer said on Tuesday.",World
INTERVIEW: Australia #39;s Cochlear To Ramp Up Output,SYDNEY (Dow Jones)--Australian ear implant maker Cochlear Ltd. (COH.AU) said Monday it has moved quickly to lift production to meet increased demand from doctors following ,Business
Falcons Sign Crumpler to Contract Extension (Reuters),Reuters - The Atlanta Falcons\Monday signed Pro Bowl tight end Alge Crumpler to a six-year\contract extension.,Sports
"Barcelona Testing, Day 3, 26/11/04",A trouble-free day for Franck and Giancarlo as they completed almost 200 laps of Barcelona.,Sports
New Super 12 teams still up in the air,The Australian Rugby Union yesterday denied South African reports that the blueprint for an expanded Super 12 competition had been completed and would not include a team from Melbourne.,Sports
"Omar escapes bid on life, one killed","Srinagar, October 24: National Conference president Omar Abdullah on Sunday escaped an attempt on his life when militants triggered a powerful blast as he reached a graveyard in Anantnag district to attend a ceremony for slain party leader.",World
Lonard wins with a birdie barrage,So it is no more than apt that Peter Lonard should yesterday add to the tradition in the 100th staging of Australia #39;s oldest and greatest golf championship.,Sports
"Yahoo Pares Google Stake, Sells \$191M","Yahoo Inc. said Friday it sold \$191 million in Google Inc. stock in that company's initial public offering, cashing out some of the 2.7 million shares Google gave Yahoo this month to settle two disputes.",Sci/Tech
Solving the climate crisis: New study cites serious impacts in &lt;b&gt;...&lt;/b&gt;,"A new report on global warming #39;s impacts on Oregon and the rest of the Northwest may fall short of Hollywood blockbuster standards, but it demonstrates the need for a strong, cohesive national strategy to reduce greenhouse gas emissions.",Sci/Tech
Clinton Library Reflects Its Subject's Volatile Era,"The William J. Clinton Presidential Center, in Little Rock, Ark., which is to be dedicated on Thursday, sprawls across eight years of big ambitions and small details.",World
BearingPoint Leader Plans Shake-Up,"Analysts speculate that company is a possible target to be acquired and that big operational changes are in store for the 16,557-person technology consulting firm.",Business
Athens Slides Back Into Traffic Anarchy (AP),"AP - Taxi driver Manuel Pircolos is fuming. At a dead-stop in traffic, he chain smokes, drums his fingers on the dashboard, and sums up life behind the wheel.",World
Broker #39;s books \$5m short,A \$5 million shortfall in client funds has been discovered after Wellington-based discount broker Access Brokerage was placed into liquidation yesterday.,Business
Wetherspoon ends run of profit rises,"JD Wetherspoon, the pubs chain renowned for converting banks into boozers throughout the 90s, has posted its first profit decline since it floated 12 years ago, and warned that 2005 will be another  quot;difficult year quot;.",Business
IMF Sees Robust US Growth,"Robust US economic growth will likely continue into 2005, but authorities should cut the budget deficit to reduce the risk to growth, International Monetary Fund Managing Director Rodrigo Rato said.",Business
Australian bank group reports record profit,SYDNEY Australia  amp; New Zealand Banking Group said Tuesday that second-half profit rose 17 percent to a record after it bought New Zealand #39;s biggest bank and raised lending to businesses as they increased investment.,Business
African Union Expands Peacekeeping Role in Sudan,"The African Union has agreed to expand its peacekeeping force in Sudan #39;s Darfur region. The move comes as the Sudanese government begins peace talks in Abuja, Nigeria, with Darfur #39;s two rebels groups.",World
Kansas City vs. Baltimore,BALTIMORE (Ticker) -- The Kansas City Chiefs would like a repeat performance of last year #39;s meeting against the Baltimore Ravens.,Sports
Vote observers: access to US polling places difficult (AFP),AFP - An international human rights group said its observers for the 2004 US election found access to polling stations difficult in Florida and Ohio.,World
Bluetooth For Multi-Player Gaming?,"The Bluetooth Special Interest Group has unveiled a roadmap that outlines updates to the technology in performance, security, power optimization and usability.",Sci/Tech
PolyFuel Announces Breakthrough Technology Advance For Automotive &lt;b&gt;...&lt;/b&gt;,"MOUNTAIN VIEW, CALIF - October 5, 2004 -olyFuel, a world leader in engineered membranes for fuel cells, announced today a breakthrough in technology that could ultimately make hydrogen fuel cell-powered automobiles a commercial reality.",Business
Sony Launches MP3 Walkmans to Counter IPod," LONDON (Reuters) - Sony Corp &lt;A HREF=""http://www.reuters.co.uk/financeQuoteLookup.jhtml?ticker=6758.T qtype=sym infotype=info qcat=news""&gt;6758.T&lt;/A&gt; launched its first  MP3-compatible flash memory digital music players under the  Walkman name on Monday in the latest bid to reclaim the lead in  a market it has lost to Apple Computer's iPod.",Sci/Tech
"US, N.Korea Meet, But No Agreement Reached on Six-Party Talks",North Korean and US officials met this week to discuss the nuclear standoff on the Korean Peninsula. It appears they came no closer to resuming multilateral ,World
Europe probe arrives at the Moon,European Space Agency's Smart 1 probe is set to enter into orbit around the Moon on Monday.,Sci/Tech
Wal-Mart Still Sees Nov. Sales Up 2-4 Pct," CHICAGO (Reuters) - Wal-Mart Stores Inc. &lt;A HREF=""http://www.investor.reuters.com/FullQuote.aspx?ticker=WMT.N target=/stocks/quickinfo/fullquote""&gt;WMT.N&lt;/A&gt;, the  world's largest retailer, said on Saturday it still expects a 2  percent to 4 percent increase in November sales at its U.S.  stores open at least a year.",Business
"IBM Could Lose Half Its PC Prospects To Dell, HP","Almost half of the US enterprises who were IBM PC prospects said that they #39;re ready to consider Dell or HP now that the Armonk, NY-based giant is dumping its desktop and laptop business, a research firm reported Thursday.",Business
50 Hurt During Opposition Strike in Bangladesh Capital,"In Bangladesh, at least 50 people have been injured in clashes with authorities during a general strike called by the main opposition party.",World
Search Swagger,"That #39;s the game Google Inc. and Microsoft Corp. are playing as the search-engine war heats up. Microsoft is rolling out a new search engine today, touting it as  quot;the largest index of information, quot; with more than 5 billion Web documents.",Sci/Tech
"NASA says Jeanne caused little damage, but shuttle work more &lt;b&gt;...&lt;/b&gt;","It says the Kennedy Space Center in Cape Canaveral, Florida, lost some external panels from its vehicle assembly building in the storm, but overall damage was minimal.",Sci/Tech
John Waggoner:Investing - Feel bullish? Try a fund company (USATODAY.com),"USATODAY.com - If, through some cruel twist of fate, disco ever comes back, you'd want to invest in companies that make puffy shirts. And if the bull market is really back, then the best place to be is in the stocks of companies that manage mutual fund companies.",Business
Corporate Tax Bill Nears Final Approval (AP),AP - Supporters of a major rewrite of corporate tax law are optimistic they will be able to complete congressional action this week on legislation needed to end a bitter trade fight with Europe and shower  #36;130 billion in new tax breaks on businesses.,World
Sports ; England cricketers finally arrives in Zimbabwe,The whole tour was thrown into question earlier this week when the England and Wales Cricket Board (ECB) told the team to remain in South Africa after Zimbabwe authorities barred 13 British journalists.,Sports
New Bomb Blast Wounds 15 in India,"GAUHATI, India - Suspected separatists bombed a power line, a gas pipeline, a tea plantation and a crowded marketplace in northeastern India on Sunday, intensifying a campaign of violence that has killed more than 50 people and wounded at least 100 over the last two days.    The violence, affecting the states of Nagaland and Assam, was among the deadliest to hit the region, where more than three dozen insurgent groups have been active...",World
Olympic Discus Champion Thrown Out of Games," ATHENS (Reuters) - Hungarian Olympic discus champion Robert  Fazekas will lose his gold medal and be expelled from the Games  after being caught trying to tamper with a urine sample, an  International Olympic Committee source said Tuesday.",Sports
IBM preps new top-end Unix servers,"Big Blue plans to announce the servers Friday, sources say, stirring up major new challenges for Sun and HP.",Sci/Tech
FDA Approves Use of Microchip Implants in Humans,"By DIEDTRA HENDERSON    WASHINGTON (AP) -- The Food and Drug Administration on Wednesday approved an implantable computer chip that can pass a patient's medical details to doctors, speeding care.    VeriChips, radio frequency microchips the size of a grain of rice, have already been used to identify wayward pets and livestock...",Sci/Tech
Germany supports EU negotiating with Turkey on membership issue,German Chancellor Gerhard Schroeder said Sunday that there was  quot;no problem quot; with Germany #39;s support to the start of negotiations on Turkey #39;s entrance into EU.,World
Tomahawk chopped,TALLAHASSEE -- Virginia was ranked higher than Florida State and looking for its first road win against a top-10 team.,Sports
Patterson has golden glow,"ATHENS - Mary Lou Retton left her phone number for Carly Patterson. Call me, she said, after the Olympic all-around competition. ",Sports
Pinhole camera to seek out new worlds,It has the technology to land men on the moon and send probes into the darkest reaches of space. But Nasa #39;s newest project has more in common with school science lessons than Star Wars.,Sci/Tech
Global server sales up in second quarter,"Global sales of servers, powerful computers used by large companies, rose 7.7 percent in the second quarter to \$11.55 billion (6.4 billion pounds) as demand for information technology remained strong after a three-year downturn ",Sci/Tech
Everyone has a price  even Arsenal,"No matter what sort of spin Arsenal put on their mega-buck sponsorship deal with Emirates Airlines, the bottom line is that they were the last club one would have associated with the arrangement to have the sponsor be the name of their new stadium.",Sports
UK Complains of Higher iTunes Cost,"LONDON (AP) -- A consumer's group said Wednesday it has complained to government regulators about the cost of downloading music from Apple's iTunes system.    British buyers are charged 79 pence, or \$1.41, for one track, while customers in France and Germany pay euro0.99, or \$1.21...",Sci/Tech
Kerry accuses Vietnam critics of illegal ties to Bush campaign (AFP),AFP - Democratic White House hopeful John Kerry's campaign has formally alleged that a group attacking his Vietnam war record had illegal ties to US President George W. Bush's re-election bid.,World
Economy on Track as Retail Sales Jump,A surprisingly big climb in US retail sales in September and a larger-than-expected gain in underlying producer prices bolstered hopes for an economic revival and views ,Business
Judge waives arraignment for Heatley,"ATLANTA - A judge has waived the arraignment for Atlanta Thrashers forward Dany Heatley, who has been charged with vehicular homicide and five other counts in the 2003 wreck that killed a teammate.",Sports
Cassini beaming images of Titan,"PASADENA, Calif. The spacecraft Cassini has begun beaming close-ups of Saturn #39;s giant moon Titan to Earth. The first image was a low-resolution scene of part of Titan #39;s disk covered in hydrocarbon haze.",Sci/Tech
Lebanon: Kidnappers Have Freed Boy in Iraq (AP),"AP - Kidnappers have released a 7-year-old Lebanese boy after a week they grabbed him as he was walking home from school in Iraq, the Lebanese Foreign Ministry said Friday. It was not immediately clear if a ransom was paid.",World
Allawi Threatens New Offensive To Take Over Al-Fallujah,Interim Iraqi Prime Minister Iyad Allawi says time is running out for Al-Fallujah residents to evict foreign fighters from the city of face a US-Iraqi military operation to do so.,World
"Stocks Gain on Retail Merger, HP Earnings"," NEW YORK (Reuters) - Stocks jumped on Wednesday on news of  a merger between retailers Kmart and Sears,  better-than-expected earnings from computer maker  Hewlett-Packard and government data showing a moderate rise in  a key U.S. inflation measure.",Business
AMD Rolls Out Low-Cost Net Access Device in India," BOMBAY (Reuters) - U.S. chip maker Advanced Micro Devices  &lt;A HREF=""http://www.reuters.co.uk/financeQuoteLookup.jhtml?ticker=AMD.N qtype=sym infotype=info qcat=news""&gt;AMD.N&lt;/A&gt; has unveiled a low-cost Internet access device that  could cost just a few hundred dollars, aimed at first-time  technology users in the developing world.",Sci/Tech
Henman progresses at Swiss Indoors,"AP - Second-seeded Tim Henman of Britain overcame fatigue to beat Anthony Dupuis of France 6-3, 6-4 in the opening round of the \$US1.",Sports
Philips Cuts Chip Sales Forecast on Waning Demand (Update2),"Royal Philips Electronics NV, Europe #39;s third-largest maker of semiconductors, reduced its third- quarter chip sales forecast as demand wanes, joining companies including Texas Instruments Inc.",Business
Thome honored for work off field,"Phillies first baseman Jim Thome was the recipient of the 2004 Players Choice Marvin Miller Man of the Year Award on Thursday. The Man of the Year award, named in honor ",Sports
Clarett Accuses Ohio State of N.C.A.A. Violations,Maurice Clarett's contentions in an ESPN the Magazine article were dismissed by the Ohio State athletic director as issues the university had already dealt with.,Sports
Wal-Mart Same-Store Sales Up 2.4 Percent (Reuters),"Reuters - Wal-Mart Stores Inc. , the\world's largest retailer, on Thursday said sales at stores open\at least a year rose 2.4 percent in September, slightly higher\than its preliminary report but still toward the low end of its\forecast range.",Business
ConocoPhillips buys big Lukoil stake,"ConocoPhillips has bought a major stake in Russia #39;s second largest oil producer OAO Lukoil Holdings. The Houston company, formed by a merger of Conoco and Phillips Petroleum, won ",Business
Internet browser: Mozilla Vs Microsoft,"As browsers like Mozilla and Opera find more widespread use, Microsofts Internet Explorer is facing a new challenge to its superman status in the world of browsers, says LinuxInsider in its sneak preview of new Mozilla Firefox browser.",Sci/Tech
Schottenheimer holds off on QB call,San Diego Chargers coach Marty Schottenheimer is keeping his team -- including quarterbacks Drew Brees and Philip Rivers -- and its fans in suspense.,Sports
Ohio Scientists Develop Armor for Humvees,The military is ordering more lightweight armor developed in Ohio that protects troops in Humvees from automatic weapons fire and grenades without slowing the vehicles. Unarmored Humvees have become targets in the war in Iraq.,Sci/Tech
Friedgen Set on QB,Ralph Friedgen continues to stand behind quarterback Joel Statham despite his three first-half interceptions in Maryland's 19-16 overtime loss at West Virginia on Saturday.,Sports
United Airlines to Cut 68 Planes and Add to Foreign Flights,"United Airlines said today that it would cut 68 airplanes from its fleet, shift more responsibility for domestic routes to its regional carrier, and expand international flying.",Business
Ex-Kmart execs charged in \$24 million fraud,"Federal regulators charged three former Kmart executives and five current and former managers of major vendors with accounting fraud, claiming they misrepresented ",Business
Network Solutions is Pathetic,\\We have a few domains hosted on Network Solutions.  For one reason or another we\were in a hurry and just used NetSol as our registrar.  BIG mistake!\\They are one *pathetic* organization!\\They are a DNS company.  That's what they DO!  Their DNS admin only allows 10\IPs. Of course they don't tell you this when you signup.  You only find out that\the UI doesn't allow for additional IPs until try to add them.\\To add insult to injury when you try to move AWAY from NetSol by changing your\primary and secondary they drop your IP configuration immediately.  You're just\out of luck if there are clients which have cached your primary and secondary\DNS servers.\,Sci/Tech
Intel Offers Three-Way Wi-Fi Support,"Intel on Thursday introduced tri-mode Wi-Fi support for its Centrino mobile-processor platform, as well as software to make it easier for businesses to set up a wireless connection to any available network at maximum speed.",Sci/Tech
Home Prices Keep on Soaring, The average home in the United States gained in market value by 9.4 percent from mid-2003 to mid-2004. That increase is more than three times the rate of inflation for goods and services ,Business
China economy slows,"They suggest that government efforts to cool the economy are having some but possibly not enough of an impact. For the three months to September, the economy grew 9.1 per cent compared ",Business
(4) Miami 45 NC State 31,"RALEIGH, NC Miami quarterback Broke Berlne tied a school record with five touchdown passes and Devin Hester returned the opening kickoff 100 yards for another score in fourth-ranked Miami #39;s 45-to-31 win over NC State.",Sports
Thousands riot after Pakistan funeral ,"SIALKOT, Pakistan -- Thousands of minority Shi'ite Muslims rampaged through this eastern Pakistan city for the second straight day yesterday, burning a police station and the mayor's office after a mass funeral for 31 people killed by a suicide bombing at a Shi'ite mosque.",World
Kazaa  #39;worried about piracy #39;,"Kazaa, the internet #39;s most popular file-swapping system, told a court in Sydney yesterday that it was worried about users exchanging unauthorised files and had held talks with record companies in the United States.",Sci/Tech
Finucane Killer Could Be Free in Eight Months,"Pat Finucanes killer expects to be a free man by next May despite a judge jailing him today for a minimum of 22 years. Loyalist assassin Ken Barrett, 41, is expected ",World
Disgraced and bankrupt British MP back in the money via showbiz (AFP),"AFP - A British former MP left bankrupt and publicly disgraced just three years ago has recouped much of his riches by exploiting his notoriety in the world of show business, a report said.",World
Google Rises in Market Debut," NEW YORK (Reuters) - Shares of Google Inc. &lt;A HREF=""http://www.investor.reuters.com/FullQuote.aspx?ticker=GOOG.O target=/stocks/quickinfo/fullquote""&gt;GOOG.O&lt;/A&gt; rose 15  percent to \$98 in the first minutes of their Nasdaq stock  market debut on Thursday after the year's most anticipated  initial public offering priced far below initial estimates.",Business
Inkster takes one-stroke lead over Kim,"Hall of Famer Juli Inkster, looking to extend to her streak of winning a tournament to eight years, shot a 5-under 66 Friday and took a one-stroke lead over Christina Kim after two rounds of the LPGA Longs Drugs Challenge.",Sports
Spain #39;s Martinez/Fernandez wins Olympic men #39;s sailing 49er gold,"ATHENS, Aug. 26 (Xinhuanet- Spain #39;s Iker Martinez and Xavier Fernandez won the Olympic gold medal in men #39;s sailing 49er at the Athens Olympics here on Thursday.",Sports
Executives of top NASCAR team killed in plane crash,A private airplane carrying members of one of NASCARs most successful teams crashed Sunday afternoon in Bull Mountain near Blue Ridge Regional Airport.,Sports
China Cracks Down Porn,"China is getting hard on porn. Those caught pushing pornographic images either through the Internet, mobile phones or pornography through phone sex, face a maximum sentence of life imprisonment.",Sci/Tech
Internet junkies in chilling cold turkey experiment,"If you #39;ve ever seen a smack-head handcuffed to a bed gibbering uncontrollably because he can #39;t get a fix, then be afraid, because that #39;s what you #39;ll look like after two weeks of internet-free cold turkey.",Sci/Tech
Is Intel Too Optimistic?,"Plus, Amazon's British invasion, it's showtime for Martha, and GM's desperation gets noisier.",Business
Dolphins' Bowens to Miss Opener Vs. Titans (AP),AP - Miami Dolphins defensive tackle Tim Bowens will miss Sunday's opener against Tennessee because of a back injury.,Sports
New Era for Cambodia as King Sihamoni Ascends Throne (Reuters),"Reuters - In a ceremony full of pageantry and\hope, King Norodom Sihamoni ascended the Cambodian throne on\Friday, ushering in a new royal era for a country still trying\to draw a line under its bloody, genocidal past.",World
Adopting a new model yields gains at old Fleet ,"Within months of acquiring FleetBoston Financial Corp. , Bank of America Corp. handed out its sales playbook to Fleet employees in the branches to teach them how to sell.",Business
Ignore arctic warming warnings at our own peril,"D uring the past few weeks two news events of global importance have occurred that have received extensive international press coverage: the election of George Bush to lead the United States for four more years, and the death of Yasser Arafat, leader of ",Sci/Tech
Apple #39;s missed opportunity,"By Paul Jackson, senior analyst. With its new iMac G5, Apple Computer has once again come up with a unique package of design, power and ease of use.",Sci/Tech
\$100 MILLION FOR BUSINESS SCHOOL: From humble roots to UM #39;s top &lt;b&gt;...&lt;/b&gt;,"Growing up on La Salle Boulevard on Detroit #39;s northwest side in the 1950s, Stephen Ross was not a man of means. Here are some of the top donations made to the University of Michigan and Michigan State University.",Business
Research in Motion sets Vodafone BlackBerry pact,"Research In Motion Ltd. (RIM.TO: Quote, Profile, Research) on Thursday said it will introduce the newest version of its popular BlackBerry wireless email device in Europe and ",Sci/Tech
Stung by one that got away,"It should have been the perfect cap to another precious win for Corey Dillon. For the first time in his three games as a Patriot, Dillon ",Sports
Change Is Good as Woods Shoots Day #39;s Best Score,"While Tiger Woods has been second-guessed many times recently, he has refused to second-guess himself. Woods has won only one tournament this year, he has dropped to No.",Sports
Stricken Washington guard announces return to court,"Twenty months after her teammates helped save her life when her heart stopped, Kayla Burt said Tuesday she plans to again play basketball for Washington in the 2004-05 season. ",Sports
"Afghan Refugees Vote in Pakistan, Iran (AP)",AP - Afghan refugees thronged polling stations in Pakistan and Iran on Saturday to vote in their war-torn homeland's landmark presidential election  #151; undeterred by explosions at or near two refugee camps.,World
Stevens Returns to U.K. After Detention,"LONDON - Puzzled and angry at being barred from the United States, Yusuf Islam, the singer formerly known as Cat Stevens, returned to London on Thursday vowing to find out why.    Surrounded by a throng of reporters at Heathrow Airport, Islam said it was ludicrous that he's on Washington's no-fly list, suspected of ties to terrorists, and said he would challenge the decision to block him from entering the country...",World
EasyJet caution despite profits rise,Budget airline EasyJet today reported a 21 improvement in annual profits but warned that it expected competition to remain intense this winter.,Business
Second Term Opposed for Lebanese President (AP),AP - The State Department urged Lebanon on Wednesday to stand by a constitutional provision forbidding a president seeking election to a second term.,World
Microsoft Sings New Tune with Windows Media Player,and PC users no longer had to choose between Windows Media Player #39;s inadequacies or Real or Musicmatch #39;s annoyances.,Sci/Tech
"Delta to Cut 6,000-6,900 Jobs (Reuters)","Reuters - Delta Air Lines  on Wednesday\said it plans to eliminate between 6,000 and 6,900 jobs during\the next 18 months, implement a 10 percent across-the-board pay\reduction and reduce employee benefits.",Business
Mixed Results for Bush in Battles Over Judges,"After more than three years of appointment battles, President Bush's ambitions for the courts are clear, but his record is mixed.",World
Italian Police Make Arrests in Mob Raids (AP),"AP - Italian police raided scores of homes in the Naples area Tuesday and arrested 52 suspected mobsters, the largest single offensive in the state's bid to end a bloody organized crime war that has terrified this southern Italian city.",World
Shahab-3 missile tested,"TEHRAN: Iran carried out a new test yesterday of its upgraded Shahab-3 ballistic missile, which it says has a range of at least 2,000 kilometres, Defence Minister Ali Shamkhani said.",World
"NATO Seeks to Boost Image, Presence in Middle East (Reuters)",Reuters - NATO foreign ministers held\unprecedented talks with ministers from Israel and six Arab\states on Wednesday as part of the alliance's bid to improve\its image and ties in the region.,World
Reaching the limits of space inside the space station,"So a few weeks ago, the two astronauts who live there tossed out some useless junk, like so many old hubcaps for the trash heap. And the throwing-away - done during a recent spacewalk -as ",Sci/Tech
National Foods 2nd-Half Profit Rises 12 on Gourmet Food Sales,"National Foods Ltd., Australia #39;s biggest fresh milk supplier, increased second-half profit by 12 percent after selling more specialty cheeses and gourmet foods.",Business
"As smoke clears, next battles are political","As the military stabilizes Fallujah, fresh violence erupts in other Sunni-dominated areas of Iraq.",World
Chelsea still tops for Coleman,Chris Coleman still believes Chelsea will win the Barclays Premiership this season after watching his side put a further dent in Manchester Uniteds own title aspirations at Craven Cottage last night.,Sports
Record-tying Vuelta win for Heras,Spain #39;s Roberto Heras of the Liberty Seguros team won the Tour of Spain for a record-equaling third time when he held off second-placed Santiago Perez in the final stage.,Sports
Peres Says Coalition Talks Could Be Resolved in Days (Reuters),"Reuters - Israeli opposition leader Shimon\Peres said on Saturday coalition talks between his party and\Prime Minister Ariel Sharon could be resolved in days, a move\likely to avert snap elections and promote a Gaza pullout.",World
"J amp;J to buy Guidant for \$23.9 billion in cash, stock","Johnson  amp; Johnson (JNJ.N: Quote, Profile, Research) will buy Guidant Corp. (GDT.N: Quote, Profile, Research) for \$23.9 billion in cash and stock, giving the health-care products ",Business
Tata Consultancy strikes deal with Ferrari:,"Business India: New Delhi, Dec 6 : IT major Tata Consultancy Services (TCS) Monday announced a  quot;multi-year, multimillion dollar quot; deal with Ferrari to assist in the development of their Formula 1 car for the next racing season.",Business
"I don #39;t know why I stopped, says Radcliffe",The torment engulfing Paula Radcliffe after her failure to finish the Olympic marathon was plain yesterday as she tried to explain what went so horribly wrong in the burning heat of Athens.,Sports
Yao Ming and Rockets Arrive in Shanghai,"Houston Rockets #39; Yao Ming answers a question from journalists during a press conference for the NBA China 2004 game Tuesday, Oct. 12, 2004 in Shanghai, China.",Sports
Rare bird falls to avian malaria,"An extremely rare Hawaiian bird dies in captivity, possibly marking the extinction of its entire species only 31 years after it was first discovered.",Sci/Tech
Israeli Army Destroys Gaza Homes After Bus Bombings, GAZA (Reuters) - Israeli forces Thursday blew up two  Palestinian housing blocs in a Gaza refugee camp that the army  said were used by Palestinian militants to launch attacks  against soldiers and settlers.,World
Branson reaches for the stars in latest venture,"LONDON - Britain #39;s Sir Richard Branson reinforced his reputation as an entrepreneurial showman by announcing a US\$100 million (S\$170 million) plan to take well-heeled passengers, with him possibly being among the first, for a sub-orbital ride into space.",Sci/Tech
Siemens to sell mobile phone biz to China - report,Chinese distributor lined up as 'potential buyer',Sci/Tech
Biggest game of year: Man United vs. Arsenal,"It #39;s the biggest game of the English season - Manchester United vs. Arsenal on Sunday at Old Trafford.  quot;The whole world is waiting as well, quot; said Arsenal manager Arsene Wenger.",Sports
Red Hat exec takes Sun to task on open source,"update A top Red Hat executive has attacked the open-source credentials of its sometime business partner Sun Microsystems. In a Web log posting Thursday, Michael Tiemann, Red Hat #39;s vice president of open-source ",Sci/Tech
Opportunity leaves Endurance Crater,A frame from Opportunity #39;s front hazard avoidance camera shows the rover #39;s farewell glance at Endurance Crater. Credit: NASA/JPL.,Sci/Tech
JP Morgan Cancels IBM Pact,"JP Morgan Chase (JPM:NYSE - news - research) and IBM (IBM:NYSE - news - research) are getting a divorce, ending a \$5 billion computer outsourcing deal just two years after it began.",Business
Monaco record first Ligue 1 win in nine games,"Two first half goals within two minutes gave Monaco a 2-0 win over Stade Rennes on Friday, ending a series of eight Ligue 1 games without a win.",Sports
O2 announces two new xda devices,O2 has unveiled two new devices that aim to build on the success of the popular xda II handheld/mobile phone. O2 #39;s new xda IIs will be available in the UK and Ireland on 1 November at a cost of around 449 (inc.,Sci/Tech
Wrigley to buy Kraft candy brands for \$1.48b,"The world's dominant chewing gum maker is about to get sweeter. Looking to extend more of its marketing might from gum to candy, Wm. Wrigley Jr. said yesterday that it has agreed to buy LifeSavers and Altoids from Kraft Foods in a \$1.48 billion cash deal that refocuses Kraft's attention on its trademark supermarket products.",Business
"Indian software services, BPO face worker shortage","BANGALORE, INDIA - India's software services and business process outsourcing (BPO) industries could face a shortage of skilled workers in the coming years, according to the National Association of Software and Service Companies (NASSCOM) in Delhi.",Sci/Tech
Speed and Elegance in a Desktop Package,"With the iMac G5, Apple has pared the desktop computer down to little more than the parts that people look at and touch -- keyboard, screen and mouse.&lt;br&gt;&lt;FONT face=""verdana,MS Sans Serif,arial,helvetica"" size=""-2"" color=""#666666""&gt;&lt;B&gt;-Rob Pegoraro&lt;/b&gt;&lt;/font&gt;",Sci/Tech
Clash of Civilizations,"What #39;s wrong with this picture? The airspace over the city is declared off-limits to all unauthorized aircraft. Some 200 police, including rooftop snipers and antiterror ",World
Eskimos Seek to Recast Global Warming as a Rights Issue,Experts say the move could lead to suits against the U.S. or private companies.,Sci/Tech
Gateway to cut back selling electronics; to focus on core PCs,Gateway said yesterday it is backing away from selling TVs and other consumer electronics - essentially shelving the strategy that founder Ted Waitt championed for two years to turn the money-losing company around.,Business
UPDATE 1-First India test postponed to Friday,The first test between India and Bangladesh has been postponed by a day to Friday after the Indian team #39;s arrival was delayed because of a threat by an Islamic militant group.,Sports
"Clorox Swaps \$2.1 Bln, Two Brands to Get Henkel Stake (Correct)","Clorox Co., the largest US household- bleach maker, agreed to swap \$2.1 billion in cash, the Soft Scrub and Combat brands and a stake in a joint venture to buy back 61.",Business
Bayer Announces Schering-Plough Alliance,German chemical and drug maker Bayer AG announced Monday it has entered a strategic alliance with the Schering-Plough Corporation that will have the New Jersey-based company market and distribute Bayer #39;s primary care pharmaceutical products in the United ,Business
Insurers paying for rural health project,Patients in rural communities across Georgia soon will have quick access to big-city medical specialists thanks to a live-video hookup that will serve 36 rural hospitals.,Business
U.N. Urges Temporary Bottom-Trawling Ban (AP),"AP - The U.N. General Assembly urged nations Wednesday to consider temporary bans on high seas bottom trawling, disappointing scientists and some countries seeking an immediate halt to the destructive fishing practice.",Sci/Tech
Smoking ban hits cigs manufacturer Gallagher,"Silk Cut owner Gallaher today posted a 4.4 rise in profits, despite what the company said was the negative impact on sales of the smoking ban in Ireland and higher taxes on cigarettes in Germany.",Business
Australia Raises Commodity Export Forecast on Energy (Update2),"Australia, expecting record earnings from commodity exports this fiscal year, increased its forecast a second time as soaring oil prices boost energy sales 38 percent.",World
Transactions,BASEBALL Arizona (NL): Signed 3B Troy Glaus to a four-year contract. Atlanta (NL): Signed 1B Julio Franco. Chicago (AL): Signed OF Jermaine Dye. Los Angeles (NL): Signed 2B Jeff Kent. New York (AL): Named Neil Allen bullpen coach and Rich Monteleone special pitching instructor. San Diego (NL): Signed OF Eric Young; designated P Mike Bynum for assignment.,Sports
Global finance chiefs won #39;t let oil dent optimism,WASHINGTON: Global finance chiefs may admit this week that soaring oil prices are a cloud on a generally sunny world economic horizon but they will likely dismiss any chance they could drown growth.,Business
Baldini out at struggling Parma,"Parma, Italy (Sports Network) - Parma fired coach Silvio Baldini Monday after a loss to Livorno on Sunday left the club near the bottom of the table.",Sports
Typhoon Aere menaces Taiwan,"TAIPEI, Taiwan -- A strong typhoon lashed northern Taiwan on Tuesday, dumping heavy rain, grounding some flights and closing financial markets, schools and businesses across parts of the island.",World
Arbitrator Sets Hearing,An arbitrator rules that he has jurisdiction to decide whether the brawl-related suspensions given to Ron Artest and other NBA players can be appealed to someone other than commissioner David Stern.,Sports
Large Explosion Kills Eight in Baghdad,"BAGHDAD, Iraq - A large explosion hit outside a police academy in downtown Baghdad on Sunday, killing eight people, officials said.    At about the same time, a car bomb blew up near a small market close to the Culture Ministry, police Lt...",World
Koskie good fit for Jays,TORONTO -- Some of his former teammates said he didn #39;t want to come. People close to the negotiations were doubtful he would come.,Sports
Marvin gets a crash course in the big time,"Since Marvin Williams has left his beloved hometown of Bremerton, he #39;s been learning all about the world of big-time college basketball at North Carolina.",Sports
Leicester get permission to speak to Levein,English Championship side Leicester were given permission to speak to Hearts coach Craig Levein in the hope of persuading him to succeed Micky Adams.,Sports
Gaza clash tests withdrawal plan,"Responding to rocket fire, Israel has escalated strikes on Gaza, killing at least 50 Palestinians.",World
Gazprom-Rosneft deal hits rough patch (AFP),AFP - The absorption of Russian state-owned oil company Rosneft by the gas giant Gazprom appeared to run into trouble amid press reports of furious infighting among top Kremlin officials over the deal.,World
Global Hawk Costs Soar,"Cost overruns won't endanger Northrop Grumman's latest surveillance aircraft program, but federal budget cuts will likely hamper future defense contracts.",Business
Microsoft Makes a Play for Novell Users (Ziff Davis),Ziff Davis - Microsoft is out to capture NetWare customers before they have a chance to migrate to Linux.,Sci/Tech
RedEnvelope fends off dissident challenge (SiliconValley.com),"SiliconValley.com - RedEnvelope, the San Francisco online gift retailer, on Friday fended off a challenge by dissident shareholders unhappy with the its performance -- but has still left some questions unanswered.",Sci/Tech
"Mars Had Acidic Ocean, Study Says","A controversial new study suggests Mars had an acidic ocean. The strange brew spiked with sulfates and iron could still have harbored life, scientists say.",Sci/Tech
Runaway Annika equals record,"ANNIKA SORENSTAM matched Laura Davies #39; LPGA Tour record for consecutive victories in a tournament today, closing with a seven-under 65 for her fourth straight Mizuno Classic title in Otsu, Japan.",Sports
Drugs shame Mutu to undergo counselling (AFP),AFP - Disgraced Chelsea striker Adrian Mutu will undergo counselling in an effort to save his career after he tested positive for cocaine.,World
Blue Chips Slip as Oil Stocks Weigh," NEW YORK (Reuters) - U.S. blue chips slid back into the red  on Wednesday as oil company shares fell on a report showing an  unexpected rise in U.S. oil inventories last week, which drove  oil prices lower.",Business
Wal-Mart Says October US Sales Rise Within 2 to 4 Forecast,"Wal-Mart Stores Inc., the world #39;s largest retailer, said US sales at stores open at least a year are rising within its forecast after four months of disappointing results.",Business
"Federer, Hewitt in Final","Roger Federer keeps up his bid to become the first man since 1988 to win three Grand Slam titles in a year, and sets up a showdown with Lleyton Hewitt in the U.S. Open final.",Sports
Vaughan plans verbal assault as England go in search of records,Michael Vaughan intends to adopt the Australian tactic of  quot;sledging quot; during his attempt to become the most successful captain in England #39;s history.,Sports
Blue Chips End Lower After Oil Hits \$49,US blue-chip stocks declined to the lowest level in more than a month on Thursday as crude oil prices touched \$49 a barrel and renewed concerns that high fuel costs will erode corporate profits.,Business
Time isn't in his corner,"NEW YORK -- Evander Holyfield knows that life, like boxing, is about adjustments. On Saturday night, we will see whether he has made the biggest adjustment of his career -- the adjustment to a boxing life of diminished skills.",Sports
Security firm looks to hire alleged Sasser author,German company Securepoint says teenager Sven Jaschan deserves a chance to prove himself on the up-and-up.,Sci/Tech
FCC Insists Broadband Deployment Improving (Reuters),"Reuters - U.S. communications regulators on\Thursday insisted the United States was making progress in\rolling out high-speed Internet service, despite falling\further behind other countries.",Sci/Tech
Rain is a gain for Boston,"Skies here were overcast by day, rainy by night. An uninitiated visitor might expect around-the-clock gloom to deepen despair over the local nine and their two-game ",Sports
Dollar Sinks on Weak Jobs Data," NEW YORK (Reuters) - The dollar fell against the yen on  Friday in its steepest one-day drop in over a year, pushed down  by unexpectedly weak jobs data and speculation that China may  soon allow the yuan to appreciate against the dollar.",Business
Hearing to be held Friday in Oakland,The Major League Baseball Players Association on Monday filed a grievance to reverse the Angels #39; decision to suspend outfielder Jose Guillen for the remainder of the season and the postseason.,Sports
Mount St. Helens Erupts After 18 Years (AP),"AP - Mount St. Helens, the volcano that blew its top with cataclysmic force in 1980, erupted for the first time in 18 years Friday, belching a huge column of white steam and ash after days of rumblings under the mountain.",Sci/Tech
"UPDATE 2-Ryder Cup quartet trail McDowell, O #39;Hern, Lara","Briton Graeme McDowell, Australian Nick O #39;Hern and Spain #39;s Jose Manuel Lara shared the Heritage first round lead on Thursday as four members of Europe #39;s victorious Ryder Cup team returned to action.",Sports
Ferrero leads Spanish slump in Madrid,"Holder Juan Carlos Ferrero has suffered a 6-3, 6-1 setback against a Peruvian with a bad ankle, crashing out listlessly in his opening match at the Madrid Masters.",Sports
Tower builds war chest for buys,"Insurer Tower is going ahead with a plan to spin off its Australian money management business, raising A\$130 million (\$143 million) for acquisitions in the transtasman life and general insurance markets.",Business
Altria Smokes Up,Prices are heading up for the firm's trademark cigs. Is it party time for investors?,Business
Bettis helps Pittsburgh #39;s streak hit 9,"Antwaan Randle El, making his second NFL start at receiver, took care of the big plays and Jerome Bettis (Detroit Mackenzie) handled the short yardage in his fourth consecutive 100-yard game to lead the Steelers past Washington, 16-7, Sunday.",Sports
Halliburton Finds Talk of Nigerian Bribes (Reuters),"Reuters - Halliburton Co. , once run by\Vice President Dick Cheney, said an internal probe found\information suggesting that members of a consortium it helps\lead considered bribing Nigerian officials to win business.",Business
Yukos unit may be sold for \$4bn,Yukos'  future is thrown into fresh doubt amid reports that Russia is planning to sell 77 of its key oil production unit for \$4bn by the end of November.,Business
Merck plunges on report it hid Vioxx risks,Shares of Merck  amp; Co. plunged almost 10 percent yesterday after a media report said that documents show the pharmaceutical giant hid or denied ,Business
Smith proves he has class to fulfil all United needs,"CREWE Alexandras efforts to prolong the culinary theme of the week by hurling a banana skin at Manchester United fell apart last night and, as a gallant Dario Gradi disappeared to share ",Sports
Post-9/11 Mergers Brought Problems,"Government service firms often leaped before they looked as they scrambled to buy their way into the booming intelligence and anti-terrorism field.  &lt;FONT face=""verdana,MS Sans Serif,arial,helvetica"" size=""-2"" color=""#666666""&gt;&lt;B&gt;-The Washington Post&lt;/B&gt;&lt;/FONT&gt;",Business
No. 19 N.C. State Rips New Orleans 92-58 (AP),"AP - Julius Hodge led a balanced attack with 21 points, and No. 19 North Carolina State jumped on New Orleans early in a 92-58 victory Wednesday night in the first round of the BCA Invitational.",Sports
Raiders-Bucs: Blackout lifted,"The Oakland Raiders needed a 24-hour extension and some behind-the-scenes maneuvering to make it happen, but managed to avoid what would have been the most embarrassing television ",Sports
Dozens injured in Turkish cinema fire,"A fire in a Turkish cinema injured dozens of people attending a film premiere on Tuesday, but no one was killed, the state-run Anatolian news agency said.",World
Researchers find holes in XP SP2,Security researchers found two software flaws in the Windows XP Service Pack 2 that could allow virus writers and malicious hackers to sidestep new security features in the operating system.,Sci/Tech
"Israel Kills 6 Palestinians in Gaza, W.Bank Raids"," JABALYA, Gaza Strip (Reuters) - Israeli forces killed six  Palestinians including three teenagers on Wednesday as they  thrust deep into Gaza to quell rocket fire into Israel and  raided two West Bank cities in search of wanted militants.",World
Canadian JTF-2 special ops force gets American citation (Canadian Press),"Canadian Press - OTTAWA (CP) - Canada's special operations military unit, Joint Task Force 2, has been awarded the U.S. Presidential Unit Citation for heroism in battle.",World
U.S. Doping Watchdog to Question BALCO's Conte - IAAF," HELSINKI (Reuters) - U.S. anti-doping officials plan to  question Victor Conte after the BALCO head claimed he saw  sprinter Marion Jones taking banned drugs, world athletics body  the IAAF said Saturday.",Sports
US jobless claims fall again,"Initial claims for state unemployment benefits fell unexpectedly to 323,000 last week, down 12,000 from a week earlier, the US Labour Department said today.",Business
Bomb Alert Prompts Greek Plane to Land in London,"A bomb alert prompted a Greek Olympic passenger airliner to make an emergency landing at London #39;s Stansted Airport on Sunday, an airport spokesman said.",World
10 die in attack on US convoy,"A car carrying explosives ripped into a US convoy yesterday in northern Iraq, killing at least 10 people, and US troops fought persistent pockets ",World
"Adobe, Yahoo to Integrate Products (Reuters)","Reuters - Adobe Systems Inc.  and\Yahoo Inc.  on Monday said they have signed a deal to\combine Adobe services, like its widely used document-sharing\program, with Yahoo's Web search functions.",Sci/Tech
NBA Brings Its Game to Beijing (AP),"AP - The NBA has come to booming, basketball-crazy China  #151; but it doesn't expect to make any money soon. The league flew more than 100 people halfway around the world for its first games in China, featuring the Houston Rockets  #151; with Chinese-born star Yao Ming  #151; and the Sacramento Kings.",Sports
Sharon opposes peace talks with Syria for now,"Israeli Prime Minister Ariel Sharon said Thursday that he wouldn #39;t recommend to open negotiations with Syria when terror groups are operating there, Jerusalem Post reported.",World
Mittal: British Billionaire Creates World #39;s Largest Steel Company,"Billionaires forge a deal: Lakshmi Mittal, one of the richest men in the UK, will merge his steel assets and buy International Steel Group (nyse: ISG - news - people ), which counts US billionaire Wilbur L. Ross Jr.",Business
(15) Purdue 41 Notre Dame 16,"Kyle Orton ended the 30-year drought by throwing for 385 yards and four touchdowns, leading the 15th-ranked Boilermakers over the Irish 41-to-16.",Sports
BT Retail head quits to join Cap Gemini,"Rumours of a boardroom split at BT Group were given further impetus on Thursday with the announcement that Pierre Danon, the outspoken chief executive of BT Retail, the groups consumer-facing ",Business
Tuskegee-Benedict Football Game Postponed (AP),AP - Tuskegee University officials called off Saturday's football game with Benedict College because of Hurricane Ivan's impact on Alabama.,Sports
John Flaherty is a career .255 hitter with 78 homers and 384 RBIs. &lt;b&gt;...&lt;/b&gt;,"NEW YORK -- The Yankees made their first player signing of the 2004-05 offseason on Friday, inking backup catcher John Flaherty to a one-year contract.",Sports
Notre Dame must make right choice,It seems you are having a problem finding a new coach for the legendary Notre Dame football team. After firing Tyrone Willingham you had your sights set on Utah coach Urban Meyer.,Sports
NASA Studies  #39;Rain Man #39;s #39; Brain,"NASA scientists are studying the man who was the basis for Dustin Hoffman #39;s character in the 1988 film  quot;Rain Man, quot; hoping that technology used to study the effects of space travel on the brain will help explain his mental capabilities.",Sci/Tech
Chinese Satellite Crashes Into House,"BEIJING, China (AP) -- A section of a Chinese scientific satellite that was returning from orbit crashed into an apartment building, wrecking the top floor but causing no injuries, a newspaper said Sunday.    The capsule crashed into the four-story building Friday in Penglai, a village in the southwestern province of Sichuan, the Tianfu Morning News said...",Sci/Tech
Intervoice's Customers Come Calling,Intervoice gives companies a cost-effective way to deal with customer calls.,Business
U.S. Urges Rationing of Flu Shots as Supply Is Slashed,Officials said that most healthy adults should delay or skip flu shots so that people most at risk can get scarce supplies.,Business
Researchers Find New Species of Bird,"MANILA, Philippines - Filipino and British wildlife researchers say they #39;ve stumbled upon what appears to be a new species of flightless bird found only on the tiny forested island of Calayan in the northern ...",Sci/Tech
Science creates 'own mavericks',"Britain's scientific community fuels controversies by shunning colleagues with rebel ideas, research suggests.",Sci/Tech
Microsoft enters Google Territory with MSN Spaces,"In the last couple of months, we have seen Google invading the Microsoft territory with GMail and Google Desktop Search. Now Microsoft is responding.",Sci/Tech
Same old song,"LANDOVER, Md. -- The past took center stage Monday night at Fed-Ex Field, and the feel of history was almost palpable. But when push came to shove, it wasn #39;t really the kind of history that the Washington ",Sports
Britain has prevented Sept 11-style terrorist attack: report (AFP),"AFP - British security services have foiled an Al-Qaeda plot to fly planes into targets in London in a September 11-style attack, Britain's independent ITV News network reported.",World
Labour Day gridiron classic,"HAMILTONIt was as classic as a Labour Day tussle between the Argonauts and the Tiger-Cats could get. With a sellout crowd of 29,170 roaring its approval, the arch-rivals unleashed their dislike for each ",Sports
"UPDATE 3-Morgan Stanley profit falls 34 pct, shares drop","US investment bank Morgan Stanley (MWD.N: Quote, Profile, Research) on Wednesday said quarterly profit dropped 34 percent amid reduced trading revenue, falling well short of Wall Street #39;s already-lowered expectations after a ",Business
Ukraine in election law deadlock,Ukrainian MPs will make a new attempt on Wednesday to agree reforms ahead of the election re-run.,World
Cheetham Leads Dunhill After 3 Rounds,"MALELANE, South Africa - England #39;s Neil Cheetham had the only bogey-free round Saturday, shooting a 3-under-par 69 that gave him a one-stroke lead after three rounds of the Dunhill Championship.",Sports
Annan backs US bidon Sudan resolution,"UNITED NATIONS Annan backs US bid on Sudan resolution Secretary General Kofi Annan yesterday threw his weight behind a US-drafted resolution on Sudan's Darfur region, saying the Security Council should adopt it immediately to stop atrocities.  quot;It is urgent to act now. Civilians are still being attacked and fleeing their villages as we speak, quot; Annan told reporters of the resolution ...",World
Three red cards in Cardiff,"The Ulstermen finished the match with nine men while the Welsh, who fought back from 2-0 down, had 10 on the field. The match exploded after just nine minutes when both teams were reduced to 10 men.",Sports
"Business ; SBC May Cut More Than 10,000 Jobs","Lehman Brothers analyst Blake Bath said in a research note earlier this week that SBC might reduce its workforce by 10,000 to 20,000 to bring its costs in line with those at other dominant local telephone companies, such as Verizon Communications Inc.",Business
Lions sack king Porcher retires,"DETROIT -- Robert Porcher retired Monday, ending a 13-year career with the Detroit Lions, for whom he is the career leader in sacks.",Sports
Peres: Israeli Extremists May Try to Kill Sharon," JERUSALEM (Reuters) - Opposition leader Shimon Peres said  Tuesday he feared Israeli extremists might try to assassinate  Prime Minister Ariel Sharon, the target of growing far-right  fury over a planned withdrawal from Gaza next year.",World
Textile Fragments Provide Details of Ancient Lives,"Charred and brittle bits of fabric are providing new insights into the lives of prehistoric people, thanks to advances in chemical analysis of textiles.",Sci/Tech
IMF Official Urges Nations on Africa (AP),"AP - Developed countries should do more for Africa, including opening their markets to trade, the head of the International Monetary Fund said Tuesday.",World
China Calls Barring of Lawmaker a Mistake (AP),AP - China said on Monday a misunderstanding caused it to bar a top Hong Kong pro-democracy lawmaker from entering the mainland over the weekend.,World
Blake on Target as Americans Bounce Back in World Cup," NEW YORK (Reuters) - Jason Blake scored the winning goal in  the first period as the United States won their first game at  the World Cup of Hockey with a 3-1 victory over Slovakia in St  Paul, Minnesota on Friday.",Sports
"QuickBooks 2005 makes Mac-PC transfer easier, more (MacCentral)","MacCentral - Later this week Intuit Inc. will officially announce QuickBooks: Pro 2005 for Mac, the latest release of its small business accounting software -- although the company has already posted details of the new release to its Web site. Major changes in this new release include integrated iCal support, the ability to back up data files to .Mac, easier file sharing with the Windows version of QuickBooks and the ability to add PDF backgrounds to forms.",Sci/Tech
Morrison exploits holes in Swiss cheese defence,"Ireland #39;s fine start to the World Cup qualification endures. Four points from two matches provide strong foundations, though the performance here might have yielded less.",Sports
"Car Bombs, Attacks Kill 27 in Iraq's Samarra"," SAMARRA, Iraq (Reuters) - Three car bombs exploded in  Samarra and insurgents attacked three police stations in the  Iraqi city Saturday, killing at least 27 people and wounding  57, police and health officials said.",World
Comparisons inevitable in draft-day rematch,"It will be a Saturday afternoon soap opera, with the man the Giants vowed to have and to hold and the one they left at the altar crossing paths on the floor of Giants Stadium.",Sports
NFL FRIDAY: WEEK 9,"For the second week in a row, Pittsburgh tries to knock off an undefeated team. With ex-Eagle Duce Staley, the Steelers should be able to run the ball against a Philadelphia defense that struggles stopping the run.",Sports
Munich expected to make move to Linux official,"Despite concerns about software patents in Europe, Germany #39;s Munich city government make their move to Linux official according to Reuters.",Sci/Tech
Texas Officials Wary of Plan to Hunt by Internet (Reuters),"Reuters - Hunters soon may be able to sit at\their computers and blast away at animals on a Texas ranch via\the Internet, a prospect that has state wildlife officials up\in arms.",Sci/Tech
Invasion of the Data Snatchers,"Think your PC is safe? Think again. A new study indicates your home computer is likely bogged down with spyware, viruses and other scourges wrought by hackers and PC pranksters.",Sci/Tech
US Airways' Woes Reflect Industry Issues,Washington investors have just two more days to exorcise their investment in US Airways before shares of the Arlington airline are exiled to the land of the living dead.,Business
Fannie Mae issues \$9 bn loss warning for 3Q04,"NEW YORK, November 16 (newratings.com) - Fannie Mae (FNM.NYS) has missed the regulatory deadline for filing its 3Q04 results with the SEC, while warning of an estimated net loss of \$9 billion for the quarter.",Business
Vonage talks of 911 advancements,"In Rhode Island, will there be an answer to a major problem for the Internet phone industry?\",Sci/Tech
Hartson double puts Celtic top,"Celtic have moved top of the Scottish Premier League, for 24 hours at least, after John Hartson #39;s double gave them a 2-1 victory over Hibernian.",Sports
Nokia exits ringtones,Nokia has bowed out of the ringtone market following poor sales from its Club Nokia website. Its exit should also smooth relationships with mobile network operators which think that their hardware providers ,Sci/Tech
Leaders Wish Castro Recovery From Fall (AP),"AP - Presidents Luiz Inacio Lula Da Silva of Brazil, Nestor Kirchner of Argentina and Sam Nujoma of Namibia are among the heads of state who have sent get-well wishes to Fidel Castro since he broke his kneecap and arm in a fall, official media reported Saturday.",World
iTunes Music Store Downloads Top 200 Million Songs,"CUPERTINO, Calif., Dec. 16 /PRNewswire-FirstCall/ -- Apple(R) today announced that music fans have purchased and downloaded more than 200 million songs from the iTunes(R) Music Store.",Sci/Tech
Monaco down troubled PSG to go top,PARIS: Monaco moved top of Ligue 1 after a late winner by striker Emmanuel Adebayor on Sunday sealed troubled Paris St Germains second consecutive home defeat.,Sports
Samsung phones to double as wallets,Samsung mobile phones look set to double as m-wallets as the mobile phone manufacturer signs a Near Field Communication chip deal with Philips.,Sci/Tech
"Put Me in, Coach!","Coach joins the S P 500, and others stand to benefit from the leather in the weather.",Business
GM to lay off 950 in New Jersey,"SAN FRANCISCO (CBS.MW) -- General Motors said Tuesday that it will lay off 950 employees at its assembly plant in Linden, NJ, due to waning demand for the Chevy Blazer and GMC Jimmy.",Business
Tuesday #39;s Top 25 Capsules,"BJ Elder scored 27 points, Will Bynum had 19 and Jarrett Jack added 16 for No. 4 Georgia Tech in a 99-68 victory over Michigan on Tuesday night in the ACC-Big Ten Challenge.",Sports
Constellation Bids \$970 Mln for Mondavi,"Wine and beer distributor Constellation Brands Inc. (STZ.N: Quote, Profile, Research) on Tuesday said it launched an unsolicited \$970 million offer for winemaker Robert Mondavi Corp.",Business
Spain #39;s BBVA Acquires Laredo National Bancshares for \$850 Million,Spanish banking giant Banco Bilbao Vizcaya Argentaria (BBVA) said in a filing with securities regulators Tuesday it was acquiring US-based Laredo National Bancshares (LNB) for \$850 million.,Business
3M Profit Misses Wall Street Estimates," CHICAGO (Reuters) - 3M Co. &lt;A HREF=""http://www.investor.reuters.com/FullQuote.aspx?ticker=MMM.N target=/stocks/quickinfo/fullquote""&gt;MMM.N&lt;/A&gt; on Monday reported a 17  percent rise in third-quarter earnings due in part to the weak  dollar, but the diversified manufacturer's results fell short  of Wall Street's estimates for the first time in nearly four  years, sending shares down 5 percent.",Business
Disney #39;s Eisner Sees Iger as Successor,"Walt Disney Co. (DIS.N: Quote, Profile, Research) Chief Executive Michael Eisner said company President Robert Iger is his  quot;preferred choice quot; to succeed him in running the entertainment ",Business
Sudan negotiator denies need for AU peacekeepers in Darfur (AFP),"AFP - The head of Sudan's delegation to African Union-sponsored talks on the conflict in the western province of Darfur said there was no need for the AU to send peacekeeping force to the troubled region, insisting that Khartoum could handle the security situation.",World
What Can Trump Do for You?,Pennies make the difference as the teams sell products on a shopping channel.,Business
Bell Tolls for Bowe,"Former heavyweight champ Riddick Bowe is attempting a comeback, starting over after a troubling eight years away from the ring.",Sports
Kazaa Leverages Skype for Free Net Calls,"Two of the nets most widely used programs, Kazaa - a peer-to-peer (P2P) filesharing application -nd Skype  -2P internet phone application, have teamed up.",Sci/Tech
Musharraf sees 15 options for Kashmir solution,"LONDON, December 08 (Online): President General Pervez Musharraf on Tuesday said that 15 options could be discussed between India-Pakistan to settle the Kashmir dispute, however no solution will be acceptable against the will of the people of the valley.",World
Al-Sadr's Unclear Motives Muddle Efforts (AP),"AP - What's clear about radical Iraqi cleric Muqtada al-Sadr is that he wants power, U.S. officials say. What's less certain is what he wants to do with that power or how far he'll go to get it.",World
N.Korea Criticism Reports Don't Mean Kim Weaker Yet (Reuters),Reuters - Anecdotal evidence of public criticism of,World
Philly Plans to Become One Big Hot Spot,City will build the world's largest mesh Wi-Fi network to spread Internet access.,Sci/Tech
"Freegate is not Trojan horse, says Symantec",Symantec is to stop classifying a software utility that enables Chinese surfers to view blocked websites as a Trojan horse. The reassessment follows stories earlier this week questioning the designation of ,Sci/Tech
The semantics of Israeli occupation,"Every few months, an Israeli official creates a public-relations nightmare for government spokesmen by simply pointing out the obvious.",World
Venture Capitalists Studying Google IPO for Ideas,"While Google Inc. #39;s auction-based initial public offering may not spur a wave of copycats, venture capitalists are sorting through the IPO to see what can be learned for future deals.",Business
Report: Islamist Group Frees 18 Iraqi Soldiers," DUBAI (Reuters) - An Islamist group has released 18 Iraqi  soldiers it had captured and threatened to kill unless an aide  to Shi'ite rebel cleric Moqtada al-Sadr was released, Arabic  television Al Jazeera reported Monday.",World
NFL Wrap: Barber Runs Over Packers as Giants Win, NEW YORK (Reuters) - Tiki Barber rushed for 182 yards and  ran 52 yards for a touchdown as the New York Giants used a  stifling defense to upset the Green Bay Packers 14-7 in Green  Bay on Sunday.,Sports
Oil prices slip back after coming close to \$50 level,"Oil prices surged closer to \$50 a barrel after hitting yet another record high in the US yesterday, as confusion reigned over the fate of Najaf, sparking fresh fears about Iraq #39;s oil supplies.",Business
Report: Unicom to Set Up Internet Cafes (AP),"AP - China's second-largest mobile phone company plans to open 3,000 Internet cafes by the end of the year, exerting stronger state control over a sector once dominated by private enterprise, state-run radio reported Tuesday.",Sci/Tech
Vijay takes win in stride,"NORTON -- Most people will look back on the final round of the 2004 Deutsche Bank Championship and think,  quot;wasnt that poetic quot; -- Vijay Singh overtakes Tiger Woods in the world rankings by beating him head-to-head on the golf course.",Sports
Blockbuster to Stop Charging Late Fees,"Blockbuster Inc., the world #39;s largest video rental chain, said Tuesday that as of Jan. 1, 2005, the company won #39;t charge late fees on any movie or game rental at its more than 4,500 company-operated and franchised stores in the United States.",Business
Microsoft Files More Spam Suits,"New lawsuits include one against a Web hosting company that called itself ""bulletproof.""",Sci/Tech
MGM Agrees to Be Bought for \$12/Share,"Film and television studio Metro-Goldwyn-Mayer Inc. (MGM.N: Quote, Profile, Research) on Monday said it agreed in principle to be acquired by a consortium led by Sony Corp.",Business
Rangers #39; relief pitcher throws chair at Oakland fans,"OAKLAND, Calif. -- Texas reliever Frank Francisco threw a chair at a fan in a lower box to the left of the Rangers #39; bullpen along the right-field line in the ninth inning against the Oakland Athletics on Monday night.",Sports
Stocks #39; second thoughts,"Indexes are up so far this week, but another record oil price could put some of those gains at risk. NEW YORK (CNN/Money) - US stock markets were set for a little slip at Friday #39;s open, but it would take a ",Business
Home Games Scrapped,The Capitals join several teams in announcing the cancellation of the preseason and some regular season games on Tuesday.,Sports
Clinton Hails Kerry in Surgery Comeback (AP),"AP - It was vintage Bill Clinton, a lip-biting, thumb-wagging, center-of-attention performance. Seven weeks after quadruple bypass heart surgery, looking pale and unusually thin, the former president came back to give John Kerry a sendoff for the final week of the campaign  #151; promoting his own presidency as well  #151; and bluntly framed the campaign between Kerry and President Bush.",World
Pakistan Clashes Said to Leave 9 Dead (AP),"AP - Pakistani security forces and militants clashed on Sunday in fighting that killed at least nine people in the mountains near the Afghan border where al-Qaida-linked fighters are believed to be hiding, military officials said.",World
US heavyweights storm supercomputer league,"The US government #39;s latest supercomputer, BlueGene/L, has been officially crowned the most powerful number cruncher on the planet.",Sci/Tech
"Weak US dollar could hurt growth, slow rate increases by central &lt;b&gt;...&lt;/b&gt;","OTTAWA (CP) - Sustained weakness in the US dollar will dampen American demand for Canadian products at the same time the global economy also appears to be slowing, Bank of Canada Governor David Dodge warned Wednesday.",Business
WORK UNTIL YOU #39;RE 70,"EMPLOYEES will have to work longer, save harder or pay higher taxes to plug a 57billion-a-year hole in pension funds. The Pensions Commission, set up by the Government to look into how ",Business
Olympics: US NBA stars pushed to the brink before edging Greece,ATHENS : Allen Iverson scored 17 points despite a fractured right thumb and the reeling United States team was pushed to the brink before beating Greece 77-71 in an Olympic preliminary round basketball game. ,Sports
Valero to buy Kaneb,"Valero LP of San Antonio said Monday it will acquire Kaneb Services and Kaneb Pipe Line Partners of Dallas for \$2.8 billion. The assets of the combined partnership, which will retain the name Valero LP, will ",Business
Moss to Miss Second Straight Game," EDEN PRAIRIE, Minn. (Sports Network) - One day after being  upgraded to doubtful, Minnesota Vikings wide receiver Randy  Moss has been listed as out for Sunday's game against the Green  Bay Packers due to a right hamstring injury.",Sports
Spain Disrupts Terror Plot,Spanish authorities said Tuesday they disrupted a plot by a cell of Islamic radicals to blow up a Madrid court complex that serves as the home for the country #39;s top anti-terrorism investigators and judges.,World
FOOTBALL: DONS PUT BHOYS IN A STEW,ABERDEEN boosted their reputation and brought the championship race alive with a dramatic win at Celtic Park last night. Substitute John Stewart pounced in injury time after poor defending to give Aberdeen ,Sports
Spy Agency Reform Thrown Into Doubt (Reuters),Reuters - An agreement reached on Saturday by\congressional negotiators on post-Sept. 11 intelligence reforms\was thrown into doubt by resistance by some Republicans in the\House of Representatives.,World
Vaughan Eyes Final Finale,Michael Vaughan today dreamed of capping a spectacularly successful summer for England with an appearance in the final of the ICC Champions Trophy.,Sports
Mussina leads playoff rotation,"Mel Stottlemyre revealed some of the Yankees #39; postseason pitching plans on Saturday afternoon, but Kevin Brown #39;s performance and the health of Orlando Hernandez are clouding ",Sports
Saints Acquire Veteran Cornerback McKenzie (Reuters),"Reuters - The New Orleans Saints\Monday acquired cornerback Mike McKenzie and a future\conditional draft choice from Green Bay. In exchange, the\Packers received a second-round pick in 2005 and quarterback\J.T. O'Sullivan.",Sports
Mandelson faces EU job grilling,Peter Mandelson faces a three-hour grilling from MEPs before he is able to take up the job as Europe's trade commissioner.,World
Scientists Hunt for Big Freshwater Fish (AP),"AP - Scientists in 17 countries will scout waterways to locate and study the world's largest freshwater fish species, many of which are declining in numbers, hoping to learn how to better protect them, researchers announced Thursday.",Sci/Tech
Tigers Defeat Indians 3-1 (AP),"AP - Mike Maroth pitched splendidly into the seventh, and Dmitri Young and Brandon Inge homered to give the Detroit Tigers a 3-1 win over the Cleveland Indians on Monday night.",Sports
"Southern Africa countries pledge enhanced trade ties with China, India"," PORT LOUIS, Aug. 17 (Xinhuanet) -- Southern African countries Tuesday pledged better trade and investment relations with China as well as India in the final communique released at the end of their two-day summit. ",World
Rebel Chief: Sudan Hides Gov't Fighters (AP),"AP - Sudanese authorities have moved hundreds of pro-government fighters from the crisis-torn Darfur region to other parts of the country to keep them out of sight of foreign military observers demanding the militia's disarmament, a rebel leader charged Thursday.",World
"SunTrust Banks to restate 1Q, 2Q profit","ATLANTA -- SunTrust Banks Inc. said Monday that it expects to restate earnings higher for the first and second quarters of 2004 due to changes in loan loss allowances, and plans to delay its third-quarter ",Business
Europe to Sue Over Data Greece Gave on Economy,The European Commission said it would sue Greece for submitting incaccurate deficit figures before joining the euro zone in 2001.,Business
BT launches mobile phone service,"BT launches a new mobile phone service, three years after spinning-off its MM02 subsidiary.",Business
New Jersey Supreme Court Cancels Bear Hunt,"TRENTON, NJ -- New Jersey #39;s top court shot down plans Thursday for next week #39;s bear hunt. The Supreme Court says the six-day hunt can #39;t take place because the state lacks a proper management program for the animals.",Sports
"Symbian, security groups warn of Series 60 trojan","A trojan by the name of  quot;Skulls quot; has appeared in the wild for some Series 60 smartphones, and users are warned to be wary as always.",Sci/Tech
It #39;s a winding road to Nextel Cup glory,"HOMESTEAD  So, what exactly do the top five in the Chase for the Nextel Cup have to do to win? NASCAR has done the math and it adds up like this: KURT BUSCH: Leading the Chase, Busch ",Sports
Clippers escape with victory over Bobcats,"Like any team bent on abiding by an unwritten rule of following sports cliches, the Clippers say they, yawn, take their games one at a time.",Sports
ISS shields Microsoft #39;s latest vulnerabilities,Internet Security Systems has announced that it has preemptive protection available for the four high risk vulnerabilities announced by Microsoft on Wednesday.,Sci/Tech
"No. 6 Notre Dame 60, USC 56","With the game on the line, Notre Dame turned to its senior leaders to help the sixth-ranked Fighting Irish avoid an upset by unranked Southern California.",Sports
SBC slashes DSL prices in phone bundle,SBC Communications said it will cut DSL prices to just \$19.95 a month for people who sign up for its full unlimited local and long-distance phone plans. Broadband Blog,Sci/Tech
Hammer Gold Medallist Annus Loses Medal," ATHENS (Reuters) - Olympic men's hammer champion Adrian  Annus has been stripped of his gold medal after failing to take  a drugs test, the International Olympic Committee said Sunday.",Sports
U.S. Knew Last Year of Flu Vaccine Problems,The FDA found serious problems of bacterial contamination 16 months before Britain closed the site.,Business
Firefox gains hints browser wars may heat up,"Washington - The Internet browser wars, dormant for several years, shows signs of heating up again as a result of gains from a new program called Firefox, a research report showed on Monday.",Sci/Tech
Don #39;t touch my internet!,"Cut off their connection to the web and people have moments of  quot;withdrawal and feelings of loss, frustration and disconnectedness quot;, according to a report released this week by Yahoo.",Sci/Tech
"Slow Economy, Oil Prices Send Stocks Down","NEW YORK - Investors extended their blue chip selloff Thursday as oil prices neared their all-time highs, renewing Wall Street's concerns that high energy costs would deflate third-quarter earnings. Only the Nasdaq composite index managed a minimal gain...",World
US long-term mortgage rates increase sharply,"Long-term mortgage rates in the United States increased sharply this week, mortgage wholesaler Freddie Mac reported Thursday in its weekly nationwide survey.",Business
Google laces Gmail with POP3 support,"Google Inc. will roll out POP3 (Post Office Protocol) support gradually over the coming weeks to Gmail users, who will be able to use the feature to download e-mail messages from Gmail servers to e-mail applications on devices such as PCs and wireless devices.",Sci/Tech
Nikkei Falls to 6-Week Low (Reuters),"Reuters - Tokyo's Nikkei average fell 0.4 percent\to a six-week closing low on Tuesday, marking an eight-day\losing streak, after oil prices topped  #36;50 a barrel, fanning\concern over the business outlook for Japanese companies.",Business
Hockey East schedule,"Games 7 p.m. unless noted OCTOBER 15 -- Merrimack at Providence; Denver at BC; Niagara at Maine; UNH at Michigan, 8; UMass at Nye Frontier Classic vs. Minnesota, 9",Sports
EU prepares green light for Turkey #39;s entry,"BRUSSELS: The EU sought Wednesday to keep pressure on Turkey over its bid to start talks on joining the bloc, as last-minute haggling seemed set to go down to the wire at a summit poised to give a green light to Ankara.",World
South Korea and Japan urge Pyongyang to resume nuclear talks,Leaders of Japan and South Korea have jointly urged North Korea to return to talks aimed at ending its nuclear weapons program. They agreed that imposing economic sanctions now on Pyongyang would thwart such efforts.,World
Eriksson Gives Johnson Hope of England Call,Sven-Goran Eriksson tonight gave Crystal Palace striker Andrew Johnson hope of a future England call-up despite having just missed out on the squad for next weeks friendly in Spain.,Sports
Suicide Bombings on Two Israeli Buses Kill 15," BEERSHEBA, Israel (Reuters) - Palestinian suicide bombers  killed at least 15 people in simultaneous attacks on two  Israeli buses on Tuesday, breaking a long lull in such violence  and potentially disrupting an Israeli plan to pull out of Gaza.",World
The world in your palm,New CDMA-GSM phones are hitting the market. Are they a niche device for business travelers or a bombshell set to rattle the wireless industry?,Sci/Tech
Cassini Spacecraft Flies By Saturn Moon,"Oct. 26, 2004 - The US-European spacecraft Cassini-Huygens on Tuesday made a historic flyby of Titan, Saturn #39;s largest moon, passing so low as to almost touch the fringes of its atmosphere.",Sci/Tech
Search heads toward enterprise desktops,"Desktop search has its sights set on corporate PCs, leaving enterprise IT wary of potential security issues associated with the highly anticipated tools.&lt;p&gt;ADVERTISEMENT&lt;/p&gt;&lt;p&gt;&lt;img src=""http://ad.doubleclick.net/ad/idg.us.ifw.general/solaris;sz=1x1;ord=200301151450?"" width=""1"" height=""1"" border=""0""/&gt;&lt;a href=""http://ad.doubleclick.net/clk;12204780;10550054;n?http://ad.doubleclick.net/clk;12165994;10522295;g?http://www.sun.com/solaris10""&gt;Solaris 10(TM) OS: Position your business ten moves ahead.&lt;/a&gt;&lt;br/&gt;Solaris 10 OS has arrived and provides even more\reasons for the world's most demanding businesses\to operate on this, the leading UNIX platform.\Like the fact you can run Linux and Solaris applications\side-by-side and run the same OS on SPARC(R),\AMD Opteron(TM), and Intel processor-based systems.\Discover more reasons and how Solaris 10 OS can move\your business ahead today.&lt;/p&gt;",Sci/Tech
Upscale Hotel Planned in Prince William County,Developers announced plans Thursday for a large hotel and conference center to be built on an environmentally sensitive bluff overlooking the Potomac.,Business
VW and union resume wage talks,Senior negotiators from Volkswagen and its main union have met to seek a deal on cost cutting that could head off the first full-blown strike at the carmaker #39;s western German factories.,Business
Humming sex toy shuts airport,SYDNEY: A sex toy vibrating in a rubbish bin has sparked a security scare and shut a regional Australian airport for almost an hour.,World
Computer Maker in an Alien World,A company that makes odd-looking computers for gamers wants to expand its market. But Alienware execs wonder how many customers will appreciate the glowing alien eyes and other flourishes that have become its signature. By Michelle Delio.,Sci/Tech
Prospective WBIX buyer pulls out ,"Accused embezzler Bradford C. Bleidt checked himself into the psychiatric unit at Massachusetts General Hospital this week, said investigators involved in the case, and they expect him to come forward in the next several days to face the civil charges against him.",Business
Youzhny wins St Petersburg title,Mikhail Youzhny won the second title of his career with a straightforward victory over Karol Beck in the final of the St Petersburg Open on Sunday.,Sports
"PLM vendors eye SMBs with alliances, tools",A growing interest in product life-cycle management capabilities by small and midsize manufacturing companies is fueling vendor attempts to make PLM technologies easier to deploy and use.,Sci/Tech
Sony in Talks to Sell Products at Wal-Mart,TOKYO - The electronics and entertainment giant Sony Corp. is talking with Wal-Mart Stores Inc. and Costco Wholesale Corp. in an effort to boost sales by shipping to US discount chains with which it previously did little business.,Sci/Tech
Rentokil May Say Profit Declined 8; McGowan Explores Overhaul,"Rentokil Initial Plc, the British owner of businesses ranging from pest control to parcel delivery, tomorrow may report an 8 percent drop in first-half profit as heightening competition for contracts put pressure on prices.",Business
McLaughlin has Woburn fired up,Going out on a high note is just what Woburn running back Mike McLaughlin wanted to do.,Sports
Artest Banned for Rest of Season After Ugly Brawl, NEW YORK (Reuters) - The National Basketball Association  suspended All-Star Ron Artest for the rest of the season and  Indiana Pacers team mates Stephen Jackson for 30 games and  Jermaine O'Neal for 25 following Friday's ugly brawl.,Sports
US bows to Russians,"Her serves may have cracked the crowd up but Elena Dementieva had the last laugh when she pipped Jennifer Capriati 6-0, 2-6, 7-6 (7-5) for a place in the US Open final.",Sports
Ogunleye: Dolphins showed no  #39;class #39;,"DAVIE - A day after he was traded to the Chicago Bears, defensive end Adewale Ogunleye said Dolphins General Manager Rick Spielman showed a  quot;lack of class quot; by continually denying that he would trade him to another team.",Sports
"Arsenal loss of form is a crisis, says Wenger",Arsene Wenger says Arsenal #39;s loss of form adds up to a crisis at Highbury but believes the feeling inside the club remains optimistic.,Sports
Disney to sell 313 retail stores to Children #39;s Place,"NEW YORK, October 20 (newratings.com) - The Walt Disney Company (DIS.NYS) has reached a definitive agreement to sell its North American Disney Store retail chain to Children #39;s Place Retail Stores Inc (PLCE) for an undisclosed price.",Business
Scottie Pippen promised not to return,"In a game against the Knicks in the 1994 NBA Eastern Conference semifinals, Scottie Pippen refused to take the floor with 1.8 seconds remaining after Phil Jackson designed a potential game-winning play for Toni Kukoc rather than Pippen.",Sports
Grace Park Takes Lead at Wachovia Classic (AP),AP - Grace Park closed with an eagle and two birdies for a 7-under-par 65 and a one-stroke lead after three rounds of the Wachovia LPGA Classic on Saturday.,Sports
"Trojans overcome mistakes, weather to rally past Beavers","CORVALLIS, Ore. - Thirty-seven years ago, a top-ranked USC team came to this Pacific 10 Conference outpost and could not overcome a muddy field in a stunning loss to Oregon State.",Sports
Shanghai to Honor Its Jewish Legacy," SHANGHAI -- Saul Marmer, a retired Cincinnati shoe retailer, peeled away from his tour group the other day to reflect on a special moment in Shanghai's long and eventful history. As summer rain bathed the city, and its residents raced about in their relentless drive to accumulate wealth, Marmer, 79, ducked into the Ohel Moishe Synagogue.",World
"No. 16 Minnesota 60, Wis-Green Bay 51","GREEN BAY, Wis. - Janel McCarville had her usual double-double down low, but it was two big outside shots from the guards that made the difference for No.",Sports
3 Former KMart Execs Charged with Fraud, WASHINGTON (Reuters) - Three former Kmart executives and  representatives of several major vendors were charged on  Thursday with fraudulently accounting for \$24 million of profit  before the retailer filed for bankruptcy in 2002.,Business
US Dream Team: a nightmare,"Someone forgot to inform the US Olympic basketball team that it was sent to Athens to try to win a gold medal, not to embarrass its country.",Sports
Hendrick team working through pain,"For those involved in NASCAR, racing is more than a sport. It is a way of life. It is a way of conducting one #39;s self throughout life, and eventually getting through the toughest part of life: dealing with death.",Sports
Australian Open Exec Says Clijsters Out (AP),"AP - Kim Clijsters' left wrist injury will keep her out of the Australian Open, tournament chief executive Paul McNamee said Thursday.",Sports
Spanish Bank BBVA to Buy Laredo National (AP),"AP - BBVA, Spain's second-largest bank, said Tuesday it has agreed to buy Texas-based Laredo National Bancshares for  #36;850 million in cash as part of a strategy to gain a greater share of the U.S. Hispanic market.",World
Phil Garner likes the Astros #39; chances of re-signing Carlos Beltran &lt;b&gt;...&lt;/b&gt;,"ANAHEIM -- If the Houston Astros had their druthers, Carlos Beltran and Roger Clemens would already be signed for next year, Wade Miller and Andy Pettitte would report to Spring Training in the best physical conditions of their careers and Lance Berkman ",Sports
Why Can't Wi-Fi Be More Like Star Trek? (Ziff Davis),"Ziff Davis - Opinion: This year, all of the big mobile operators are starkly aware that they're in a race. But ""Star Trek"" taught us never to make the mistake of assuming that people operate rationally.",Sci/Tech
Alamosa to Buy AirGate for \$392 Million,"Alamosa Holdings Inc. (APCS.O: Quote, Profile, Research) will acquire AirGate PCS Inc. (PCSA.O: Quote, Profile, Research) for \$392 million in stock creating the largest Sprint Corp.",Business
US clocks a third quarter growth of 3.9,"The US economy grew by 3.9 per cent in the third quarter of this year, a US government press release stated. On another quarter of robust growth, the US treasury secretary, John Snow, said, Americas Gross ",Business
"Tokyo Stocks Weak, Dollar Hurts Exporters"," TOKYO (Reuters) - Japan's Nikkei average fell 0.69 percent  by mid-afternoon on Thursday as a fall in the dollar further  weakened investor confidence over company earnings, prompting  selling on exporters such as Canon Inc.",Business
Eli Lilly Bares All,"In the spirit of full disclosure, the Big Pharma company publishes clinical trial results online.",Business
"Militants attack BSF camp, two dead","NEW DELHI, NOVEMBER 5: One militant and a jawan were killed and three security personnel injured when ultras made an abortive bid to storm a BSF camp at Sopore in Baramullah district of Jammu and Kashmir in the wee hours on Saturday.",World
North Korea's No. 2 Leader Visits China," BEIJING (Reuters) - North Korea's second-most senior leader  toured a shiny new science park in Beijing Monday, a first stop  on visit aimed at finding ways to help the North's moribund  economy as much as jump-starting stalled nuclear talks.",World
Lamy to reassure ASEAN on EU expansion,"BRUSSELS (DPA): European Union trade chief Pascal Lamy heads off to Jakarta for a meeting with economic ministers of the Association of Southeast Asian Nations (ASEAN) on Saturday, EU officials said on Thursday.",Business
Woman Auctions Father's Ghost on eBay (AP),AP - A woman's effort to assuage her 6-year-old son's fears of his grandfather's ghost by selling it on eBay has drawn more than 34 bids with a top offer of  #36;78.,Sci/Tech
Lukas Pulls Azeri Surprise,"D Wayne Lukas, the most successful trainer of all time at the Breeders Cup, caused a sensation today when he revealed 2002 Distaff winner and Horse of the Year Azeri will tackle Saturdays Breeders Cup Classic.",Sports
"Henry happy as Gunners, Blues draw",LONDON (AFP) - Arsenal striker Thierry Henry was happy enough with a 2-2 draw against Chelsea here at Highbury yesterday despite twice putting the champions ahead only to see the Premiership leaders draw level each time.,Sports
McClaren pays for lack of ambition,WITH a minimum of drama and an economy of effort - qualities that are seldom applicable to the club -ewcastle United last night qualified for the knockout phase of the Uefa Cup.,Sports
Winner Sun thankful to rains for a cool morning,"New Delhi, Oct. 3 (PTI): Overnight rains came as a blessing in disguise for Chinese runner Yingjie Sun, who crushed Irish star Sonia O #39;Sullivan #39;s dream of completing a rare triple of world titles by winning ",Sports
Dollar perks up from Friday's jobs slump (AFP),AFP - The dollar drifted higher against the euro in a modest recovery after Friday's decline following weak US job creation numbers for September.,World
"China will target 800 missiles at us, says Taiwan","TAIPEI - China is likely to have 800 ballistic missiles targeting Taiwan before the end of 2006, Taipei #39;s defence minister said yesterday as he pressed the case for an US\$18-billion (\$30.",World
Israelis rejoice in golden Olympic moment,"GLYFADA, Greece - When the first notes of the national anthem of Israel pierced the night air, years of yearning came pouring out of Israelis at the Olympic Sailing Centre.",Sports
UK minister visits Arafat grave,"UK Foreign Secretary Jack Straw has laid a wreath at the grave of former Palestinian Leader Yasser Arafat. Mr Straw is meeting Palestinian leaders at their headquarters in the occupied West Bank, following talks in Israel.",World
Strong Earthquake Strikes Northern Japan,A magnitude-5.9 earthquake rocked northern Japan this morning near the area where the countrys deadliest earthquake in a decade struck last month.,World
"Confusion Over Arafat, Palestinians Prepare Burial"," PARIS (Reuters) - Palestinians looked to their leadership  to lift confusion over Yasser Arafat's fate in a Paris hospital  on Wednesday as preparations gathered pace to bury the icon of  their fight for statehood. Arafat, 75, suffered a brain  hemorrhage on Tuesday at the hospital where he was flown from  the West Bank on Oct. 29 and had lain in a coma. Officials  insisted in public that he was alive, though aides said  privately that he was dead.",World
PeopleSoft to Conway: You're fired,The abrupt ouster of CEO Craig Conway comes after 15 months of battle against a hostile takeover bid by Oracle.,Sci/Tech
South Carolina Senate Race Surprisingly Close (Reuters),Reuters - Democratic state education\superintendent Inez Tenenbaum is giving Republicans an\unexpectedly tough battle for a U.S. Senate seat in\conservative South Carolina.,World
No Holiday Cheer for Band Aid and iTunes,Apple #39;s iTunes Music Store is causing a bit of a stir by refusing to sell the charity Band Aid song  quot;Do They Know It #39;s Christmas?,Sci/Tech
Wireless network smashes world speed record,"A new world record has been set for transmitting data across a wireless network, claim researchers in Germany. A team at Siemens Communications research laboratory in Munich, have transmitted one gigabit (one ",Sci/Tech
Dutch court bars Kurd extradition,A Dutch court blocks the extradition to Turkey of a Kurdish woman said to be a top militant leader.,World
Troops Hunting Al Qaeda Members Withdrawn,"  PESHAWAR, Pakistan, Nov. 27 -- The Pakistani army announced Saturday that it would withdraw hundreds of troops from a tense tribal region near Afghanistan where Osama bin Laden and his top deputy were believed to be hiding.",World
Tributes to  #39;distinguished #39; businessman,Tributes were being paid today to the  quot;enormously distinguished quot; Lord Hanson after the millionaire businessman died of cancer at his home in Berkshire last night.,Business
Best Buy adds Verizon to wireless line-up,"Sprint Corp. and RadioShack Corp. reported a multi-year agreement to develop, deploy and operate Sprint-branded kiosks in approximately 500 shopping malls across the country following a 10-month test program involving 10 Sprint kiosks.",Business
Delta Dodges Bankruptcy Bullet,"A tentative \$1 billion agreement reached by Delta Air Lines and its pilots union late Wednesday seemed to come at a painful, but practical cost.",Business
Three Members of Bhutto's Party Killed (AP),"AP - Unidentified gunmen opened fire on supporters of former Prime Minister Benazir Bhutto's party ahead of a key by-election, killing three people, police said Tuesday.",World
Dollar Hits 8-1/2-Month Low Against Euro, NEW YORK (Reuters) - The euro rebounded against the dollar  on Friday to hit 8-1/2-month highs in technically-driven buying  which offset the effect of a much stronger-than-expected U.S.  employment report for October.,Business
"Don #39;t blame Manuel, yet","You walk around feeling like your team is messing this up, that they #39;re doing it wrong, that the Phillies are doomed to unending futility - even when they do something right.",Sports
Colgate to Cut 12 Percent of Work Force (Reuters),"Reuters - Colgate-Palmolive Co.  said on\Tuesday it would cut about 12 percent of its 37,000-person work\force as part of a four-year restructuring plan for which it\anticipates after-tax charges of  #36;550 million to  #36;650 million.",Business
Campaign fails to change attitudes on Iraq: poll (AFP),"AFP - For all their fussing and fuming over Iraq, the US presidential candidates have barely made a dent in the basic attitude of Americans towards the war, a new poll suggested.",World
"Six killed, 11 seriously hurt in train derailment in England (AFP)","AFP - Six people were killed and 11 were seriously hurt when a high-speed train derailed after colliding with a car at a rural crossing in southern England, officials said.",World
Cystic fibrosis stem cells made,\The first human stem cell line with the mutation for cystic fibrosis (CF) has been developed by UK researchers.,Sci/Tech
Peruvian President: Japan Should Extradite Fugitive Fujimori,"Peruvian President Alejandro Toledo has called on Japan to extradite fugitive ex-President, Alberto Fujimori. Mr. Toledo made the demand Wednesday during a speech at the United Nations General Assembly in ",World
Madrid #39;s Beckham suffers broken rib,David Beckham broke his rib moments after scoring England #39;s second goal in yesterday #39;s 2-0 win over Wales in a World Cup soccer qualifying match in Manchester.,Sports
"Olympics: Halkia New Greek Goddess, Faces Down Questions","Fani Halkia, hailed by one Greek tabloid as a  quot;Winged Goddess, quot; stormed to Olympic victory in the 400 meter hurdles, sparking nationwide jubilation and much probing of her startlingly improved form.",Sports
EU: Coke EU anti-trust case settlement closer,Coca-Cola Hellenic Bottling Company has announced developments in the long-running EU investigation into anti-competitive practices.,Business
Berlusconi Says Will Sacrifice Buttiglione," ROME (Reuters) - Italian Prime Minister Silvio Berlusconi,  seeking to defuse an unprecedented crisis in the EU executive,  said Rocco Buttiglione would most likely be replaced as Italy's  candidate for the European Commission.",World
"Urging Fact-Checking,  Cheney Got Site Wrong",Vice President Cheney dropped a dot-bomb Tuesday night when he inadvertently directed millions of viewers of the vice presidential debate to an Internet site critical of the Bush administration.,Sci/Tech
Manchester United Fans Oppose Takeover (AP),AP - Manchester United's largest fan group is launching a registration drive to stop U.S. businessman Malcolm Glazer from buying the Premier League club.,Sports
Cancer? Suicide? Politics? That's Hilarious!,"As much as ever, George Carlin builds his humor around the taboo  his current routine includes long riffs on cancer, natural disasters and teenage suicide and yet somehow manages to get laughs.",World
HEVESI RIPS MERCK #39;S LOSS,"New York State Comptroller Alan Hevesi sued Merck  amp; Co. over pension fund losses related to Vioxx, the painkiller pulled from the market on Sept.",Business
Bonds #39; 700th homer ball brings lawsuit from fan,SAN FRANCISCO -- A court hearing is scheduled for today in a dispute over who is the rightful owner of the ball Barry Bonds hit for his 700th home run.,Sports
China warns rising energy prices to lead to more inflation in 2005,"BEIJING : Rising energy and raw material prices are pressuring inflation and will push up the consumer price index next year, state press cited the country #39;s top statistician as saying.",Business
"Oil Holds Above  #36;55, Braced for Winter (Reuters)",Reuters - Oil prices held firm above  #36;55 a\barrel on Wednesday as traders braced for the start of the\northern winter with thin heating oil supplies.,Business
Mid-cap may not be only choice,"Most experts expect mid-cap #39; #39; stocks, or stocks issued by medium-size companies, to perform well as our economy expands.",Business
IBM opens on demand tech center,"Hoping literally to bring users more in touch with its on demand technologies, IBM on Monday announced the opening of a new technology center in Gaithersburg, Md., to help users implement a number of different orchestration and provisioning capabilities.",Sci/Tech
Delgado Not Offered Arbitration by Blue (AP),"AP - Carlos Delgado was not offered salary arbitration by the Toronto Blue Jays before Tuesday's midnight deadline, leaving one of the biggest stars in franchise history to look for a new team.",Sports
Stocks End Higher Before Earnings Blitz,"US stocks advanced slightly on Monday as investors were optimistic that corporate earnings reports may exceed expectations, but oil at a fresh record near \$54 a barrel curbed gains.",Business
"UN court rules Milosevic must keep lawyers, but can lead his own &lt;b&gt;...&lt;/b&gt;",THE HAGUE (AFP) - Judges at the UN war crimes court ruled that former Yugoslav president Slobodan Milosevic can lead his own defense but must retain lawyers who were appointed by the tribunal in The Hague against his will.,World
New Haven firm gets nod for center,"(Hartford-AP Sept. 24, 2004 1:00 PM)_ A New Haven architect has been chosen to design the new Science Center to be built at Adriaen #39;s Landing in Hartford.",Sci/Tech
Defender to miss extra game,"NEW YORK -- Already hit with an automatic one-game suspension and a \$250 fine for drawing a red card, Kansas City Wizards defender Alex Zotinca has been issued an additional fine and suspension.",Sports
Sudan warns West,"Cairo - The speaker of the Sudanese parliament on Sunday warned the West against intervening in his country, saying it would open the  quot;gates of hell quot;.",World
"Kitajima sweeps both breaststrokes, Hanson third","ATHENS --After winning world titles in both breaststroke events last summer while setting world records in each, Japan #39;s Kosuke Kitajima sat helplessly from across the Pacific last month as American Brendan Hansen broke ...",Sports
Donald wins European Masters,European Ryder Cup player Luke Donald shot a 5-under-par 66 Sunday to win the European Masters by five strokes for his second European tour victory.,Sports
Armitage talks India with Pakistan,"ISLAMABAD: US Deputy Secretary of State Richard Armitage told Pakistani officials on Tuesday that Washington wants closer ties with the Muslim nation, a key ally in the US war on terrorism, officials said.",World
Toshiba Unveils 80 GB Hard Drive,"Toshiba has unveiled the world #39;s first hard disk drive (HDD) based on perpendicular recording, setting new benchmarks for data density by boosting the capacity of a single 1.8-inch hard-disk platter to 40 gigabytes.",Sci/Tech
E-vote critics urge changes to system,"With less than six weeks to go before the Nov. 2 presidential election, voting activists said officials still have time to set up a paper trail as a counterweight to an e-voting system they portrayed as wide open to manipulation.",Sci/Tech
"Fiesta, Holiday bowls now on CU #39;s list of possibilities","When Iowa State beat Missouri on Saturday afternoon to propel Colorado into the Big 12 Championship game, the Buffs #39; bowl possibilities expanded.",Sports
Cambodia set to crown new king,"Cambodians prepare for the coronation of King Sihamoni, amid an array of official festivities.",World
"WR Grace, Honeywell Settle Lawsuit","WR Grace  amp; Co., a chemical company currently in bankruptcy proceedings, on Monday said it has settled litigation with Honeywell International Inc.",Business
White House: Trying to Confirm Terror Group #39;s Allegiance to bin &lt;b&gt;...&lt;/b&gt;,"The Bush administration says it #39;s trying to confirm the latest declaration from the most feared militant group in Iraq. In a statement posted on a Web site Sunday, the group led by terror mastermind Abu Musab ",World
"Oracle is in a buying mood, its president says","LONDON -- As Oracle Corp. pushes forward with its hostile bid to acquire rival enterprise software maker PeopleSoft Inc. for \$7.7 billion, it is also sizing up further acquisition options, according to Oracle President, Charles Phillips.",Sci/Tech
"XM, Delphi Deliver Handheld Satellite Radio (NewsFactor)",NewsFactor - Satellite radio provider XM Radio has hooked up with hardware\manufacturer Delphi (NYSE: DPH) on a portable device that moves the emerging\entertainment service out of the car and into the hands of users.,Sci/Tech
Mixed Messages,"With the season winding down and conference championship games approaching, it seems an appropriate time to remind people of why some conferences are in favor of these games and why others aren't.",Sports
DoCoMo and Motorola talk phones,"Japanese mobile phone company DoCoMo is in talks to buy 3G handsets from Motorola, the world's second largest handset maker.",Business
"Ruiz, Golota Has Potential to Be Ugly","In this photo released by DKP, boxing promoter Don King, center, poses in New York, Thursday, Nov. 11, 2004 with the eight heavyweight boxers that will do battle in New York City #39;s Madison Square Graden on Staurday, Nov. 13.",Sports
Wells Fargo Takes Control of Strong (AP),"AP - Banking giant Wells Fargo  amp; Co. has taken control of embattled mutual fund provider Strong Financial Corp., completing an acquisition negotiated more than seven months ago under the cloud of a financial scandal.",Business
Japan  #39;concerned #39; on Korea missiles,"BEIJING Japanese negotiators expressed  quot;serious concern quot; Sunday about North Korea #39;s missile program, a Japanese diplomat said.",World
THE DARKNESS,"JUST when you thought the dark days were over for good, they came back with a vengeance. Perhaps it might not have needed Nostradamus to predict the outbreaks of violence at both Millwall and Chelsea this week.",Sports
Hicks #39; dad just wants to hug son,"THE parents of Australian terrorist suspect David Hicks are headed for Cuba for an emotional reunion with their son, who has been in US military detention for almost three years.",World
MCLEISH WILL STAMP OUT SLIP-UPS - HUGHES,Rangers midfielder Stephen Hughes insists manager Alex McLeish will lose no time in stamping out his sides unfortunate new habit of conceding early goals.,Sports
Bleidt's wife denies knowing of scam,"Local broadcast business reporter Bonnie Kirchner Bleidt said she didn't know anything about the alleged 20-year investment scam by her husband, Bradford C. Bleidt, before she received Bleidt's taped confession last Thursday at her office at radio station WBIX-AM, which he owns.",Business
Charges over Sudan 'coup plot',"Some 28 people are charged with trying to overthrow Sudan's President Bashir, reports say.",World
FOAI Lands FAA Conversations,"\\""In response to its FOIA request, EPIC has received from the Federal Aviation\Administration (FAA) transcripts (pdf) and audio recordings concerning the\request by the office of US House of Representatives Majority Leader Tom DeLay\(R-TX) to the FAA regarding the May 2003 search for the plane owned by Texas\State Representative Pete Laney (Tail Number N711RD).""\\""The May 12, 2003 audio recording of telephone conversations between the FAA's\Washington Operations Center and various FAA field employees clearly indicate\that the FAA employees were misled into believing that the request from DeLay's\office was part of 1) a formal Congressional investigation; 2) a formal\Congressional inquiry; a ...\\",Sci/Tech
Japanese hostage reported killed in Iraq,"A JAPANESE hostage abducted in Iraq has been killed, the Kyodo news agency reported last night. A body found near the town of Tikrit was identified as that of Shosei Koda, a 24-year-old ",World
House Panel Tackles NCAA's Sanctions (AP),AP - Champion skier Jeremy Bloom told a sympathetic congressional panel Tuesday that the NCAA cut his college football career short without giving him a fair chance to argue his case.,Sports
Removable disks back from the dead,&lt;strong&gt;Storage Expo&lt;/strong&gt; Iomega punts a hard disk autoloader,Sci/Tech
"For Mexicans, a Chorus of Patriotism",Citizens of Mexico pause to celebrate 150th anniversary of the country's national anthem.,World
Mexico lands partner for petrochemical site,"Mexico has chosen Canada #39;s Nova Chemicals Corp. as a  quot;strategic partner quot; to develop the Phoenix petrochemical project, and prop up a struggling national energy industry with billion-dollar investments.",Business
US-Russia Space Crew Set for Return to Earth,"A Russian Soyuz capsule carrying a US astronaut and two cosmonauts is set to return to Earth on Sunday, landing in darkness by parachute in the barren steppe of northern Kazakhstan.",Sci/Tech
UPDATE 1-Wenger fined for Old Trafford comments,"Arsenal manager Arsene Wenger has been fined 15,000 pounds (\$29,220) for improper conduct for comments he made after the champions #39; 2-0 defeat by Manchester United in October.",Sports
Danger of Image-Borne Viruses Looms,"Hackers are close to finding a way to spread harmful computer viruses just by getting people to open an e-mail message or visiting an infected Web site, computer security experts warned yesterday. &lt;FONT face=""verdana,MS Sans Serif,arial,helvetica"" size=""-2""\ color=""#666666""&gt;&lt;B&gt;-washingtonpost.com&lt;/B&gt;&lt;/FONT&gt;",Sci/Tech
Nalbandian to vie for Madrid Masters title,"Argentine David Nalbandian entered the Madrid Master final on Saturday, scoring 6-4 and 6-4 victory over Ivan Ljubicic of Croatia.",Sports
Russian Expects Vote on Kyoto Treaty (AP),"AP - Russia's parliament is moving toward a vote this month on the Kyoto Protocol, action that could bring the international treaty on climate change into effect after years of delay, the deputy prime minister said Monday.",World
"DR Horton Beats, Guides Up","Homebuilder DR Horton (DHI :NYSE - news - research) Wednesday reported a 52 jump in fourth-quarter profit, as the nation #39;s housing boom roared along despite the latest predictions of a long-awaited slowdown.",Business
Judge Orders Microsoft to Pay \$112 Million,SAN FRANCISCO -- A judge is ordering Microsoft Corp. to pay \$112.5 million to attorneys who successfully sued the software maker for monopolizing a segment of California #39;s market.,Sci/Tech
Kerry comrade breaks war silence,A US officer who fought alongside presidential candidate John Kerry in  Vietnam condemns his critics.,World
Two Hostages Executed in Iraq,"A militant group has claimed responsibility for killing a Turkish and an Iraqi hostage, Arab TV networks reported today. A video showing the killings of two men, who identified themselves as an Italian of Iraqi origin and a Turk, was released.",World
A Daily Look at U.S. Iraq Military Deaths (AP),"AP - As of Wednesday, Nov. 17, 2004, at least 1,214 members of the U.S. military have died since the beginning of the Iraq war in March 2003, according to an Associated Press count. At least 944 died as a result of hostile action, the Defense Department said as of Wednesday. The figures include three military civilians.",World
148 unarmed Palestinians killed in West Bank in 2004: Israeli army,The Israeli army said on Wednesday that a total of 148 unarmed Palestinians have been killed in the West Bank this year. A senior Israel Defense Forces (IDF) officer released ,World
Microsoft Offers Users Legal Protection,Software giant expands its indemnification program to cover the majority of its customers.,Sci/Tech
Short-term T-bill rates lower,"Interest rates on short-term Treasury securities fell in yesterday's auction. The Treasury Department sold \$19 billion in three-month bills at a discount rate of 1.68 percent, down from 1.69 percent last week. An additional \$17 billion was sold in six-month bills at a rate of 1.96 percent, down from 1.99 percent.",Business
MSN Music Store Adds to iTunes Competition,"MSN Music Store Adds to iTunes Competition \\Microsoft plas to release Windows Media Player 10 on Thursday alongside the highly anticipated MSN Music Store. WMP10 will be included in Windows XP Media Center Edition 2005 which finalized some time after SP2. According to Neowin,  Media Center 2005 is due ...",Sci/Tech
World #39;s Fastest Men Take Center Stage at Games,"For 10 pulsating seconds, the fastest men on earth take center stage on Sunday at the Olympics to run for the ultimate prize -- the 100 meters gold medal.",Sports
England take on Spain in friendly,"MADRID: Spain will host England for a friendly on November 17 in Real Madrid #39;s Santiago Bernabeu stadium, the profits from which will go towards the Association of Spanish Footballers (AFE), the Spanish Football Federation announced yesterday.",Sports
Fighting to Keep Smut-Spam in a Brown Wrapper,"Microsoft (Quote, Chart) has fired another salvo in its ongoing spam battle, this time against porn peddlers who don #39;t keep their smut inside the digital equivalent of a  quot;Brown Paper Wrapper.",Sci/Tech
Survivors rescued after 10 days,"MANILA, Philippines -- As the confirmed death toll from devastating storms in the Philippines rises to more than 840, rescuers have pulled at least four survivors from a building that collapsed in mudslides 10 days ago.",World
BA chief to probe delays,"British Airways Plc Chief Executive Rod Eddington has launched an investigation into last week #39;s flight delays and cancellations that stranded thousands of passengers, the Observer ",Business
U.S. Frees 11 Afghan Prisoners at Karzai's Request," KABUL (Reuters) - The United States has released 11 Afghans  held at Guantanamo Bay in Cuba on suspicion of Taliban links  after a request from President Hamid Karzai, an Afghan official  said on Wednesday.",World
Inter hope spending pays,INTER Milan coach Roberto Mancini believes the club #39;s lavish (northern) summer signings will enable them to mount a serious Serie A challenge this season.,Sports
Siebel to push customer education to make CRM work,Siebel Systems today unveiled a series of initiatives to help companies roll out software implementations more successfully and consolidate customer views in real time.,Sci/Tech
NFL: Eagles/Lions,_ Donovan McNabb threw for 356 yards and two touchdowns and ran for a score as Philadelphia beat Detroit 30-to-13. While the Eagles improve to 3-and-0 the surprising Lions fall to 2-and-1.,Sports
Blogs Abuzz with Gossip in Caustic U.S. Campaign (Reuters),"Reuters - The U.S. presidential campaign between\George W. Bush and John Kerry has prompted a frenzy of gossip\and conspiracy theories among Internet bloggers, hybrid online\sites that blend news, gossip and opinion.",Sci/Tech
New XP upgrades fall Micro-short,"Users of Microsoft #39;s Windows XP computer operating system should be on the lookout for the latest round of updates and patches, which fix several security problems but lack any real security advancements.",Sci/Tech
Kmart swings to profit in 3Q,"Discount retailer Kmart Holding Corp. reported a third-quarter profit Wednesday, reversing a year-earlier loss, as asset sales and cost containment helped offset a further decline in sales.",Business
Kim fires 62 to take first-round lead,"SPRINGFIELD (Illinois): Christina Kim celebrated her parents silver wedding anniversary by firing a 62, matching her career best, here Thursday to take the first-round lead in the \$1.",Sports
Tropical Storm Heads for Bahamas,"  SANTO DOMINGO, Dominican Republic, Sept. 18 -- Tropical Storm Jeanne headed for the Bahamas on Saturday after an assault on the Dominican Republic that killed 10 people, destroyed hundreds of houses and forced thousands from their homes.",World
F1: Storm disrupts Japan GP ,Saturday's qualifying session for the Japan GP is postponed because of a typhoon.,World
Greenspan Says US Can Weather Oil Price Increases,"Record oil prices are unlikely to inflict the economic pain they did in the 1970s, Federal Reserve Chairman Alan Greenspan said Friday, adding that he thought the world could adjust to higher-priced oil.",Business
COLUMN: Major League Baseball Strikes Out in Montreal, TORONTO (Reuters) - Canada bid a final adieu to the  Montreal Expos who disappeared from the country's sports scene  on Wednesday in a wave of bitterness and nostalgia.,Sports
Iran Plans to Resume Nuclear Enrichment, VIENNA (Reuters) - Iran said Monday it was losing patience  with U.N. inspections of its nuclear program and announced that  its agreement with the Europeans to halt uranium enrichment  would soon come to an end.,World
Jim Leyland Still Wants to Manage Again (AP),"AP - Jim Leyland still wants to manage again despite being turned down by the Philadelphia Phillies, but has little interest in any job that wouldn't allow him to return regularly to his Pittsburgh home.",Sports
NL: Bonds Drills 700th Career Homer Against Padres, SAN FRANCISCO (Reuters) - San Francisco Giants slugger  Barry Bonds hit his 700th career home run on Friday to join  Hank Aaron and Babe Ruth as the only major league players to  reach the milestone.,Sports
"Treasuries Moribund, Yield Curve Flattens", NEW YORK (Reuters) - U.S. Treasuries prices were moribund  on Thursday as a drought of major new data left the market at  the mercy of equities and oil price changes.,Business
"News: Ha, ha you're infected",A new version of the infamous Bagle worm series is spreading widely across the net.,Sci/Tech
Longer-Dated Treasuries Rise," NEW YORK (Reuters) - Longer-dated Treasuries rose on  Wednesday as a soggy batch of U.S. economic data dampened the  outlook for future growth, although a disappointing auction of  2-year notes curbed the session's gains.",Business
Powell: US will aid Palestinian elections,"Seeing a rare and probably fleeting opportunity to influence the Israeli-Palestinian dispute, the Bush administration is preparing financial assistance to help Palestinians ",World
Merrill Lynch Returns to Energy Trading,"Merrill Lynch (MER:NYSE - news - research), despite a checkered history in the energy sector, is jumping back in with its acquisition of the energy-trading business of Entergy-Koch.",Business
Cincinnati Reds Team Report - September 16,(Sports Network) - The Reds begin a four-game set against the Chicago Cubs at Great American Ball Park today. Cincinnati will rely on righthander Josh Hancock to get the job done on the mound tonight.,Sports
"DoCoMo, mmO2 confirm I-mode deal","Mobile phone carrier mmO2 PLC will launch versions of NTT DoCoMo's I-mode mobile Internet service in the U.K. and Ireland in the second half of 2005 and in Germany in early 2006, the companies said in a statement on Tuesday.",Sci/Tech
"Japan #39;s Stocks Rise, Led by Toyota, on Oil Drop; Daiei Plummets","Japanese stocks rose after oil prices fell from a record in New York on Friday, easing concern higher energy costs will damp consumer spending and corporate profits.",World
"Iraqi officer beheaded, US citizen captured","BAGHDAD, Iraq - Gunmen kidnapped a Lebanese-American businessman, the second US citizen seized this week in Baghdad, officials said Wednesday.",World
Political Pollsters  Don't Live on Elections Alone,"If you're tired of all those candidate polls after the long election season, you aren't alone. So are the pollsters.",Business
Columnists: Academia Headaches,"Academic institutions who have to add, manage, and secure thousands of new users within a period of just a few days face political and social issues on top of the immense technical ones.",Sci/Tech
Reds Hold on to Beat Phillies 7-6 (AP),AP - Felipe Lopez hit a tiebreaking two-run triple in the sixth inning and the Cincinnati Reds held on to beat the Philadelphia Phillies 7-6 Tuesday night.,Sports
Crude futures fall more than \$1,Crude futures fell more than \$1 a barrel yesterday amid mild weather in the US Northeast on the first trading day of the new year.,Business
House Toughens Penalties on P2Ps,The US House of Representatives approved legislation Tuesday night that could put some peer-to-peer (define) file swappers in jail for up to five years.,Sci/Tech
Intl Game Tech Posts Lower 4Q Profit,"International Game Technology, the world #39;s largest designer and manufacturer of casino slot machines, said Tuesday that fourth-quarter profit declined year-over-year due to a \$77 million charge for the early redemption of the company #39;s senior notes ",Business
FSU-Miami Showdown and Florida Opener Postponed by Hurricane, MIAMI (Sports Network) - Add the marquee showdown between  fifth-ranked Florida State and No. 6 Miami-Florida to the list  of sporting events postponed by Hurricane Frances.,Sports
AOL backs away from Microsoft antispam plan, America Online Inc. has decided not to fully support Microsoft's Sender ID spam-fighting plan citing intellectual property concerns from the Internet Engineering Task Force and the open-source community.,Sci/Tech
Peeping Tom webcam worm on the prowl,"Virus writers have developed a  #39;Peeping Tom #39; worm that can use webcams to spy on computer users in their home or workplace, internet security watchers have warned.",Sci/Tech
Brazil turn on style,"BRAZIL turned on the style here today to stay firmly on course for the 2006 World Cup finals. Ronaldo, Ronaldinho and Adriano found the net in the first-half, with only some inspired goalkeeping from Leonardo ",Sports
Canada Mulls Trade Sanctions Against US,Canada said on Tuesday it was considering whether to slap trade sanctions on a wide range of US imports to retaliate for Washington #39;s refusal to abandon a controversial anti-dumping law.,Business
Free Code Graphing,"\\""The fcgp comes from Rusty Russell's Linux Kernel Graphing Project (lgp) - and\that's basically still the current state. While being much more optimized than\the original, the code is still in several regards specific to the Linux\kernel (the 2.4 series). I (creinig) happened to be the first (and only) one\to actually submit a patch and when Rusty ran out of time, he ""convinced"" me\to take over maintenance :-)""\\""The code takes a Linux kernel source distribution, crunches over it for about\35 minutes on a 400MHz machine / 11 minutes on a 1.2GHz Athlon (as of V2.5.2),\requiring up to 90MB RAM at peak times and about 240MB disk space (without\kernel sources) and finally produces a 22MB post ...\\",Sci/Tech
Trump casino business files for bankruptcy,NEW YORK -- Donald J. Trump #39;s casino empire has filed for bankruptcy protection after months of negotiations with bondholders over restructructuring a crushing debt.,Business
US sees China pressing NKorea for quick resumption of nuclear talks (AFP),"AFP - China signalled to US Secretary of State Colin Powell it will press North Korea to return quickly to stalled talks on its nuclear weapons program, a senior State Department official said.",World
Manager Bowa Is Fired by Phillies,They failed to reach the playoffs for the 11th straight season after coming in as favorites to win the NL East. They were 85-75 when Bowa was dismissed before last night #39;s game against Florida.,Sports
US Special Forces Punished for Iraq Prisoner Abuse (Reuters),"Reuters - Four U.S. troops serving on an elite\special operations task force have been disciplined for abusing\prisoners in Iraq, including unauthorized use of Taser\electric-shock weapons, the Pentagon said on Wednesday.",World
Apple's iPod a Huge Hit in Japan,"The iPod is proving a colossal hit on the Japanese electronics and entertainment giant's home ground. The tiny white machine is catching on as a fashion statement and turning into a cultural icon here, much the same way it won a fanatical following in the United States.",Sci/Tech
"Algeria Security Feared Behind 5,200 Deaths"," ALGIERS (Reuters) - Algerian security forces members are  believed responsible for the deaths of 5,200 civilians who  disappeared during a decade-long struggle with Islamic rebels  and should face justice, a government-appointed official said.",World
Data Revision Shows Japan's Economy Grew (AP),"AP - Japan's economy barely grew during the quarter ending Sept. 30 and in the April-June period it actually shrank instead of squeezing out slight growth, according to revised government data released Wednesday.",Business
Screen shots: Election night gadgets,Among the devices used was a futuristic plasma monitor designed by three technology companies specifically for CBS.,Sci/Tech
"International Iraq conference, window-dressing","Many words, little action from international conference which was meant to help solve bloody violence in Iraq. By Marc Burleigh - SHARM EL-SHEIKH, Egypt.",World
Before the Bell - Cogent jumps 5.6 pct,"Shares of Cogent Inc. (COGT.O: Quote, Profile, Research) rose 5.6 percent in premarket trading on Monday following the fingerprint identification company #39;s market debut on Friday ",Business
Ethernet storage system brings 800GB to SMBs,ZDNet #39;s survey of IT professionals in October kept upgrading hardware at number two on the businesses radar throughout the year.,Sci/Tech
Sprint Reports Wider Loss on Writedowns (Reuters),Reuters - Sprint Corp.  on Tuesday\reported a wider third-quarter loss due to a writedown in the\value of its long-distance business.,Business
Youth Movement for the US Begins,"The tattoo on Lauryn Williams #39;s right hip is new this year, but it is already dated. It is Mickey Mouse, baton in hand, dashing through the University of Miami logo.",Sports
Iran optimistic over nuclear negotiations with EU,TEHERAN - Iran said on Monday it was optimistic ahead of crucial talks with the European Union aimed at striking a long-term accord that would ease concerns over the countrys nuclear programme.,World
Iranian hard-liners praise Palestinian bombers,"About 50 hard-line Iranians on Thursday placed a gravestone at a Tehran cemetery to commemorate the deaths of two Palestinians who carried out twin suicide bombings that killed 16 Israelis this week, witnesses said.",World
ATA Is Latest Airline to File For Protection,"ATA Holdings Corp., parent of ATA Airlines, the nation's 10th-largest carrier, filed for Chapter 11 bankruptcy reorganization yesterday, becoming the third U.S. airline operating under court protection.",Business
Swatch #39;s Paparazzi Watch Receives Wireless Information,Swatch has introduced the Paparazzi watch. The Paparazzi is a watch capable of displaying information it receives wirelessly through FM radio transmissions.,Sci/Tech
Mets #39; Aggressive Bonds Strategy Backfires,"Barry Bonds lounged in his personal leather recliner, watching his personal big-screen television, flanked by three of his devoted handlers.",Sports
Tech Titans (Forbes.com),"Forbes.com - Steve Ballmer\ #36;12.6 billion\Microsoft. Redmond, Wash.\48. Married, 2 children\""I'm confident we have some of the greatest dollar growth prospects in front of us of any company in the world, full stop, period--without question, it's there."" So said Microsoft's chief executive and boisterous booster in July. Cites corporate servers and America's living room, where Xbox commands a growing share of U.S. gaming market. ...",Sci/Tech
Lawyers Meet in Kobe Bryant Civil Suit (AP),"AP - Kobe Bryant's attorneys have identified about 125 potential witnesses to testify in the civil lawsuit filed against him by the woman who accused him of sexual assault, attorneys told a judge Wednesday.",Sports
Biaggi breaks leg in training accident,"Italian MotoGP rider Max Biaggi has broken his leg in training and will be out of action for at least two months, ANSA news agency reported on Monday.",Sports
'Prime Time' Wants Third Super Bowl Ring (AP),"AP - Deion Sanders insists he didn't come out of retirement for money, accolades or to prove he's still got a wealth of talent at age 37.",Sports
"Yankees Take Series Over Twins; Dodgers, Astros Win (Update5)","Alex Rodriguez doubled, stole third and scored on a wild pitch in the 11th inning as the New York Yankees rallied to beat the Minnesota Twins 6-5 and advance to the American League Championship Series against Boston.",Sports
Dollar falls as central banks consider selling,"LONDON: The dollar trawled record depths against the euro yesterday, hit by signs that central banks in Russia and elsewhere could step up sales of the ailing US currency to buy euros.",Business
"Militants Threaten to Behead U.S., UK Hostages in Iraq", BAGHDAD (Reuters) - Insurgents threatened to behead two  Americans and a Briton captured in Baghdad on Saturday and  launched a suicide car bomb attack on Iraqi security forces in  the northern city of Kirkuk that killed at least 23 people.,World
Mercedes Dulls DaimlerChrysler's Profit, FRANKFURT (Reuters) - An earnings stumble at  DaimlerChrysler's Mercedes flagship tarnished higher profits at  the world's fifth-biggest automaker on Thursday and stoked  questions about the loss-making Smart compact's future.,Business
Hewitt cops a Federer hiding,WORLD No.1 Roger Federer put on a punishing display of power tennis to defeat Lleyton Hewitt 6-0 7-6 (7-3) 6-0 in the US Open men #39;s final today.,Sports
Briefly: Microsoft ships Virtual PC 7,"roundup Plus: SGI warns of lower revenue, deeper loss...SAP taps search technology...Appeals court to rehear e-mail snoop case.",Sci/Tech
"Sony, Toshiba to Launch Digital Appliances With Super Chips in &lt;b&gt;...&lt;/b&gt;",Nov. 30--NEW YORK -- Sony Corp. and Toshiba Corp. said Monday they will launch digital consumer appliances with highly advanced semiconductors in 2006.,Sci/Tech
31 dead in passenger train collision in India,"Two trains collided head-on yesterday in northern India, killing at least 31 people in a crash that the railway minister called  quot;brutal murder quot;.",World
Relief Crew Is on Its Way to Space Station,A replacement crew for the International Space Station blasted off aboard a Soyuz spacecraft from the Baikonur Cosmodrome in Russia.,Sci/Tech
Playing with poise,"With the exception of some late-game trash-talking between the Boston bench and some boisterous New York fans at Madison Square Garden, the Celtics handled their first win of the season with considerable restraint. There were high-fives and hugs, but nothing over the top despite a 34-point rout of the Knicks Saturday night.",Sports
GM to invest \$200 mln in Saturn plant,"SAN FRANCISCO (CBS.MW) - General Motors said late Thursday that it plans to invest \$200 million to upgrade and expand its Fairfax, Kansas manufacturing plant for production of the 2007 Saturn midsize car, which will begin in the second half of 2006.",Business
UK retail sales rebound in Aug; up 0.6 pct from July to beat &lt;b&gt;...&lt;/b&gt;,"According to official data from National Statistics, retail sales rose 0.6 pct in August from July for a 6.5 pct annual increase. The figures were well above expectations of a 0.2 pct decline and a 5.8 pct gain respectively.",Business
Iraq's Interim Leader to Visit White House (AP),AP - Welcoming Iraq's interim president to the White House offers President Bush a chance to persuade Iraqi minority groups to participate in next month's election  #151; a pivotal step toward a democracy still threatened by a violent insurgency.,World
Transport firm terrorist base,IT WAS midnight when Indonesian anti-terror police turned up to an innocuous-looking freight transportation business in East Jakarta and searched the small building and its accounting and freight records.,World
Microsoft Expands MSN Music Store Download Service,"Microsoft Expands MSN Music Store Download Service\\Microsoft expanded its MSN Music Store to eight new countries yesterday, crossing the border into major European countries that iTunes staked its claim in during its U2 fueled EU push in October. With this expansion the MSN Music Store is now accessible in 17 ...",Sci/Tech
IBM claims virtualisation victory over EMC,IBM is claiming a storage management victory over EMCand has said it can control its entire line of storage arrays with the latest version of its San Volume Controller appliance.,Sci/Tech
Why Are Killer Bees So Slow?,"The dreaded Africanized honey beebetter known as the  quot;killer bee quot;may be buzzing slightly northward. Entomologists believe that an Africanized swarm was responsible for an attack in Tipton, Okla.",Sci/Tech
Former CA chief Kumar appears Cannes technology show,"CANNES, FRANCE-- Former Computer Associates International Inc. (CA) Chairman and Chief Executive Officer (CEO) Sanjay Kumar made a surprise appearance at the Etre technology conference in Cannes on Monday, three weeks after his indictment for securities fraud and obstruction of justice.",Sci/Tech
Sooners surpass Miami in BCS rankings; Utah 6th,"Oklahoma moved up to No. 2 in the Bowl Championship Series standings Monday and Utah is sixth, a position that would guarantee the Utes a spot in one of the four big-money bowl games if they can hold on to it.",Sports
"Mixed bag for Putnam Marsh chief #39;s exit met with relief, concern","For Putnam Investments, the end of the Jeffrey W. Greenberg reign at Marsh  amp; McLennan Cos. is bittersweet. His resignation on Monday was greeted with some relief ",Business
Sutton: Cink Proves Ryder Cup Mettle with Win," NEW YORK (Reuters) - U.S. Ryder Cup captain Hal Sutton said  Monday that Stewart Cink's victory at the \$7 million WGC-NEC  Invitational ""proved to the world"" he was an ideal wildcard  choice in the U.S. team.",Sports
Vols Want Respect by Beating Notre Dame (AP),"AP - The Tennessee Volunteers are ranked ninth in the country. They have defeated Southeastern Conference rivals Georgia and Florida. Yet they're counting on a victory over a struggling opponent for some national recognition. Of course, the opponent Saturday just happens to be Notre Dame.",Sports
So who ate all the pies in space?,"IN SPACE no one can hear you raid the fridge. So the astronauts on the International Space Station orbiting the Earth have found that, despite careful calorie counting, they are running out of food.",Sci/Tech
 #39;Lo #39; and behold! The internet turns 35,"LOS ANGELES - Researchers at the University of California, Los Angeles are celebrating the anniversary of the first message sent over what would eventually become the internet.",Sci/Tech
"From Troops, a Few Votes for a Quick Way Home","U.S. soldiers in Iraq are largely supportive of President Bush, but they also expressed widespread pessimism about the war.",World
MSN Music expands farther into Europe,Microsoft Corp. #39;s MSN Music online download service fired another salvo this week at Apple rival iTunes Music Store by announcing its expansion into new European countries.,Sci/Tech
"Chelsea Draws 0-0 at Home With Spurs; Everton, Newcastle Win",Chelsea missed the chance to go level on points with Arsenal at the top of English soccer #39;s Premiership by drawing 0-0 at home with Tottenham.,Sports
"Titans get 542 yards, 38 points - and a loss to Chiefs","Two of the league #39;s most disappointing teams put on quite a show in prime time. And after all the wild plays and big offensive numbers last night, a phantom penalty, followed by a 9-yard touchdown catch by ",Sports
Gym gear that avoids exercises in futility,"Overindulge this holiday season? To make up for it, many people will shop for high-tech treadmills or mail-order machines that will shrink their thighs while they make low, low monthly payments.",Business
Twins Win Third Straight AL Central Title!,The Minnesota Twins have wrapped up their third straight AL Central crown by routing the Chicago White Sox 8-2. The Twins banged out four homers in the clincher and helped Carlos Silva pick up his 13th win.,Sports
"ECB Trims Growth Forecasts for 2004, 2005"," FRANKFURT (Reuters) - The European Central Bank will cut  its euro zone economic growth forecasts for the next two years  when official projections are released on Thursday, a monetary  source told Reuters.",Business
Pampling takes over lead in Australian Open,Rod Pampling took advantage of perfect morning conditions to snatch a four-stroke lead midway through the second round of the centenary Australian Open on Friday.,Sports
Hot ticket item: \$1 million home,"The demand for homes above \$1 million -- a price point that increasingly refers to the move-up market in expensive parts of the Bay Area - - remained strong in the third quarter, though below the record-setting pace set in the second quarter.",Business
6 terrorist members charged for Philippine ferry bombing,"The Philippine authorities have charged six members of the Abu Sayyaf kidnap-for-ransom group for the super ferry bombing in February that left more than 100 people dead, the government said on Monday.",World
U.S. Hits Debt Limit After Ceiling Raises Delayed,"The House passed a \$690 billion increase in the debt ceiling in a 2005 budget resolution, but it was never adopted by the Senate, leading to delayed contributions to federal employees' pension systems.",Business
"New X Prize Sets Sights on Science, Technology and Social Solutions (SPACE.com)",SPACE.com - The X Prize Foundation and the World Technology Network announced today the formation of a joint venture to launch a series of technology incentive prizes to help spur innovation and breakthroughs in a range of scientific arenas.,Sci/Tech
"Kerry defends Vietnam record, challenges Bush (AFP)","AFP - Democratic Senator John Kerry accused President George W. Bush of using a front group to do the ""dirty work"" of attacking his Vietnam War record.",World
"After two decades, Veerappan saga ends (update):","India News: Chennai, Oct 19 : Tamil Nadu #39;s security forces were triumphant Tuesday after dramatically killing forest brigand Veerappan, ending a gory criminal saga as well as the country #39;s longest manhunt.",World
Survey: Mortgage Rates Inch Up for Week,"Mortgage rates inched up this week, but remained well below the year-high levels set in the spring. Freddie Mac, in its weekly survey released Thursday, reported that rates on 30-year, fixed-rate mortgages ",Business
Microsoft to show off team-development tools,Microsoft next month plans to distribute an updated beta version of its Visual Studio 2005 development tool that includes the first fruits of the company #39;s ambitious initiative for team development.,Sci/Tech
Japan to Ask U.S. to Remove Some Okinawa Bases -Paper," TOKYO (Reuters) - Japan plans to ask the United States to  move some U.S. marine bases from its southernmost prefecture of  Okinawa to a location outside Japan, the daily Yomiuri Shimbun  said on Monday.",World
Phonak appeals license refusal,GENEVA -- The Phonak cycling team wants to overturn a decision in which its racing license was denied because of a doping scandal.,Sports
Arizona to get ready for Wally-world,Their hiring of former JetHawks manager Wally Backman out of Single-A ahead of two finalists with significant major-league managerial and coaching experience to manage their big-league club is as much a risk as it is a statement.,Sports
Credit Issuers Shares Dented by Kerry Plan,Financial companies were under scrutiny Friday after Sen. John Kerry vowed to push for legislation that would curb credit card fees and protect homebuyers from unfair lending practices.,Business
"Gilbert Stuart, a Capturer of Presidents and Transmitter of History","The Metropolitan Museum's show reveals the portraitist's bountiful range. No doubt about it, he was and remains one of our greatest American painters.",World
"Toyota, Partner to Invest \$461 Mln in China Venture (Update2)","Toyota Motor Corp., the world #39;s biggest carmaker by value, will invest 3.8 billion yuan (\$461 million) with its partner Guangzhou Automobile Group to boost manufacturing capacity in ",Business
"NATO, Russia To Meet Over Beslan School Siege","6 September 2004 -- NATO Secretary-General Jaap de Hoop Scheffer has called a special meeting of NATO countries and Russia for tomorrow to discuss the school siege in southern Russia, in which more than 330 people died.",Sci/Tech
HP #39;s StorageWorks Grid Approach Makes Data Dynamic,Hewlett-Packard has unveiled its storage grid architecture strategyan approach that company executives claim is faster and more efficient than comparable products and systems on the market today.,Sci/Tech
England serve notice of intent,"Whether they care to admit it or not, this was the contest England had yearned for all summer. It was a measure of the team #39;s recent advance that they had become tired of pounding West Indies ",Sports
 #39;Self dealing #39; Black faces fraud charges,"American financial regulators have filed fraud charges against Lord Black of Crossharbour, the former controlling shareholder of the Telegraph Group of newspapers.",Business
Convicted killer Robert Baltovich finally in court in bid to clear his name (Canadian Press),"Canadian Press - TORONTO (CP) - Lawyers for Robert Baltovich, convicted 12 years ago in the murder of his girlfriend, began a long-awaited legal bid to clear his name Monday in an appeal that's expected to resurrect the grim spectre of sex killer Paul Bernardo.",World
New Threats Against Americans in Kabul,American officials warned U.S. citizens Monday to avoid high-profile locations and government facilities in the Afghan capital after Sunday's car bombing outside the office of an American security firm here.,World
Eight eBay sellers admit phony bids,"EBAY VENDORS were ordered to pay nearly \$90,000 in restitution and fines after admitting they bid up products online to inflate the prices.",Business
Martha Stewart Omnimedia shares soar,Martha Stewart Living Omnimedia Inc. stock jumped to its highest level in nearly four years on Friday following a steady climb spurred by Kmart Holding Corp.,Business
Spurrier Won #39;t Be Back Next Year,"Former Gator football coach Steve Spurrier will not be back coaching the Gators next fall. In a statement released just before noon, Spurrier said that he told Athletic Director Jeremy ",Sports
Lesser lights on leaderboard with Els,"In few other sports could three players across such a broad spectrum be in contention for a title. But such is the case after the first round of the Dunhill Championship, where only six of the world #39;s top 200 golfers are playing.",Sports
"Dell Expands Consumer Services to Spyware, Peripherals",A new 24-hour help desk will cover non-Dell or non-PC problems--for a charge.,Sci/Tech
RSS Attracts Really Serious Money,"Really Simple Syndication technology, which lets news junkies get instant info feeds from multiple sites, is grabbing investors' attention. The latest evidence: a multimillion-dollar funding round for RSS developer Technorati. By Daniel Terdiman.",Business
Hearing Will Be Long,Supporters and detractors of a plan to bring baseball to the District are lining up to make their case before the D.C. Council.,Sports
The Firefox Surge,"NEW YORK - A sudden, measurable decline in market share in any product over the course of a few months says something, even if that product is one whose producer still holds about 90 of the market in question.",Sci/Tech
Blue Gene breaks speed records,"IBM #39;S Blue Gene supercomputer, which is still being installed at Lawrence Livermore National Laboratory, has set an unofficial performance record.",Sci/Tech
Mars Odyssey Begins Overtime After Successful Mission,"Image: This map shows the estimated lower limit of the water content of the upper meter of Martian soil.  quot;Odyssey has accomplished all of its mission-success criteria, quot; said Dr.",Sci/Tech
Bush overcomes bin Laden in battle for Britain's Turner Prize (AFP),"AFP - An exhibit featuring a film about US President George W. Bush's home town in Texas won the Turner Prize, Britain's most prestigious art award, pipping a digital recreation of Osama bin Laden's house.",World
"Play it differently, Sam: Jussi Jskelinen at Bolton","Already last season Bolton Wanderers, a modern-day minnow even if they were one of the founder-members of the Football League in 1888, managed to cause a measure of astonishment in the English Premiership.",Sports
Sanderson joins Iowa State coaching staff,"Ames, IA (Sports Network) - Former Iowa State standout wrestler Cael Sanderson has joined the school as an assistant for the upcoming season.",Sports
Macromedia Bolsters Flex with New Development Environment,"Capitalizing on the rapid adoption of its Flex presentation server, Macromedia Inc. is rolling out a new integrated development environment for the platform based on the popular Dreamweaver Web site tool.",Sci/Tech
Afghan opium cultivation area increased by 64 percent: UN :,"New York, Nov 19 : In a highly disturbing development, the area under opium cultivation in Afghanistan increased by 64 percent this year, giving the country the dubious distinction of establishing a new record in its cultivation and becoming the largest ",World
Veritas Shares Jump on Report of Talks With Symantec (Update5),"Veritas Software Corp. shares rose as much as 13 percent after the New York Times said Symantec Corp. is in talks to buy the company for more than \$13 billion, in what would be the second-biggest deal ever in the software industry.",Business
"Stocks Slip on Oil, Soggy Sept. Sales"," NEW YORK (Reuters) - U.S. stocks fell on Thursday,  pressured by record oil prices, disappointing September sales  from retailers and a drop in drug stocks.",Business
Online Sales Jump in November,"Online consumers in the United States spent \$8.8 billion, excluding travel purchases, in November, a 19 percent jump over the \$7.4 billion spent online a year earlier, a report released Monday said.",Sci/Tech
"Once a Palace, Now Saddam Hussein's Prison","Saddam Hussein lives in an air-conditioned 10-by-13 foot cell on the grounds of one of his former palaces, tending plants and proclaiming himself Iraq's lawful ruler.",World
Brown has no room for giveaways,"The Chancellor has faced bad news on government tax revenues and borrowing so far this year - too little tax revenue, too much borrowing.",Business
Where Is the Hurricane Going?,"Hurricane science in the new century is a mix of growing skill and persistent uncertainty, of intuition and algorithms, satellites and erasers.",World
VITAL SIGNS At Risk: Sugary Drinks Linked to Weight,"ugar-sweetened soft drinks pack plenty of calories, but drinking them does little to make a person feel full. That may explain why a study has found that women who drink a lot of sugary beverages stand a higher chance of gaining weight.",Sci/Tech
Fewer People Paying for Music Downloads - NPD (Reuters),"Reuters - Apple Computer Inc's \iTunes remains the leader in paid digital music downloads, but\the number of paying customers for this sector  overall has\decreased since April, research firm NPD said Tuesday.",Sci/Tech
Return man back for more,There wasn't much more Will Blackmon could have done for his Boston College teammates in last night's 19-11 victory over Ball State.,Sports
Oil prices raise cost of gasoline,"LOS ANGELES - Gasoline prices have climbed nearly 8 cents a gallon in the last two weeks because of record-high crude oil prices, and they are likely to continue rising, an industry analyst said Sunday.",Business
Google introduces wireless service,"Text messaging users can use Google SMS to get specific search information such as prices, definitions, area codes, ZIP codes and phone listings.",Sci/Tech
Rain has the last laugh as second Test ends in a draw,"MADRAS, India - India and Australia both rued a missed opportunity of victory after bad weather ruined an absorbing climax to the second cricket Test on Monday.",Sports
Orthodox Church leader dies in helicopter accident (AFP),"AFP - The Patriarch of Alexandria, Peter VII, one of the most senior figures in the Greek Orthodox Church, was killed along with 16 others in a helicopter crash in the Aegean Sea, Church sources said.",World
Iraqi soccer team prepares for Olympics semis,"Iraqs successful Olympic soccer team is preparing itself for its biggest sporting challenge at the Athens 2004 Olympics. On Tuesday night, Iraqi players will play against Paraguay in the Olympics football semi-finals.",World
AutoZone Needs an Oil Change,The auto parts retailer remains strong despite slower than expected growth.,Business
Airbus beats Boeing to \$6bn order from low-cost carriers,Airbus landed another blow in its battle with rival aircraft maker Boeing with an order which could be worth up to \$6bn (more than 3bn).,Business
"NFL: Kansas City 27, Baltimore 24",Kansas City #39;s Priest Holmes ran for two touchdowns and Trent Green passed for one Monday night in a 27-24 win over the Baltimore Ravens.,Sports
Russia Could Finish Kyoto Approval by Year-End," MOSCOW (Reuters) - Russia could ratify the Kyoto Protocol  by the end of the year and kick-start global attempts to  control climate change, Deputy Prime Minister Alexander Zhukov  said on Thursday.",World
Mortgage Applications Fell Last Week -MBA," NEW YORK (Reuters) - Applications for home mortgages in the  U.S. fell last week even as mortgage rates edged down, an  industry group said on Wednesday.",Business
U.S. Deserter Leaves Army Base for New Life in Japan, TOKYO (Reuters) - A former U.S. army sergeant who deserted  to North Korea nearly four decades ago left a U.S. military  base near Tokyo on Tuesday for a new life with his family in  his Japanese wife's home town.,World
"Gaza Smuggling Tunnel Collapses, Trapping 5"," GAZA (Reuters) - A smuggling tunnel being dug by  Palestinians on the Gaza-Egypt border collapsed on Friday and  at least five people were trapped inside, witnesses in the Gaza  frontier town of Rafah said.",World
National Semiconductor Sells Imaging Unit,Integrated circuit maker National Semiconductor Corp. said Tuesday that it will sell its imaging unit to photo equipment maker Eastman Kodak Co.,Business
Constitutional Court confirms Yudhoyono #39;s victory,The Indonesian Constitutional Court has confirmed Susilo Bambang Yudhoyono #39;s election victory asincumbent Megawati Soekarnoputri left the public guessing whether she would accept the result.,World
UK Prime Minister Blair Warmly #39; Congratulates President Bush,"UK Prime Minister Tony Blair said he warmly congratulated #39; #39; US President George W. Bush on winning a second term, and urged him to revitalize the Middle East peace process.",World
U.S. Video Games Sales Up 11 Pct in Nov.,"&lt;p&gt;\&lt;/p&gt;&lt;p&gt; LOS ANGELES (Reuters) - Sales of video games rose about 11\percent in the United States in November, analysts said on\Friday, with two key titles responsible for almost 30 percent\of all games sold in the month.&lt;/p&gt;",Sci/Tech
Shutters come down for Kodak,"THE photo-equipment maker Kodak yesterday announced plans to axe 600 jobs in the UK and close a factory in Nottinghamshire, in a move in line with the giants global restructuring strategy unveiled last January.",Business
Spectrum-FDA OKs Generic Version of Cipro," CHICAGO (Reuters) - Spectrum Pharmaceuticals &lt;A HREF=""http://www.investor.reuters.com/FullQuote.aspx?ticker=SPPI.O target=/stocks/quickinfo/fullquote""&gt;SPPI.O&lt;/A&gt; said  on Friday U.S. regulators have approved its generic version of  Bayer's &lt;A HREF=""http://www.investor.reuters.com/FullQuote.aspx?ticker=BAYG.DE target=/stocks/quickinfo/fullquote""&gt;BAYG.DE&lt;/A&gt;  Cipro antibiotic, triggering a \$750,000  equity investment by one of its partners.",Business
Stelmar Being Acquired for \$677 Million," NEW YORK (Reuters) - Private equity firm Fortress  Investment Group LLC has agreed to buy oil tank operator  Stelmar Shipping Ltd. &lt;A HREF=""http://www.investor.reuters.com/FullQuote.aspx?ticker=SJH.N target=/stocks/quickinfo/fullquote""&gt;SJH.N&lt;/A&gt; for \$677 million, Stelmar said on  Monday.",Business
"Day one goes to rain, Australia",A match that assumed grave importance for India as a face saver of sorts has been cut short due to rain. The day was marked by rain and more rain and the only time the umpires decided to start play led to ,Sports
"California, Mexico advance to next level","SOUTH WILLIAMSPORT, Pa. -- Looking ahead to the US championship game almost cost Conejo Valley in the semifinals of the Little League World Series.",Sports
Apple Shares Close at 4-Year High," SAN FRANCISCO (Reuters) - Shares of Apple Computer Inc.  &lt;A HREF=""http://www.investor.reuters.com/FullQuote.aspx?ticker=AAPL.O target=/stocks/quickinfo/fullquote""&gt;AAPL.O&lt;/A&gt; on Thursday closed at a four-year high as the iconic  computer maker this week rolled out an iPod that displays  photos and opened nine new iTunes online music stores in  Europe.",Business
Filibuster Threatened over Corporate Tax Changes,Description: The Senate on Friday scrambled to finish work on the biggest revision of corporate tax codes Congress has considered since 1986.,Business
Voices: Iranian Judo scandal,"Iran #39;s Judo champion, a favourite at the Athens Games, has disqualified himself rather than face an Israeli opponent, apparently on the instruction of Iran #39;s Olympic Committee. So far the International Olympic Committee has been silent. What #39;s your view? ...",Sports
Beslan mourns as Putin vows tough response to  #39;all-out war #39; by &lt;b&gt;...&lt;/b&gt;,Funeral processions snaked through this grief-racked town as relatives buried victims of the school siege in southern Russia in rows of freshly dug graves Sunday.,World
Packers Going Through Some Trying Times (AP),"AP - A fight between teammates, incessant trade talk about Mike McKenzie, Brett Favre's bum shoulder, a desolated defense.",Sports
IBM and Honda team-up to improve speech recognization system,IBM and Honda have teamed-up and developed a hands-free and natural sounding in-vehicle speech recognization system. This system will be integrated in Honda #39;s Acura RL 2005 model and will be offered as an optional accessory in Honda Odyssey 2005 model.,Sci/Tech
Marathon Mice Created to Run Farther,"Researchers have unveiled genetically engineered mice that can run farther and longer than their naturally bred brethren, bringing the genetic doping of elite athletes a small step closer to reality.",Sci/Tech
Earnhardt Fined for Checkered Language,"Dale Earnhardt Jr. cursed on a nationally televised Nascar broadcast on Sunday, and it cost him the lead in a close race for the Nextel Cup drivers championship.",Sports
US stars fizzle with pressure on,"If you #39;re looking for a reason the favored United States team lost for the seventh time in the past 10 Ryder Cup Matches, look at the reason the Americans were favored.",Sports
Trend Micro Gives Away Mobile Antivirus App,"Trend Micro will become the latest major antivirus software company to provide protection against mobile phone viruses, with new antivirus and antispam software for mobile phones running the Microsoft Windows Mobile and Symbian operating systems.",Sci/Tech
BellSouth and SBC Partner to Buy YellowPages.com,"BellSouth and SBC Partner to Buy YellowPages.com\\SBC Communications Inc. and BellSouth Corp. announced that their directory affiliates have created an Internet yellow pages partnership that has entered into a definitive agreement to acquire the online directory publisher www.yellowpages.com, Inc. The new venture will utilize the highly recognized YellowPages.com brand and ...",Sci/Tech
It came from the vaults! Google seeks to open the library,"In what could be a historic move in the history of the internet, Google has announced arrangements with Harvard University, and a handful of public libraries, to digitize parts of their valuable collections and make them available over the public web.",Sci/Tech
St. Louis Rams Release Punter Sean Landeta (AP),AP - Shaky special teams helped cost punter Sean Landeta his job with the St. Louis Rams.,Sports
Axa misses on Australia takeover,European insurance giant Axa has withdrawn its Aust. \$3.4 billion (\$2.48 billion) offer for the 48.3 percent of Axa Asia Pacific Holdings it doesn #39;t own after independent directors ,Business
PalmOne unveils Tungsten T5,PalmOne has announced a new version of its Tungsten-class personal digital assistant designed to protect data even when its battery dies.,Sci/Tech
Jjb has 448 Stores Across the Country and Is the UK #39;s Biggest &lt;b&gt;...&lt;/b&gt;,"The group, which issued a profits warning in July and floated on the stock market a decade ago, revealed the approach in a statement last Friday.",Business
American adds fee for non-Web ticket buys,"Fort Worth-based American Airlines Inc. has followed the lead of competitor Northwest Airlines by adding a new charge to travelers who book tickets over the telephone or at ticket counters, in an effort to ",Business
"Netflix, TiVo Partner To Offer Online Films (TechWeb)","TechWeb - Netflix, TiVo team up to work with Hollywood studios to develop technology for the delivery of video programming over the Internet.",Sci/Tech
Pakistan PM arrives in Nepal,"Kathmandu, Nov 1 (UNI) Pakistan Prime Minister and SAARC chairperson Shaukat Aziz arrived here today on a two-day visit to the Himalayan Kingdom.",World
Japanese Troops Authorised to Stay in Iraq,"Japans Cabinet today approved a plan to keep Japanese troops in Iraq for another year. Prime Minister Junichiro Koizumi, a vocal supporter of the US-led invasion of Iraq, had argued the dispatch was needed ",World
BSkyB Gets Exclusive Live Rights to England Cricket (Update1),"British Sky Broadcasting Group Plc, Rupert Murdoch #39;s UK pay-television arm, won an exclusive four- year contract to show live English cricket, cementing its grip on sports programming in Britain.",Sports
"TSMC, Freescale to jointly develop chip technology","TAIPEI - Taiwan Semiconductor Manufacturing Co. Ltd. (TSMC), the world's largest contract chip maker, has teamed up with Freescale Semiconductor Inc. to jointly develop SOI (silicon-on-insulator) technology for chips made using a 65-nanometer (nm) process, the companies said in a statement Tuesday.",Sci/Tech
New Modem May Offer On-Road Connectivity (AP),AP - A top networking gear producer plans to offer a speedy new cellular technology that's an alternative to DSL and cable Internet access with the added advantage of being available on the road.,Sci/Tech
Moore ousts Overton in US Amateur,"Moore, a senior at UNLV who has already won the NCAA Division I, US Amateur Public Links and Western Amateur titles, will face Luke List, who beat Chris Nallen in 19 holes, in today #39;s 36-hole final.",Sports
Google Works with Libraries to Search Book Collections,"Google Works with Libraries to Search Book Collections\\Google is taking its searchers away from the bookstore, and back to the library. Google today announced that it is working with the libraries of Harvard, Stanford, the University of Michigan, and the University of Oxford as well as The New York Public ...",Sci/Tech
Microsoft Extends Overture Deal to 2006,Microsoft and Yahoo agreed to a one-year extension of MSN #39;s deal to show Overture Services #39; paid listings on its Web sites.,Sci/Tech
"Twelve Iraqis Die in Car Bombs, Clashes",Car bombs and clashes killed 12 Iraqis Monday and three Australian troops were wounded in the first attack on their contingent since the end of the Iraq war.,World
Microsoft probing reported flaws in Windows XP SP2,"Microsoft is downplaying claims that several new vulnerabilities in Windows XP SP2 were discovered by Finjan Software, but it is looking into the claims anyway.",Sci/Tech
Slate #39;s Jurisprudence: Court Mulls Wine by Mail,Description: NPR #39;s Alex Chadwick talks with Slate legal analyst Dahlia Lithwick about Tuesday #39;s arguments before the US Supreme Court concerning interstate wine sales.,Business
Russian vow  #39;a threat to everyone #39;,"Russia #39;s threat to target  quot;terrorists anywhere quot; is a danger to Britain, Europe and the rest of the world, a top Chechen separatist based in the UK has warned.",World
Behind the hostage crisis,"Nobody could fail to be moved by Lil Bigley #39;s televised plea to Iraqi militants to have mercy on her son Ken, the 62-year-old British contractor who has been held by the Tawhid and Jihad Group for the past week.",World
"Update 4: Alitalia Reportedly to Cut 5,000 Jobs","Its future at stake, Italy #39;s flagship air carrier Alitalia said Monday it plans to cut 5,000 jobs - almost a fourth of its workforce - as part of restructuring efforts aimed at averting collapse.",Business
Greenback gains broadly ahead of Fed meeting,"CHICAGO (CBS.MW) - The US dollar #39;s biggest gain came against its Canadian counterpart on Friday, as Canadian inflation data raised doubts about the scope of interest-rate hikes there.",Business
"In Shadow of 9/11, Hamburg Tracks Atta Contacts (Reuters)",Reuters - The balding young man with the\black beard raised his hands to cover his face as three\visitors entered the room.,World
Megawati refuses to concede defeat,"Megawati Sukarnoputri has declined to concede defeat in Indonesia #39;s first direct presidential election, although with most votes counted, she is too far ",World
Wall St Seen Edging Up on Crude Price," LONDON (Reuters) - Wall Street was expected edge higher at  Tuesday's opening as the price of U.S. crude oil eased, with  insurers firming after the head of Marsh   McLennan Cos.  Inc.&lt;A HREF=""http://www.investor.reuters.com/FullQuote.aspx?ticker=MMC.N target=/stocks/quickinfo/fullquote""&gt;MMC.N&lt;/A&gt; resigned.",Business
Three-way deal close,"Randy Johnson was on the verge of joining the New York Yankees in a three-team, megadeal that also includes Shawn Green and Javier Vazquez, the Associated Press reported on Thursday night.",Sports
Thatcher  #39;planned to quit S Africa #39;,"Sir Mark Thatcher was planning to leave South Africa when he was arrested, authorities in the country said. The son of former Prime Minister Margaret Thatcher is under house arrest and facing the possibility ",World
Top Researchers Ask Web Users to Join Science Grid,IBM and top scientific research organizations are joining forces in a humanitarian effort to tap the unused power of millions of computers and help solve complex social problems.,Sci/Tech
Bank of England policymakers meet; no change seen on interest rates (AFP),AFP - The Bank of England's rate-setting Monetary Policy Committee (MPC) began its two-day monthly meeting amid broad expectation that interest rates will be left unchanged due to signs of economic slowdown.,Business
"2nd UPDATE: Xstrata Bids A\$7.4B For WMC, Rivals Circle","MELBOURNE (Dow Jones)--Swiss-based Xstrata Plc (XTA.LN) Thursday put WMC Resources Ltd. (WMR.AU) in play, offering A\$7.4 billion for the Australian miner that represents the start of a long bidding war.",Business
Oil Hits \$44 as U.S. Crude Stocks Slide," NEW YORK (Reuters) - Oil prices soared to \$44 a barrel on  Wednesday, ending an eight-day streak of losses as a U.S.  government report showed crude oil stocks falling to the lowest  level in five months.",Business
Some Online Sites Falter During the Holiday Rush,"Holiday slowdowns and crashes at Kmart.com, Amazon.com and others highlight the Web's persistent growing pains.",Sci/Tech
XM to Sell Portable Receiver for  #36;350 (AP),AP - XM Satellite Radio said Tuesday it will sell a portable satellite radio with a built-in antenna that can record up to five hours of programming.,Sci/Tech
"Iraq Bombings Kill 35 Youths, Hurt Scores (AP)",AP - A string of bombs killed 35 children and wounded scores of others as U.S. troops handed out candy Thursday at a government-sponsored celebration to inaugurate a sewage plant. It was the largest death toll of children in any insurgent attack since the start of the Iraq conflict.,World
Noguchi looks back," quot;I really feel its weight, quot; Noguchi said.  quot;Every time I look at it, my eyes well up in tears. I want to show it to all the people who made it possible.",Sports
Parsons: AOL Warns Subscribers Re Broadband Service,An idea whose time has passed? America Online told broadband subscribers in nine southern states to seek a new high-speed carrier by Jan. 17.,Sci/Tech
Sun stares down Red Hat with Solaris 10,That appears to be the flag Sun Microsystems will be waving today as it officially unveils Solaris 10 (even though the OS won #39;t actually ship until January).,Sci/Tech
Rhythm not thrown off by their line dance,"They comprised one of the steadiest units in the NFL last season, so much so that the Patriots' offensive line made their lineup changes at the beginning and end of the season go virtually unnoticed.",Sports
Microsoft Floats NetWare Migration Promo,"Officials at Microsoft (Quote, Chart) took advantage of their new arrangement with Novell (Quote, Chart) to launch a promotion to get US customers off the NetWare operating system and onto Windows Server 2003.",Sci/Tech
U.S. Urges Venezuela to Ease Rhetoric (AP),AP - The State Department's second-ranking official said Friday the future of U.S. relations with Venezuela could hinge on whether that country tones down its anti-American rhetoric.,World
Gartner: Piracy driving Linux PC shipments,"Although Linux may be shipping on a growing number of PCs sold in the emerging markets of Asia, Latin America, and Eastern Europe, about 80 percent of PCs shipped with the open source operating system this year will eventually run pirated versions of Windows, industry research firm Gartner estimated in a report issued September 21.",Sci/Tech
"IBM, AMD develop new use of strained silicon","IBM and Advanced Micro Devices(AMD) have jointly developed a new method for implementing strained silicon technology on both positive and negative transistors, the companies are expected to announce Monday.",Sci/Tech
WTO Eyes U.S. Offshore Web Gambling Ban,"In a ruling that could open the United States to offshore Internet gambling, a World Trade Organization panel Wednesday said Washington should drop prohibitions on Americans placing bets in online casinos.",Sci/Tech
"Men's Basketball: Argentina Beats Italy, Takes Gold"," ATHENS (Reuters) - Argentina beat Italy 84-69 to win the  men's Olympic basketball gold Saturday, the country's first  medal in the sport.",Sports
New N.Ireland talks as leaders push for swift peace deal (AFP),AFP - British Prime Minister Tony Blair and his Irish counterpart Bertie Ahern were meeting Northern Ireland's main Protestant and Catholic leaders as efforts intensified to seal a comprehensive power-sharing deal in the province.,World
Wal-Mart Lowers August Sales Forecast,Wal-Mart had previously expected same-store sales to grow between 2 percent and 4 percent during the month. Today it gave a range from flat to up 2 percent.,Business
US Fed official says economic softness  quot;fleeting quot;,President of the US Federal Reserve Bank of Atlanta Jack Guynn said on Wednesday that the soft patch that the US economy hit recently was likely to be short-lived.,Business
Infineon execs get to serve time over price-fixing,"Four senior executives of German chipmaker Infineon Technologies will serve jail time and pay steep fines for their role in a scheme to fix prices in the memory chip market, said the US Department of Justice.",Sci/Tech
Islamabad backs Kofi Annan,"ISLAMABAD: Pakistan has lent its full support to United Nations Secretary General, Kofi Annan and wishes to see him complete his remaining tenure in office.",World
Pakistan bans religious meetings,Public religious meetings are banned in Pakistan after Thursday's bomb explosion in Multan kills at least 40 people.,World
Ailing Tiger Two Back at American Express (AP),"AP - Tiger Woods hardly looked like himself until a painful first round at the American Express Championship was over and he signed for a 4-under 68, two shots out of the lead at a tournament he has won the last two years.",Sports
Spurrier Wants to Return to College Ranks (AP),AP - Steve Spurrier wants to return to college coaching.,Sports
Minsheng sells stake to Temasek,"BEIJING, Nov. 22 (Xinhuaent) -- China #39;s first private lender, Minsheng Bank, has won regulatory approval to sell a 4.55 percent stake to a Singapore government firm, clearing the final hurdle for the investment in a fast-opening financial arena.",Business
SpaceShipOne goes for X-Prize glory,"SpaceShipOne will today attempt to reach an altitude of 100km for the second time in less than a fortnight, and thereby claim the \$10m X-Prize for the first private space vehicle to accomplish the feat.",Sci/Tech
Oil Futures Drop Below \$43,"Around noon on the New York Mercantile Exchange, benchmark January crude futures were down 50 cents to \$42.75 a barrel, well off their intraday low of \$42.05, a three-month low, but still a sharp decline on the day.",Business
Microsoft #39;s jumbo patch,"THEY labour long hours to write their software, testing and perfecting it. They toil in obscurity, fully aware that they will never get credit for their work.",Sci/Tech
Not the Next Big Thing: Vikings Cut Lesnar," Eden Prairie, Minn. (Sports Network) - The Minnesota  Vikings released former professional and amateur wrestling star  Brock Lesnar Monday.",Sports
Former Washington Sen. Brock Adams Dies (AP),"AP - Brock Adams, who served as transportation secretary under President Carter and represented Washington state in the Senate for one term, died Friday. He was 77.",World
Dodgers acquire Dessens for bullpen,"Los Angeles, CA (Sports Network) - The Los Angeles Dodgers acquired right- handed pitcher Elmer Dessens and cash considerations from the Arizona Diamondbacks in exchange for minor league outfielder Jereme Milons on Thursday. ",Sports
AmEx win small redemption for Els,"If Ernie Els is to contend for major championships and remain one of the world #39;s elite golfers, he had to put the events of this summer behind him.",Sports
GAME REVIEW: Exciting  #39;Halo 2 #39; game shoots for perfection,"At the risk of breaking down its rough-and-rugged reputation,  quot;Halo 2 quot; for Xbox is the Mary Poppins of video games,  quot;practically perfect in every way.",Sci/Tech
Iran: Draft resolution by EU  #39; #39;major three #39; #39; - politically &lt;b&gt;...&lt;/b&gt;,"Iran regards the draft resolution proposed by the three major European states - Germany, Britain and France - on Tehran #39;s nuclear programs as politically motivated, the spokesman for the Iranian delegation to the meeting of the International Atomic Energy ",World
Palestinian Icon Yasser Arafat 'Very Sick'," RAMALLAH, West Bank (Reuters) - Palestinian leader Yasser  Arafat is ""very, very sick"" and the ex-guerrilla who for  decades symbolized a struggle for statehood is slipping in and  out of consciousness, officials and medics said on Thursday.",World
Microsoft plugs IE hole with special patch,Microsoft on Wednesday released an update to Internet Explorer (IE) to fix a security flaw that was discovered a month ago and has since been exploited to attack users.,Sci/Tech
Do software users need indemnification?,"If purchasing software were as straightforward as buying a car, users would not have to think twice about the risk of intellectual property lawsuits.",Sci/Tech
"I lost my temper, I am sorry: Woodward",Former England rugby coach Sir Clive Woodward apologised in an interview published on Sunday for a viscious outburst directed at club owners and directors of rugby at a press conference last week confirming his resignation.,Sports
"US Air Realigns Sales, Delta Pushes Pilots","Amid talk of a possible liquidation, bankrupt US Airways in recent weeks completed a reorganization that eliminated several corporate sales positions while emphasizing newer ",Business
Twelve Killed in Attack on U.S. Mission in Jeddah," JEDDAH, Saudi Arabia (Reuters) - Militants stormed the  heavily fortified U.S. consulate in Jeddah in a brazen raid  Monday and 12 people died in gunbattles before security forces  regained control.",World
"Sony, Samsung bolster alliance, agree to share 24,000 patents","Sony Corp., the world #39;s second-largest consumer electronics maker, and Samsung Electronics Co., the world #39;s second-largest chip maker, said Tuesday they have agreed to share about 24,000 patents, fortifying an alliance between two of Asia #39;s biggest ",Sci/Tech
"Bird says team  quot;fully supports Ron Artest, quot; police review tape",Indiana Pacers chief executive Donnie Walsh says the team hasn #39;t decided whether it will appeal the NBA #39;s suspensions of Ron Artest and two other Indiana players following Friday night #39;s brawl in Detroit.,Sports
"US bombs Falluja, rebels hit Samarra","FALLUJA, NOVEMBER 6: US forces poised to assault Falluja bombarded the rebel stronghold on Saturday, while, insurgents detonated four car bombs and attacked police stations in the Iraqi city of Samarra, killing at least 37 people and wounding 62, police ",World
Xerox Profit Rises on Printer Sales," NEW YORK (Reuters) - Xerox Corp. &lt;A HREF=""http://www.investor.reuters.com/FullQuote.aspx?ticker=XRX.N target=/stocks/quickinfo/fullquote""&gt;XRX.N&lt;/A&gt; on Thursday said  third-quarter net income rose 39 percent as it cut costs and  the sales of its more-profitable color digital printers  improved.",Business
Rain frustrates England #39;s fightback,"Persistent drizzle, which forced the players from the field shortly before one o #39;clock, lingered long enough to prevent play restarting, and so everyone will be back at 10.",Sports
"MLB: Atlanta 3, Philadelphia 1","Andruw Jones #39; 25th home run of the season helped the Atlanta Braves beat Philadelphia 3-1 Monday. Travis Smith, pitching in place of Mike Hampton, held the Phillies to one run, five ",Sports
"Oil Ends Lower, Norway to End Strike", NEW YORK (Reuters) - World oil prices ended lower on Monday  despite notching a record high earlier in the day as the  Norwegian government moved to end an oil workers' labor dispute  that threatened shipments from the world's third largest  exporter.,Business
Japanese Emperor's Comments Cause Stir (AP),AP - Japanese officials rushed on Friday to dismiss suggestions that the emperor overstepped his authority and meddled in government affairs by voicing his opposition to Tokyo schools' policy of compulsory patriotism.,World
"13 Dec, 2004 - Miller wins Val d #39;Isere Giant Slalom","Hermann Maier faltered to give Bode Miller victory in the men #39;s Giant Slalom at Val d #39;Isre on Sunday. Maier had led after the first leg but, along with fellow Austrian #39;s Gruber and Raich, stuttered on the ",Sports
FIFA Announces World Player of the Year Nominations,"Brazilian players have picked up the most nominations for FIFA #39;s World Player of the Year award with a total of six, including Real Madrid #39;s Ronaldo and Roberto Carlos.",Sports
Apple iTunes 'overcharging in UK',The Office of Fair Trading refers Apple's iTunes service to the European Commission on the grounds that it over-charges UK customers.,Business
Musicians Sing Different Tune on File Sharing,"We know what piracy debaters Lars Ulrich and Chuck D think of file sharing. But aside from the few who speak out publicly, musical artists typically sit out the rhetorical crossfire over copyright protection.",Sci/Tech
Samsung shows cell phone with hard-disk drive,"BUSAN, SOUTH KOREA -- Samsung Electronics Co. Ltd. plans to begin selling later this month a cellular telephone that includes a hard-disk drive. The handset was unveiled as the International Telecommunication Union (ITU) Telecom Asia 2004 event began here on Monday and is the first cell phone of its kind in the world, according to the company.",Sci/Tech
Saint Francis Hospital digitizes patient records with GE systems,"TULSA, Okla. - Saint Francis Hospital, a Tulsa heart-care center, announced on Monday that with the aid of GE Healthcare it has installed of a new information technology system to handle hospital files.",Sci/Tech
Antivirus companies warn of new Bagle variants,Antivirus software companies warned of three new versions of the Bagle worm that were spreading through infected e-mail attachments.,Sci/Tech
"Lend Lease, Stockland, GPT under trade halts",Some of Australia #39;s biggest property interests have placed their shares under a trading halt amid speculation of further major consolidation in the sector.,Business
Disney #39;s Board on Trial as Shareholders Launch Case,"Walt Disney Co. #39;s board of directors went on trial on Wednesday, on shareholder accusations that it merely rubberstamped a decision to hire Michael Ovitz and allowed ",Business
Putin holds key to fate of Yukos,"The founder and chief executive of the largest private equity fund in Russia has said that the fate of Yukos stands entirely at the whim of President Vladimir Putin, but that ",Business
"Russia, India get Windows XP Starter Edition","Russia has now become the fourth country to join Microsoft #39;s Windows XP Starter Edition Pilot Program. The Windows XP Starter Edition Pilot Program was first announced back in August and included Thailand, Malaysia, and Indonesia.",Sci/Tech
"GM Set to Cut About 10,000 Jobs - Source"," FRANKFURT (Reuters) - General Motors will cut around 10,000  jobs in Europe in a drive to save some 500 million euros  (\$613.4 million) a year and return its loss-making operations  there to profit, a company source said on Wednesday.",Business
The Limits Of Tolerance,A filmmaker is shot and stabbed to death in broad daylight on the edge of a city park. Streets fill with tens of thousands of angry protesters.,World
Yahoo Adds Personalization to Search Technology,"Yahoo! Inc. (www.yahoo.com) unveiled new versions of its Front Page, and My Yahoo! (my.yahoo.com). Both pages show enhancements in design and functionality, and are rolled into Beta versions starting yesterday.",Sci/Tech
Alabama A amp;M coach is in game of his life,"In another time and place, a spot in the Coaches vs. Cancer Classic would have been about an opportunity for Alabama A amp;M of the Southwestern Athletic Conference to gain exposure and build upon last season #39;s 13-17 record.",Sports
"Today Inca Trail, Tomorrow Inca Road","A consortium of nonprofits aim to restore sections of the Inca Road, the 500-year-old route that linked the Inca Empire from present-day Colombia to central Chile.",Sci/Tech
Content Management Systems and SEO - A Powerful Mix,"Content Management Systems and SEO - A Powerful Mix\\Search Engine Optimization revolves around providing useful, unique content on your website and making sure that search engines can find and understand it easily. 'Organic SEO' as it is called, puts emphasis on optimizing hundreds of keyword rich content pages as 'spider-bait' ...",Sci/Tech
Kings president fined by NHL,"Los Angeles, CA (Sports Network) - Los Angeles Kings president Tim Leiweke was fined an undisclosed amount by NHL commissioner Gary Bettman for radio comments he made last week regarding the league #39;s labor situation.",Sports
IBM mulls sale of PC business,"IBM, seeking to exit an industry it helped pioneer two decades ago, hired Merrill Lynch to find a buyer for its personal-computer unit.",Business
Mourning looks good in return,"Four seconds after he checked into his first basketball game in nearly a year, Alonzo Mourning drilled a jumper from the foul line, then pointed to the ceiling.",Sports
U.N. Envoy Says Rights Violations Continue in Myanmar, BANGKOK (Reuters) - A top U.N. rights envoy condemned on  Wednesday the arrest and jailing of opposition activists in  military-ruled Myanmar and said he had received credible  reports of rights violations in border areas.,World
Plants - the Silent Witnesses to Crime (Reuters),"Reuters - Microscopic traces of pollen\are increasingly being used by world police forces to track\down both victims and offenders, a British conference heard on\Wednesday.",Sci/Tech
Montreal Expos Team Report - September 11,"(Sports Network) - Livan Hernandez has 50 wins since the start of the 2001 season. Unfortunately for the powerful righthander, he hasn #39;t solved the Atlanta Braves.",Sports
Oil prices below \$54 a barrel,"Crude futures prices fell sharply Wednesday, falling below \$54 a barrel, as traders shelved concerns about tight winter-fuel supplies and focused on government data showing faster-than-expected growth in US oil inventories.",Business
"After False Starts, 3G Mobile Service Set for Take-Off"," HONG KONG (Reuters) - With most technical issues resolved  and giants like Vodafone Plc signing up customers, 2005 could  be the year when third-generation (3G) mobile services finally  gain a global audience.",Sci/Tech
Mobile Phone Cheats Mar S.Korean College Exam, SEOUL (Reuters) - Police questioned 350 South Korean  students Friday and more were under suspicion in a widening  probe into cheating that has uncovered a link between two  national obsessions -- education and mobile phones.,Sci/Tech
This Date in Baseball for Oct. 12 (AP),AP - 1916  #151; The Boston Red Sox won the World Series in five games with a 4-1 victory over the Brooklyn Dodgers. Ernie Shore pitched a three-hitter for Boston.,Sports
WWE's Customizable PPV,The organization will let fans help call the shots on an upcoming pay-per-view event.,Business
Wal-Mart to allow unions in China stores,"HONG KONG (CBS.MW) -- US retail giant Wal-Mart (WMT) has bowed to pressure and said it will allow unions in its stores in China to unionize if employees request it, the China Daily newspaper reported.",Business
"790,000 Still Have No Power in Florida","PUNTA GORDA, Fla. - About 790,000 people remain without power in Florida in the aftermath of Hurricane Charley, and officials estimate it could take weeks to get electricity fully restored...",World
Oil Rises as OPEC Considers Supply Cut,Oil prices rose for the second day in a row on Thursday as several OPEC ministers called for the cartel to stop producing more oil than its official target.,Business
Merck Cuts More Jobs as Earnings Decline,"Merck  amp; Co. Inc. (MRK.N: Quote, Profile, Research) , whose earnings are being hurt by the withdrawal of its arthritis drug Vioxx, said on Tuesday it has increased the number of jobs to be cut by year-end to 5,100 from 4,400.",Business
Honor System Used for Flu Shots at U.S. Chain Stores,"By GRETCHEN PARKER     BALTIMORE (AP) -- At the Walgreens flu shot clinic, the honor system is in place.    If you tell nurses there you have a chronic heart problem, you can get a shot...",Sci/Tech
IBM upgrades blade servers,"SAN FRANCISCO - IBM Corp. will soon begin shipping upgraded models of its HS20 and JS20 blade servers, including a new SCSI (small computer system interface) option for the HS20 that will double the number of SCSI blades that users can fit into a single chassis, the company announced Friday. The Armonk, New York, computer maker also announced new management software for the servers designed to make them cooler and easier to manage.",Sci/Tech
Intel expands Centrino capabilities,SAN FRANCISCO (CBS.MW) - Intel expanded the capabilities of its Centrino chips Thursday by introducing support for an additional wireless networking standard known as 802.,Sci/Tech
Techician pleads guilty in ID theft case,"A computer technician who prosecutors said made possible the largest identity theft in US history, surpassing \$US50 million (\$A71.",Sci/Tech
Trade Gap Narrows Thanks to Weak Dollar," WASHINGTON (Reuters) - The U.S. trade deficit narrowed  sharply in September, aided by a slide in the value of the  dollar, which helped push exports to record levels, a  government report showed on Wednesday.",Business
Tooele grapples with Wal-Mart,"Wal-Mart didn #39;t completely kill downtown Tooele - but it came pretty darn close. Today, 14 years after the giant retailer opened one of its first Utah stores here, Tooele #39;s old ",Business
Qantas Boosts Flight Surcharges as Fuel Prices Soar (Update2),"Aug. 20 (Bloomberg) -- Qantas Airways Ltd., Australia #39;s biggest airline, increased a surcharge on all tickets as the cost of jet fuel soared to a record. Qantas shares rebounded from a three-month low. ",Business
"US forces launch airstrikes in Fallujah, Sadr city","US forces launched Tuesday a series of air strikes on Fallujah and Sadr city northeast of Baghdad. Residents in Fallujah say that US aircrafts launched two rounds of attacks on the city, but the US military ",World
Make the Case: Business Case Template for Voice Over Internet &lt;b&gt;...&lt;/b&gt;,Voice over Internet Protocol (VoIP) is one benefit of the convergence between data and telecommunications. Companies today are seeing the value of transporting voice over IP networks to reduce telephone and ,Sci/Tech
Man denies plot to blow up plane,"Sajid Badat, 25, appeared at the Old Bailey on Friday via video link from a top security jail where he is being held. He pleaded not guilty to an accusation  quot;that between January 1, 1999 and November 28, 2003 ",World
Will Howard Stern deal turn satellite into a star?,"com October 7, 2004, 4:00 AM PT. Potty talk could be just what the fledgling satellite radio industry needs to become a viable, mainstream business, industry analysts said Wednesday ",Business
"Game execs predict mergers, price cuts","LOS ANGELES - Video game executives believe consolidation will be crucial to their future, but they also want further cuts to hardware prices to boost short-term growth, according to a report set for release this week. ",Sci/Tech
"Mortars hit British army camp in restive Iraq province, no &lt;b&gt;...&lt;/b&gt;","Two mortars hit a military base in a restive region south of Baghdad on Sunday where a battle group of British soldiers have recently arrived, causing no casualties, a spokesman said.",World
Notebook: Nomar decides to become free agent,"Nomar Garciaparra filed for free agency yesterday, two days after the All-Star shortstop #39;s former team, the Boston Red Sox, won the World Series.",Sports
Keeping score around New England,"PROS Stow man Jacques Panet-Raymond , who directs the golf schools at Stow Acres CC, shot 4-under 68 to win a NEPGA pro-member at Kernwood CC in Salem. The annual NEPGA Assistants Pro-Pro Match-Play Championship is down to four teams after a day of competition at Bass Rocks GC in Gloucester. Brian Owens (North Kingstown) and Dan Dwyer of the ...",Sports
Last Chance Until 2007: Total Lunar Eclipse Tonight! (SPACE.com),SPACE.com - Skywatchers on half the planet are gearing up to watch Earth's shadow consume a blood-red Moon tonight in the last total lunar eclipse until 2007.,Sci/Tech
Beauty of making history irrelevant,"The National League Championship Series boils down to one simple fact: The Cardinals must win today and Thursday, while the Astros need win only once, to advance to the World Series.",Sports
Franchitti peaks in Colorado,"DARIO Franchitti won his second Indy Racing League event of the season in Colorado on a day of dominance by British drivers. The Scot was the man to beat all day in the Indy 225 at Pikes Peak, and only Mexican ",Sports
The Battle of Algiers Revisited,In September of 2003 the Bush administration telegraphed their intent to use torture on prisoners in Iraq when they screened Gillo Pontecorvo's 1965 film The Battle of Algiers for officials in the Pentagon.,Sci/Tech
Nokia Reports 20 Percent Drop in Profit,"Nokia lost market share in the United States, its biggest market, but said it made ""substantial gains"" in Western Europe.",Business
"Fuel Rods Turned into Weapons, North Claims","North Korean Vice Foreign Minister Choe Su-hon, currently attending the UN general assemblys annual ministerial meeting, disclosed on Monday that the North has reprocessed 8,000 spent nuclear fuel rods into weapons-grade.",World
Best Buy Posts Quarterly Profit Increase (Reuters),"Reuters - Top U.S. electronics chain Best Buy\Co. Inc.  on Wednesday reported higher quarterly profit\due to expense control and higher gross margins, offsetting\sluggish sales growth.",Business
Indian press lashes Putin for ruling out UN Security Council veto (AFP),AFP - President Vladimir Putin earned a thumbs-down from India's media after failing to back veto rights for any new permanent members of the United Nations Security Council.,World
McGill breaks records in Kutztown,"Kutztown, PA (Sports Network) - Jill McGill fired an eight-under 64 on Friday to post a 14-under-par 130 and take a four-shot lead midway through the Wachovia LPGA Classic.",Sports
Microsoft IE losing out to Firefox?,London: Microsoft #39;s Internet Explorer(IE)is facing some stiff competition from Firefox as web analysts have revealed that the proportion of surfers using Microsoft #39;s Internet Explorer (IE) has dropped to below 90 percent.,Sci/Tech
Mauresmo crushes Zvonareva,"World No. two, Amelie Mauresmo of France, had an easy win over Russian Vera Zvonareva at the three-million-US-dollar WTA Tour Championships.",Sports
Zurich says no to 2014 Winter Olympics,"It follows the announcement last week that Zurich would not be able to host any of the 2008 European football championship games, owing to a legal wrangle over plans for a new stadium.",Sports
Beckham denies early retirement rumors,: David Beckham ruled out early retirement today and said he turned down a  quot;good part quot; in a Hollywood movie.  quot;I #39;ve never said that I wanted to go into movies.,Sports
News / What The Papers Say,Ruud van Nistelrooy could still face a UEFA ban after his alleged elbow on Sparta Prague defender Pavel Pergl. The United striker thought he had escaped when the referee cleared him of misconduct in Tuesdays game.,Sports
Glazer raises his share again,"Malcolm Glazer #39;s patient acquisition of Manchester United continues, his shareholding in the Premiership club now standing at 28.",Sports
Sony previews high-definition video camera,Sony is previewing a new camcorder that takes video in digital high-definition quality for consumers. The four pound (HDR-FX1) device is set to go one sale next month in Japan and around the world by the end of the year.,Sci/Tech
Information tech slow to reboot,"At a job fair in downtown San Diego yesterday, dozens of information technology workers wandered the Civic Theater community concourse looking for leads on jobs.",Business
Cavaliers sign Lucious Harris,"Lucious Harris signed Friday with the Cleveland Cavaliers, who hope the New Jersey Nets veteran can strengthen a backcourt weakened by injuries during the playoffs last season.",Sports
Six more die in Thai violence,"BANGKOK: Six more people have been killed in Muslim-majority southern Thailand in the last 24 hours, police said yesterday, amid outrage over the death last week of 85 Muslims.",World
"Fingerprints, photographs begin at U.S. border crossings with Canada, Mexico (Canadian Press)",Canadian Press - (AP) - Bridges to Mexico in this traffic-choked city began testing a new immigration security program Monday that requires some U.S. visitors to be fingerprinted and photographed as they cross the border.,World
"HP unveils its iPod, entertainment media center","Hewlett-Packard (HP) is hot about what it considers a consumer revolution in digital media, and on Friday the company #39;s Chairman and Chief Executive Officer ",Sci/Tech
1980 Mount St. Helens Eruption Remembered (AP),"AP - The rumblings, the steady earthquakes, the throat-clearing steam blasts all seem so eerily familiar. But nearly 25 years ago now, it was a deadlier show that Mount St. Helens put on for the world.",Sci/Tech
\$8.8m Oracle bid nears judgment day,Two major PeopleSoft Inc. shareholders yesterday indicated they would split their votes on whether to accept Oracle Corp's \$8.8 billion hostile takeover bid.,Business
Real fights back to earn draw in Kiev,"Real Madrid fought back from two goals down to draw 2-2 with Dynamo Kiev in their Champions League match on Wednesday, leaving the Group B wide open with two rounds remaining.",Sports
Jailed Palestinian to Run for President (AP),"AP - Marwan Barghouti, a leader of the Palestinian uprising jailed by Israel but perhaps the strongest candidate to oust Yasser Arafat's old guard of politicians, plans to run in upcoming presidential elections, a person close to Barghouti said Saturday.",World
Petrov double sends Wolfsburg three points clear,VfL Wolfsburg moved three points clear at the top of the Bundesliga with a 3-0 victory at home to Stuttgart on Saturday as Schalke 04 #39;s six-match winning run came to an end.,Sports
"Standing firm, Arafat seen to counter his critics","JERUSALEM -- Palestinian leader Yasser Arafat appears to have faced down the biggest challenge to his leadership in years without giving ground on demands to overhaul his administration, while Prime Minister Ariel Sharon of Israel struggles to chart a new political course amid rising dissent in his party, officials and analysts say.",World
'Pure' outsourcing model falls from favor,"BANGALORE, INDIA -- The purely offshore outsourcing model is out of favor, and Indian business process outsourcing (BPO) companies are finding that they need U.S. facilities and staff to run operations for their American clients.",Sci/Tech
Ballmer: iPods packed with stolen tunes,"LONDON--Microsoft CEO Steve Ballmer, speaking to a gathering of reporters here, didn #39;t pass up the opportunity to take several digs at archrival Apple Computer.",Sci/Tech
Gateway PC keeps it cool,Game-friendly desktop PC uses fans and a wind tunnel to bring down the temperature and the noise.,Sci/Tech
France skeptical of new conditions for release of hostages,"PARIS : The captors of two French journalists allegedly put forward new demands for their release, but French officials cast doubt on the authenticity of the demands and remained cautiously optimistic about securing their release.",World
Notebook: Washington move in jeopardy,Major League Baseball is poised to cancel the move of the Montreal Expos to Washington after the District of Columbia Council on Tuesday amended the agreement ,Sports
AP: Astronaut Says Space Shuttle Safer (AP),"AP - Legendary astronaut John Young said Thursday, on the verge of his retirement, that NASA has not changed its safety culture since the Columbia accident but has done all it can to improve the space shuttle and should return to flight as soon as possible.",Sci/Tech
Giants Struggle Yet Again to Protect Warner,"Kurt Warner #39;s first preseason as the Giants #39; quarterback ended ominously as he was sacked twice more Thursday night, when the team faced the Baltimore Ravens ",Sports
"Windows Server  #39;R2 #39; Goes to 1,000 Beta Testers","Microsoft quietly delivered a first private beta release of Windows Server  quot;R2 quot; to the first of about 1,000 testers Wednesday, company officials confirmed Friday.",Sci/Tech
It's Boulware to the rescue,"SEATTLE -- Rookie safety Michael Boulware saved the game for the Seattle Seahawks. Maybe the season, too.",Sports
Vivendi losses surge,"PARIS, Sept 14 (AFP) - French media giant Vivendi Universal on Tuesday reported a surge in its net loss so far this year but forecast a sharp turnaround in its finances for all of 2004.",Business
"Human Species Born To Run, Scientists Say","The evolution of a physique for long-distance running is what made humans look the way we do now. The crucial role of running in human evolution, overlooked in previous research, is being proposed in an article ",Sci/Tech
NASA Jet Sets Record for Speed,"A tiny pilotless NASA jet soared above the Pacific Ocean on Tuesday at nearly 10 times the speed of sound, almost 7,000 miles an hour, thanks to a radical new engine technology.",Sci/Tech
Reform candidate enters PA race,Palestinian democracy activist Mustafa Barghouti joins the race to replace Yasser Arafat as Palestinian president.,World
Deanna Favre expected to make full recovery,"The wife of Green Bay Packers quarterback Brett Favre has been diagnosed with breast cancer, according to The Biloxi (Miss.) Sun Herald.",Sports
NYSE Bans First Specialist in Probe," NEW YORK (Reuters) - The New York Stock Exchange on  Wednesday said it permanently barred a former Van der Moolen  Specialists USA &lt;A HREF=""http://www.investor.reuters.com/FullQuote.aspx?ticker=VDMN.AS target=/stocks/quickinfo/fullquote""&gt;VDMN.AS&lt;/A&gt; trader, the first individual to be  punished as part of a broader probe by regulators into NYSE  floor-trading abuses.",Business
Report: VoIP to Top 12M Homes by 2009,"The number of US households using Voice over IP (define) will rocket from 400,000 to 12 million over the next five years, a new report from JupiterResearch predicts.",Sci/Tech
Mets' Aggressive Bonds Strategy Backfires,"The Mets attacked Barry Bonds as if they had a brand-new scouting report on him, and he basically deposited it in McCovey Cove.",Sports
"Pope Beatifies Emperor, Nun, Three Others (AP)","AP - Pope John Paul II on Sunday moved five Catholics closer to sainthood, including Austria's last reigning emperor and a German nun whose graphic visions of Christ's suffering helped inspire the blockbuster movie ""The Passion of the Christ.""",World
Novell: Linux turns up the heat on Microsoft,"Novell chief executive Jack Messman sat down with ZDNet UK on Monday at BrainShare in Barcelona, and gave a typically combative take on the current state of the software industry.",Sci/Tech
HE #39;S GOLDEN BROWN,"On the same day Orlando  quot;El Duque quot; Hernandez said his tired shoulder was worse than it was a week ago, the Yankees received an encouraging performance from Brown.",Sports
"Stocks Fall on Oil, Chip Downgrade"," NEW YORK (Reuters) - Stocks fell on Monday, with the Dow  slipping briefly below 10,000 as a further rise in oil prices  clouded the corporate profit outlook, and a brokerage downgrade  hurt semiconductor shares.",Business
HP to bring grid computing to storage,"Grid computing links computers to harness their collective resources. HP said its grid approach to storage is designed to let customers focus more on how they use data, not how they store it.",Sci/Tech
Kanye triumphs at Source awards,Rapper-producers Kanye West and Lil Jon  win three awards each at the Source Hip-Hop Music Awards in Miami.,World
"With One Race Left, Cup Chase Tightens",Jimmie Johnson was supposed to be finished a month ago in the Nascar Nextel Cup playoff for the season points title. He was down by 247 points with too few races left to make up the difference.,Sports
Acclaim Entertainment to liquidate in bankruptcy,"Acclaim Entertainment Inc., maker of video games such as  quot;Showdown: Legends of Wrestling, quot; filed for bankruptcy and will liquidate its assets after failing to obtain a loan to pay employees and other expenses.",Sci/Tech
Germany expels Jordanian allegedly linked to Zarqawi group (AFP),"AFP - Germany has expelled a Jordanian suspected of links to a terrorist group run by Abu Musab al-Zarqawi, who is wanted for launching several attacks in Iraq, the Bavarian state interior ministry said.",World
"After Waiting a Long Time, Davenport Keeps It Short","The weather played havoc with the U.S. Open schedule Wednesday, but it did not affect Lindsay Davenport, who rolled to a quarterfinal victory over Shinobu Asagoe.",Sports
Cerberus to buy LNR Property for \$3.8 bn,"NEW YORK, August 30 (New Ratings) - LNR Property Corporation (LNR.NYS) has reportedly agreed to be acquired by Riley Property Holdings LLC for about \$3.",Business
The Talk Shows, &lt;em&gt;  Guests to be interviewed today on major television talk shows:&lt;/em&gt;,World
"Cisco Unveils Advanced IP Phone, Catalyst Switch Improvements","Cisco today unveiled what it claimed is the world #39;s first Gigabit Ethernet (GbE) enabled IP phone, in addition to a raft of enhancements to its Catalyst switching range designed to boost security, availability and performance.",Sci/Tech
Dirrell tattoos Cuban for medal,"Andre Dirrell already honored his grandfather by getting a tattoo of his face on his back. Pretty soon he #39;ll be able to share an Olympic medal with him, too.",Sports
EU threatens new Burma sanctions,"The European Union is set to impose new sanctions against Burma, according to the EU #39;s Dutch presidency. The EU warned last month that it would take action against Burma unless human rights improved before ",World
Debt Quality Boosts Credit Agricole in 3Q,"Lower bad loan provisions helped Credit Agricole SA #39;s third-quarter profit to rise 71 percent, the French bank said Wednesday.",Business
Human cloning debate re-ignited,Britain #39;s leading academic institution is backing a campaign to stop the US banning on all forms of human cloning. The Royal Society has joined 67 other national academies urging the UN to ban the cloning ,Sci/Tech
"US, Russia, China at the Top of the Table","ATHENS -- After 16 days of competition and 301 events, the United States finished atop the medal charts for the third straight Summer Olympics, with Russia the overall runner-up and China second in gold medals -- its best showing ever and the leading edge ",Sports
Cancer Drug Tarceva Approved,"NEW YORK - Last night, the US Food and Drug Administration approved Tarceva, a pill that extends survival in advanced non-small-cell lung cancer patients for whom chemotherapy has failed.",Business
Italy #39;s steady Frattini heading to EU Commission,"ROME - Foreign Minister Franco Frattini was today named Italy #39;s next European commissioner following the withdrawal at the weekend of the initial candidate, Rocco Buttiglione.",World
Bombardier shares drop to new lows after third Bombardier jet &lt;b&gt;...&lt;/b&gt;,"MONTREAL (CP) - Shares in Bombardier Inc. fell to new lows Monday, partly due to the crash of another of its jets on Sunday, the third fatal crash of a Bombardier aircraft in two months.",Business
Raising \$22 million the Diligent way,"Startup Diligent Technologies has raised \$22 million in new equity. The financing round was led by US venture capital fund Matrix partners, which made its first investment in Israel, and Accel Partners.",Business
Microsoft timing is late for schools,Microsoft #39;s decision to release a major upgrade for its flagship operating system in the same month that hundreds of thousands of students are reporting to college campuses across the nation is causing a major headache for some universities.,Sci/Tech
Man U fan turns to Nomura in effort to block US tycoon,"Keith Harris, the City banker and ardent Manchester United supporter, is pursuing a plan to prevent Malcolm Glazer taking over the club by asking Japanese bank Nomura to help give the fans a greater say in any takeover battle.",Sports
Search underway for resort dingo,Queensland Parks and Wildlife officers have begun searching for the dingo that entered a resort room on Fraser Island in the state #39;s south-east and approached a baby lying on a bed.,World
Report Probes Hispanics' Racial Identity (AP),"AP - Hispanics who identify themselves as ""white"" tend to be better educated and less likely to be in poverty than those who consider themselves ""some other race,"" according to a report released Monday by a private research group.",World
NALBANDIAN FACES NOVAK SHOWDOWN,Argentina #39;s David Nalbandian booked his place in the final of the Swiss Open for the third successive year on Saturday. The fourth-seed saw off Olympic gold medal winner Nicolas Massu of Chile 6-3 6-4 in the semi-final.,Sports
Europeans in Thrall of American Culture (AP),"AP - They grew up listening to '70s soul, learning to break dance, wearing Nikes, watching the ""Star Wars"" trilogy again and again. For the French rap group IAM, the fascination with American culture started when they were kids.",World
Sony PlayStation Portable is out,Sonys PlayStation console has been so popular that it feels strange that PSP is their first attempt at the handheld gaming market.,Sci/Tech
Gateway spreads out at retail,"Gateway computers will be more widely available at Office Depot, in the PC maker #39;s latest move to broaden distribution at retail stores since acquiring rival eMachines this year. ",Sci/Tech
"Lucent, unions delay pact deadline",Lucent Technologies Inc. and two labor unions agreed yesterday to give themselves one more day to avoid a possible strike. Both sides faced a midnight ,Business
"Afghan Vice President Survives Attack, Troops Killed"," KABUL (Reuters) - An Afghan vice-president survived an  assassination attempt Monday in the north and two soldiers from  U.S.-led forces were killed in a gunbattle in the southeast, as  violence escalated ahead of an Oct. 9 election.",World
Bush's Reserve Resignation Cited 'Inadequate Time' (Reuters),"Reuters - President Bush, accused by Democrats of\shirking his duty in the Texas Air National Guard during the\Vietnam War, wrote that he had ""inadequate time"" to meet future\Reserve commitments in his Nov. 1974 letter of resignation\released on Wednesday.",World
"Sony, Matsushita to launch Blu-ray Disc camcorders in 2005: report","Sony, Matsushita and other firms are planning to launch camcorders using next-generation, smaller DVDs in the Blu-ray format as early as 2005 to win a lead over a rival offering, a report said Thursday.",Sci/Tech
Oracle Court Win Could Prompt More Deals, SAN FRANCISCO (Reuters) - Oracle Corp. Chief Larry Ellison  has long preached the virtues of consolidation in the software  sector and some analysts say a key federal court decision could  help to push his vision closer to reality.,Business
Trump Goes For Broke,"He may be the star of a hit reality series, a best-selling author and a crack businessman to boot, but even Donald Trump has cash flow problems from time to time.",Business
"Manning to Face Detroit, Marino's Record (AP)","AP - Peyton Manning won't threaten Dan Marino's record when the Colts play at Detroit on Thanksgiving, but he can take another step toward the milestone the former Miami Dolphins star set in 1984.",Sports
TiVo hires marketing chief,Also: company announces it exceeded 2 million subscribers over Labor Day weekend. \,Sci/Tech
Jury rules for franchisees in Shell trial,A federal jury awarded more than \$3 million to eight Massachusetts gas station operators after finding Shell Oil Co. used unfair tactics that were effectively intended to drive them out of business.,Business
Zib takes Ferrero to the limit,"The match started at about 4 pm on Louis Armstrong Stadium Court with plenty of empty seats and a lazy, late-summer loginess to the game.",Sports
Jailed militant makes overture,"Marwan Barghouti, the popular militant leader imprisoned by Israel for his role in the Palestinian uprising, is relaying messages to new PLO Chairman Mahmoud Abbas that could ",World
NL Wrap: Rallying Reds Make Braves Wait for East Title,Javier Valentin smacked a three-run homer in a five-run ninth inning off John Smoltz to carry the rallying Cincinnati Reds to an 11-8 victory over the Atlanta Braves in the National League Wednesday.,Sports
Burundi Summit Expected to Focus on Massacre,"African regional leaders gather Wednesday, in Tanzania for a summit on Burundi #39;s peace process, but the recent massacre of Congolese Tutsi in a UN refugee camp is expected to be high on the agenda. ",World
Bangladesh opposition calls for Monday strike (Reuters),Reuters - Bangladesh's main opposition party called for a fourth strike day in a week on Monday to protest against a deadly grenade attack on a political rally.,World
"Bears Defeat Giants, 28-21 (AP)",AP - The Chicago Bears stole the New York Giants' early-season formula for success  #151; again and again and ...,Sports
Australia v New Zealand- ICC Champions Trophy scoreboard," Cricket-New Zealand 198-9 v Australia - ICC Champions Trophy September 16, 2004 12:40:46 LONDON, Sept 16 (Reuters) - After being put into bat by Australia captain Ricky Ponting, New Zealand hit 198-9 in 50 overs in their Champions Trophy Pool A match ",Sports
Nintendo trims Game Boy Advance price,Lowering sticker on handheld game player to \$80 is early move in expected battle for portable gaming market.,Sci/Tech
Global Chip Gear Sales Seen Down 5.15 Pct in 2005," MAKUHARI, Japan (Reuters) - Global chip equipment sales are  expected to fall 5.15 percent in 2005, an industry group said  on Wednesday in a sharp reversal from its July forecast of  growth of 23.98 percent.",Sci/Tech
Apple: ITunes Music Store Accepts PayPal," SAN FRANCISCO (Reuters) - Apple Computer Inc. &lt;A HREF=""http://www.investor.reuters.com/FullQuote.aspx?ticker=AAPL.O target=/stocks/quickinfo/fullquote""&gt;AAPL.O&lt;/A&gt; on  Friday said customers of its iTunes online music store can now  use eBay Inc.'s &lt;A HREF=""http://www.investor.reuters.com/FullQuote.aspx?ticker=EBAY.O target=/stocks/quickinfo/fullquote""&gt;EBAY.O&lt;/A&gt; online payment service PayPal to buy  songs and audio books, becoming the second major online music  store to do so.",Business
Winky sees off Mosley again,Ronald  #39;Winky #39; Wright edged  #39;Sugar #39; Shane Mosley for the second time in eight months in Las Vegas - but only just as he won a majority decision by the closest of margins to retain his WBA and WBC light-middleweight titles.,Sports
U.S.-Led Forces Widen Control in Rebel Iraqi City," SAMARRA, Iraq (Reuters) - U.S.-led forces backed by  warplanes tightened their grip on the rebel stronghold of  Samarra Saturday, saying they had killed 125 rebels in one of  the largest offensives since the fall of Saddam Hussein.",World
Colonial to buy Union Bank,"Montgomery, Ala.-based Colonial BancGroup (NYSE: CNB) said it has agreed to buy Sunrise-based Union Bank of Florida for a total of about \$233 million.",Business
Retail predictions for 2004 shopping season,n Overall fourth-quarter retail sales this year are expected to be 6.5 percent higher than last year #39;s -- the biggest increase since 1999.,Business
ISPs File Next Barrage of Anti-Spam Lawsuits,"Earthlink filed a federal lawsuit in Atlanta, Georgia, accusing 50  quot;John Does quot; of violating the federal CAN-SPAM Act and various other state and federal statutes, including the federal Computer Fraud and Abuse Act, the Georgia Computer Systems Protection ",Sci/Tech
Dollar recovers on denial of Chinese sell-off,The dollar rallied from new lows in European morning trade on Friday as a Chinese official backtracked from earlier claims that China had started to shift ,Business
Thatcher Called to Answer Investigators on Coup Plot Sept. 22,"Mark Thatcher, arrested in South Africa last month on suspicion of bankrolling a failed coup in Equatorial Guinea, has been summonsed to answer questions by investigators from the west African nation on Sept.",World
"Swisscom Plans Job Cuts, Reports Earnings","Telecommunications company Swisscom AG reported Wednesday that third-quarter net income fell 10 percent and said it would cut about 390 jobs, or 2.5 percent of its fulltime work force, next year.",Business
Climax Lifts The Lid On Avalon,"TVG first brought you word about Project Avalon close to a year ago, when the first details of the next-gen title currently in development at Climax Brighton Studio first became apparent.",Sci/Tech
Hitting back,"Why does Patriots safety Rodney Harrison, a thoughtful, good-natured person off the field, play football with enough ferocity and virulence to make you wonder whether he got a hold of Dr. Jekyll's formula? Blame the people in his life -- coaches, opponents, college recruiters -- who he felt needed convincing that he was not meant to fit their concept of ...",Sports
BE PATIENT,"HOSTAGE Ken Bigley #39;s family met Jack Straw for the first time yesterday to be told:  quot;Be patient. quot;. His son Craig, 33, and brother Philip, 49, saw the Foreign Secretary as 62-year-old Ken ",World
Timber industry expects no change for northern spotted owl,A timber-industry group that sued for a review of the threatened-species status of the northern spotted owl said yesterday it does not expect the bird to lose federal ,Sci/Tech
It #39;s violent - and teens will want it,"ONE of the most violent computer games ever made is also set to be the most popular ever, grossing more than the blockbuster movie Titanic, early sales predictions have suggested.",Sci/Tech
A Sociologist With an Advanced Degree in Calamity,"Kathleen Tierney, a disaster researcher, says that catastrophes change the way people experience time.",Sci/Tech
U.S. Current Account Deficit Hits Record," WASHINGTON (Reuters) - The U.S. current account deficit  grew to a record \$164.71 billion in the third quarter, less  than had been forecast, the Commerce Department said on  Thursday.",Business
Google Rolls Out Test of Short Message Service (Reuters),"Reuters - Google Inc. on Thursday announced\a new test service that allows people to use mobile phones or\handheld devices to tap Google's Web search via text messages,\or short message service.",Sci/Tech
Reliance denies any family row,Share in India's Reliance Industries rally after the brothers at the head of the group deny any rift over leadership.,Business
US Airways gets OK to slash pay,"A US Bankruptcy Court judge, in a harsh decision he called critical to US Airways Group's survival, said yesterday the airline could slash pay by 21 percent for its unionized workforce of 25,000.",Business
Xamlon looks to beat Microsoft to the punch,Start-up Xamlon releases user interface tools that give early access to Microsoft's forthcoming graphics in Windows.,Sci/Tech
"Wrong move, Inzamam",SOUTHAMPTON - Pakistan captain Inzamam-ul-Haq gambled and lost yesterday as the West Indies thrashed his team by seven wickets to book their place against England in the Champions Trophy final.,Sports
"US, UK Made Mistake #39; in Dismantling Iraqi Army, Yawar Says","The US and Britain shouldn #39;t have dismantled Iraq #39;s army after toppling Saddam Hussein, Iraqi interim President Ghazi al-Yawar said in a radio interview on the one-year anniversary of the former Iraqi dictator #39;s capture.",World
EU Trade Chief Confident in Boeing Row, BRUSSELS (Reuters) - Incoming European Union trade chief  Peter Mandelson said on Monday he was confident the EU would  have a strong counter-case if the United States brought a claim  to the World Trade Organization over aircraft subsidies.,Business
Less Than Lethal Weapon Proves Lethal,"Modern police departments have been deploying modified paintball guns like the ones provided by Pepperball, Inc. to help police officers balance the American people's First Amendment right of free assembly against the demands of politicians. The ""less than lethal"" designation of these weapons was highlighted recently by the shooting death of Victoria Snelgrove, a baseball fan, by Pepperball equipped police near Fenway Park in Boston.",Sci/Tech
High Court Petitioned on Cable Net Access Rule,The Bush administration has asked the Supreme Court to overturn a decision that requires cable companies to open their high-speed Internet networks to rival online providers.,Sci/Tech
"GOLDBERG ON FOOTBALL: Are the Eagles good, or is everyone else bad &lt;b&gt;...&lt;/b&gt;","The Philadelphia Eagles clinched the NFC East again. Big deal. They did that before the season started. The Eagles have played four games in the division and have outscored the Redskins, Cowboys and Giants by a combined 135-50.",Sports
Alitalia to present finalized restructuring plan,"LONDON, October 6 (newratings.com) - Alitalia (ALI.FSE) has reached an agreement with its major labour unions and the Italian government, enabling the loss-making airline to access a 400 million (492.",Business
"UK #39;s Blair Liar or Incompetent, Says Former BBC Director Dyke","UK Prime Minister Tony Blair has been accused of either lies or incompetence in his handling of the Iraq war, by Greg Dyke, former director-general of the British Broadcasting Corporation.",World
Pakistan Economy Should Grow 6 Percent,"Pakistan #39;s economy is set to grow more than 6 percent this fiscal year, despite the threat of inflation, a weakening currency and pressure on its balance of payments, a World Bank official said Monday.",Business
Ganguly plays down security fears,The Indian squad arrives in Bangladesh despite threats allegedly sent by Islamic militants.,World
"Kuznetsova wins, Safin loses at Kremlin Cup","On the men #39;s side, top-seeded Marat Safin was upset by Radek Stepanek of the Czech Republic 7-6 (10-8), 4-6, 6-3. Stepanek, No.",Sports
 #39;Why the Bombings? #39; Ask Bangladesh Protesters,"Thousands of Bangladesh opposition activists holding banners reading  quot;Why the bombings, why the bloodshed? quot; protested on Monday against a deadly grenade attack ",World
Document on CPC governance capability issued,"The Communist Party of China (CPC) Sunday published a major policy document on enhancing the Party #39;s governance capability, stressing it is  quot;a major strategic subject with a bearing on the success of China #39;s socialist cause, the future and destiny of the ",World
SCO Web site hack is like breaking in,A gut reaction to news that hackers broke into The SCO Group #39;s Web site and mocked its claims to own parts of the Linux operating system might be a feeling that SCO brought it on itself by trying to constrain the open source movement through its legal ,Sci/Tech
Investigators Seek Clues in Ark. Bus Crash,"WEST MEMPHIS, Ark. - While relatives kept vigil at hospitals and church parishioners prayed for the dead, investigators scoured the crash site where a bus packed with gamblers overturned, killing 14 passengers...",World
HP confirms that Itanium is Intel #39;s responsibility,"HP and Intel have confirmed earlier reports that located a massive migration of HP Itanium boat people making their way to Intel. True to speculation, Intel has agreed to hire hundreds of HP #39;s Itanium engineers working at a Ft.",Sci/Tech
Europeans dominate morning Ryder Cup matches,"Bloomfield Hills, MI (Sports Network) - Colin Montgomerie teamed with Padraig Harrington Friday morning to defeat Tiger Woods and Phil Mickelson 2  amp; 1 to the lead European squad to a 3 1/2 - 1/2 lead after the morning fourball matches at the 35th Ryder Cup ",Sports
UPDATE 1-Baird keeps Lehman at bay in Funai Classic,"Briny Baird, seeking his first win on the PGA Tour, fired a six-under-par 66 to grab the lead after the second round of the \$4.2 million Funai Classic at the Walt Disney Resort on Friday.",Sports
Tiger Woods Wants Out of the Tabloids (AP),AP - Tiger Woods wants out of the tabloids like he wants out of a sand trap.,Sports
It #39;s round two for Novell v. Microsoft,"Four days after Novell Inc. of Waltham received half a billion dollars from Microsoft Corp. to settle an antitrust complaint, Novell has filed another antitrust suit against its giant rival.",Business
Briefly: Macromedia announces training tool,roundup Plus: Yahoo launches local-search engine...Sybase links back office to mobile devices...Legal expert joins open-source screening firm...Cray signs two supercomputing customers.,Sci/Tech
UN Council Wants Sudan Peace Deal by End of Year (Reuters),"Reuters - The U.N. Security Council, on a\high-profile visit to the Kenyan capital, expects Sudan and its\southern opposition on Thursday to promise to complete by Dec.\31 a comprehensive peace agreement ending a 21-year civil war.",World
Long-driving Kuehne finally breaks out of 2004 slump,"Hank Kuehne knows he is something of a curiosity, a golfer with enormous gifts who can hit the ball jaw-dropping lengths. All of that is fine, and Kuehne ",Sports
South Korea bans Ghost Recon 2,"The latest Tom Clancy based military title from French publisher Ubisoft has been rejected by South Korea #39;s Media Rating Board, forcing the company to drop its plans to launch the game in the region.",Sci/Tech
Singapore wants to double manufacturing in 15 years,Singapore says it hopes to double manufacturing output in 15 years as regional competition heats up from lower-cost rivals such as fast-growing China and India.,World
"Dell, Microsoft to enable systems, software updates with one tool",PC maker Dell and software company Microsoft have formed a development partnership to improve the way customers manage systems across the enterprise.,Sci/Tech
"US Recognises Macedonia State, Greece Protests",The president of the Former Yugoslav Republic of Macedonia (FYROM) has announced that the US recognised his country simply as  quot;Macedonia quot; with the approval of US Secretary of State Colin Powell.,World
Faulty Sensors May Explain Capsule Crash,"The crash of a capsule last month was likely to have been caused by a design flaw that led to the sensors that were to deploy the capsule's parachutes being pointed in the wrong direction, a NASA investigatory panel reported.",Sci/Tech
"Isidore Edelman, 84, Columbia Scientist Who Led Genome Center, Dies",Dr. Isidore S. Edelman was a versatile scientist and administrator who directed and helped found the Columbia Genome Center at Columbia University.,Sci/Tech
"On Campus, Hanging Out by Logging On","Thefacebook.com, a Web site that began 10 months ago, is now the most popular way to either network or waste time for a million college students.",Sci/Tech
Cambodia seen as potential terror haven,"Cambodia needs international help in erecting defences against terrorism or it could become a safe haven for al Qaeda and similar groups, Chile #39;s UN ambassador has warned.",World
Playoffs present new challenge for Angels,ANAHEIM ---- The Anaheim Angels began their off-day workout for the American League divisional series Monday with a gentle breeze blowing through Angel Stadium and flipping the flag from their 2002 World Series championship in center field.,Sports
New Firefox supplies patches in nick of time,"In the very week Mozilla Firefox Version 1.0 was launched, a series of potentially nasty security holes have been uncovered in older versions of the browser.",Sci/Tech
Britain's Highest Court Overturns Anti-Terrorism Law,Britain's highest court ruled today that the British government cannot indefinitely detain foreigners suspected of terrorism.,World
Software piracy whistle-blowers get bigger rewards,The BSA trade group ups its reward for information on U.K. companies that are using illegal software.,Sci/Tech
Australia #39;s Natl Foods Confirms Rejection Of Fonterra Bid,"MELBOURNE (Dow Jones)--Takeover target National Foods Ltd. (NFD.AU) on Monday reiterated its opposition to a hostile bid from its biggest shareholder, New Zealand #39;s Fonterra Co-operative Group Ltd.",Business
World Cup notebook: Redden skates but probably won #39;t play Saturday,TORONTO (CP) - Team Canada defenceman Wade Redden had his first full practice Friday since injuring his left shoulder in last Wednesday #39;s 5-1 win over Slovakia.,Sports
Lilly Debuts Clinical Drug Trial Web Site,"INDIANAPOLIS - Eli Lilly  amp; Co. debuted a Web site Wednesday for clinical trial data on its prescription drugs, including Prozac and its new antidepressant, Cymbalta.",Business
Asian Shares Mixed as Oil Steady Near \$47," SINGAPORE (Reuters) - High oil prices kept Asian stock  markets in check on Wednesday as investors fretted over the  impact of energy costs on corporate earnings, but an upbeat  outlook from Applied Materials lifted some tech issues.",Business
"Creatini is named All-American, again","Newton North High graduate Mari Creatini, a senior cocaptain on the Northeastern University field hockey team, was named the America East Championship's Most Outstanding Player after scoring the game-winning goal in NU's 2-0 victory over Boston University that clinched her team's fourth consecutive conference title.",Sports
Opera 7.60 set to offer faster browsing,"The next version of the Opera browser will be integrated with SlipStream #39;s Web and email acceleration technology, Opera Software said on Thursday.",Sci/Tech
Fertility Clinics Vary on Embryo Disposal (AP),AP - The nation's fertility clinics vary widely when it comes to how they perform one of the most delicate aspects of their jobs: disposing of unused frozen human embryos that were created to help infertile women become pregnant.,Sci/Tech
"UBS to Buy Schwab Research, Trading Unit","UBS AG (UBSN.VX: Quote, Profile, Research) is expected to buy Charles Schwab Corp. #39;s (SCH.N: Quote, Profile, Research) institutional research and trading unit for about \$265 million, a source familiar with the matter said on Monday.",Business
Ross returns home as Vikings assistant,"Kevin Ross knows a thing or two about how rowdy Eagles fans can get for a Monday night game at Lincoln Financial Field. Now an assistant defensive backs coach for the Minnesota Vikings, Ross ",Sports
Uncertainty surrounds Myanmar prisoner release as families wait (AFP),"AFP - Myanmar's planned release of nearly 4,000 prisoners appeared to have halted with no sign of any easing of restrictions around the nation's most famous detainee, democracy leader Aung San Suu Kyi.",World
Singapore oil chief to face police over \$550m trade losses,"CHEN JIULIN, the suspended chief executive of China Aviation Oil (CAO) in Singapore, has agreed to face a criminal investigation into the Beijing-backed groups \$550 million (283 million) in derivatives trading losses.",Business
Chinese officials have little hope for trapped miners,BEIJING - Authorities in Central China are holding out little hope of finding alive the 116 men trapped in a coal mine in Shaanxi province.,World
UN Starts African Polio Vaccinations,"The United Nations launched a massive polio immunization campaign across Africa on Friday, aiming to undo the region-wide effects of a vaccine boycott in Nigeria.",World
Fannie Mae Whistle-Blower Won't Testify," WASHINGTON (Reuters) - A former Fannie Mae &lt;A HREF=""http://www.investor.reuters.com/FullQuote.aspx?ticker=FNM.N target=/stocks/quickinfo/fullquote""&gt;FNM.N&lt;/A&gt; employee  who gave U.S. officials information about what he saw as  accounting irregularities will not testify as planned before a  congressional hearing next week, a House committee said on  Friday.",Business
Nigeria separatist to meet president,The head of a separatist movement in Nigeria #39;s southern oil-rich Niger Delta has announced that he intends to meet President Olusegun Obasanjo.,World
Bush Campaign Trail Stops at White House,"WASHINGTON - Enmeshed in his re-election campaign, President Bush rarely spends a full day at the White House. But even when he does, presidential politics and campaign pitches remain close at hand...",World
"Current bridge plan urged Single-tower span now quickest, cheapest &lt;b&gt;...&lt;/b&gt;",An audit made public Thursday says that the quickest and cheapest way to protect motorists on the eastern span of the Bay Bridge from major earthquakes is to stick with the plan to build the costly single-tower suspension span that has generated so much ,Business
Vodafone launches music 3G,and its handsets make a step to answer the need for all-in-one mobile media devices. The company expects 3G to begin gaining mass market ,Business
This is how its done,"Navy beat Army by two years yesterday, tying the rivalry at an almost-poetic 49-49-7. For while the Midshipmen hired their reparative coach fully three Decembers ago, the ",Sports
St. Louis Cardinals News,"With the National League #39;s best record sewn up, the Cardinals would just as soon start the playoffs immediately. Yesterday, if possible.",Sports
Broncos Face Tough Rematch With Colts (AP),"AP - The point spread  #151; ""Indianapolis -10""  #151; pretty much says it all.",Sports
Henin-Hardenne Pulls Out of Tournament (AP),AP - Olympic champion Justine Henin-Hardenne pulled out of next week's Porsche Grand Prix in Germany because she is still ill from a virus which sidelined her earlier this year.,Sports
Final instalment of Dogville trilogy years away: Lars von Trier (AFP),"AFP - Danish filmmaker Lars von Trier, who is currently filming the sequel to his 2003 movie Dogville starring Nicole Kidman, said the final instalment of his American trilogy was years away from hitting screens.",World
0-for-2 in World Cup,"Russia outhustles the American squad and deals Team USA its second consecutive loss, 3-1, Thursday night.",Sports
Intel 65-nanometer chip to use less power,"Intel #39;s 65-nanometer process technology will not be very different from its 90-nanometer process technology, which should help make for a smoother transition between the two manufacturing techniques in 2005, according to an Intel manufacturing executive.",Sci/Tech
Microsoft squeezed by contract law,"Microsoft has been dropped from a \$3.6m contract in China because the government broke strict procurement rules, designed to give national firms an edge in securing software deals.",Sci/Tech
Google Wants to Improve Web Browsers,"Google Wants to Improve Web Browsers\\Google yesterday responded to the buzz over Gbrowser.com, the mythical Google powered web browser that bloggers and forums have been buzzing over. In a statement to the Indian press, Google said that it was engaged in developing technology that was aimed at bringing about improvements ...",Sci/Tech
Billy Joel Gets a Star in Hollywood,"LOS ANGELES - Billy Joel wrote the song, ""Say Goodbye to Hollywood."" On Monday, he joked he'd never leave. ""It looks like I'm always going be here,"" Joel said after his sidewalk star was unveiled on the Hollywood Walk of Fame...",World
Q A: Cordys president talks up Web services,"Justin Anderson, president of Cordys' Americas group, sat down yesterday with Computerworld at the Gartner Application Integration and Web Services Summit to talk about his company and its Web services platform.",Sci/Tech
US: Still Time to End N.Korea Crisis in Talks,Secretary of State Colin Powell said Sunday there was still time to resolve a nuclear crisis with North Korea through six-party talks despite Pyongyang #39;s refusal to resume the negotiations.,World
Oracle Won #39;t Predict PeopleSoft Acquisition,Oracle Corp. may have won a major antitrust fight with the Justice Department last week over its proposed acquisition of PeopleSoft Inc.,Business
Real play down Beckham injury,Spanish giants Real Madrid on Monday played down the seriousness of midfielder David Beckham #39;s rib injury and said that the England skipper could play this weekend.,Sports
Football: Diouf on spitting charge,The FA charges Bolton's El-Hadji Diouf with improper conduct after he spat at Portsmouth's Arjan de Zeeuw.,World
Unctad report: FDI in Malaysia at US\$2.47bil last year,"FOREIGN direct investment (FDI) in Malaysia dropped to US\$2.47bil last year from US\$3.20bil in 2002, according to the United Nations Conference on Trade and Developments (Unctad) World Investment Report 2004.",Business
Durable Goods Orders Edge Up in September (Reuters),"Reuters - U.S. orders for long-lasting durable\goods rose by a smaller-than-expected 0.2 percent in September,\held back by another sharp fall in commercial aircraft,\government data showed on Wednesday.",Business
Time Warner Near AOL Settlement,"Time Warner (TWX:NYSE - news - research) is on the brink of announcing settlements with the Justice Department and the Securities and Exchange Commission, it was reported Wednesday.",Business
Weather dampens Unilever sales,"Unilever, the consumer products giant, said today that profits had slipped during the third quarter - as had sales of its top 400 brands.",Business
Apple to offer special edition U2 iPod?,Apple and U2 will reportedly team up to sell a special edition iPod promoting the band #39;s forthcoming album. The publication cites sources close to U2 and says  quot;the digital music player will come preloaded ,Sci/Tech
Raffarin pledges to be  quot;extremely severe quot; against anti-semitism &lt;b&gt;...&lt;/b&gt;,"French Prime Minister Jean-Pierre Raffarin declared Sunday that  quot;France will be extremely severe against those who perpetrate anti-semitism, quot; after visiting the Jewish social ",World
The one that didn't get away,"Good-bye, Frank Quattrone. The investment banker who became famous in money circles as one of Silicon Valley's main pipelines to Wall Street cash during the 1990s boom heard the bad news yesterday. A federal judge in New York gave him 18 months in prison, a slightly tougher stretch than the sentencing guidelines suggested. Expect the normal cycle of appeals, but ...",Business
"Bush Pledges Safer World, Resumes Stumping (AP)","AP - President Bush pledged ""a safer world and a more hopeful America"" as he accepted his party's nomination for a second term in office and plunged into the final two months of his re-election campaign. He promptly drew fire Friday from challenger John Kerry that he was ""unfit to lead this country.""",World
"SBC links e-mail, voice messages, faxes",New service lets consumers access an all-in-one mailbox from anywhere with a phone or the Internet.,Sci/Tech
"Nokia, Vodafone Join Forces To Simplify Mobile Phone Software","Finnish mobile phone giant Nokia Corp and British mobile operator Vodafone Group PLC said they would collaborate to simplify mobile phone software using the Java computer language, paving ",Sci/Tech
PSP Pricing Announced,Grey Ninja writes  quot;GC Advanced has reported from the Tokyo Game Show that the PSP will retail for \$349.99. Coupled with the previously announced price of the Nintendo DS at \$149.,Sci/Tech
House Democrats Decry GOP Intel Bill,"WASHINGTON - Some lawmakers are opposing a new intelligence bill prompted by the Sept. 11, 2001, attacks, complaining that Republicans refused to work with their Democratic colleagues to craft a balanced bill that would represent both viewpoints...",World
Owen Beaming From Real Big Week,"Real Madrid forward Michael Owen was in the mood to celebrate after his midweek goal against Leganes completed a rare seven day hat trick of scoring La Liga, Champions League and Copa del Rey winners.",Sports
Coming back for more,"At this weekend #39;s 50th Mac Tools US Nationals at Indianapolis Raceway Park, the NHRA POWERade extravaganza will be a homecoming of sorts for several familiar racers who have ",Sports
Sorenstam Leads ADT Championship by One (AP),"AP - Annika Sorenstam has nothing left to prove this year. She has won seven times, claimed another major and went over the  #36;2 million mark for the fourth consecutive season. But that doesn't mean she came to the ADT Championship to relax.",Sports
Google Planning Desktop Search for Mac Computers,"Google announced plans to offer its Google Desktop Search to Mac computers on Friday, introducing Google technology to a loyal group of computer users who are not using the Windows operating system.",Sci/Tech
Linux clusters gear up for simulated combat,Linux Network scores two military-related deals for Linux clusters.,Sci/Tech
Radcliffe Competing for the Joy of Running,"Paula Radcliffe said she would run in the New York City Marathon on Nov. 7, 77 days after dropping out during the Olympic marathon.",Sports
Protests Target Bush at Summit in Chile,"Riot police used water cannons and tear gas Friday to break up a demonstration by hundreds of rock-throwing protesters before more than 20,000 people marched to vent their anger at Pacific Rim leaders, particularly President Bush.",World
U.S. Weighs Borrowing Oil From Stockpile (AP),AP - The Bush administration said Thursday it is weighing a request from several U.S. refiners to borrow crude oil from the nation's emergency stockpile to help offset supply disruptions along the Gulf Coast from Hurricane Ivan.,World
Olympics 2004: Canoeing: Veraas Larsen ready for K-1 500m finals,"Eirik Veraas Larsen had no problem winning his heat in the K-1 500m semifinals on Thursday morning, and is now favourite to win the Saturday final.",Sports
Background Investigation Shortfall Sends ManTech to a Loss,"Despite an increase in revenue, ManTech International Corp. swung to a loss during its second quarter when a contract to conduct background investigations for the Department of Defense turned out to be far less lucrative than previously expected.",Sci/Tech
Space Shuttle's Spring 2005 Launch Date Delayed,"By PAM EASTON    HOUSTON (AP) -- The first shuttle flight since the Columbia tragedy has been pushed back by NASA because hurricane damage and implementation of new safety measures made a spring 2005 launch ""no longer achievable.""    March or April had been the tentative date selected by NASA's spaceflight council, which announced the delay Friday.    The council, in Houston to discuss the Oct...",Sci/Tech
"Upper Midwest Tempts Bush, Worries Kerry","LA CROSSE, Wis. - In 2000, political pundits summed up the race in three words: Florida, Florida, Florida...",World
Ahold Settles with Dutch Prosecutors, AMSTERDAM (Reuters) - Retailer Ahold reached an 8 million  euros (\$9.85 million) settlement with Dutch public prosecutors  over charges of publishing false accounts.,Business
Same Old Story: Yankees Sour on a Younger Pitcher,Javier Vazquez was supposed to be the impressive pitcher the Yankees would use as a linchpin in their rotation for any number of seasons.,Sports
Chrysler Recalls Minivans,(Oct. 11) -- Chrysler is recalling nearly 1 million minivans because an electrical problem could cause the driver #39;s side air bag to fail.,Business
Critical hole found in Windows XP SP2 firewall,A critical hole in Windows XP firewall in Service Pack 2 makes computers accessible to anyone on the network. The configuration problem only affects dial-up users: some dialling software mistakes the entire ,Sci/Tech
PM: Foreign-Educated Muslims Behind Thai Unrest (Reuters),"Reuters - Thai Muslims who\have studied Islam abroad are behind the spate of violence in\the far south which has claimed almost 500 lives since January,\Prime Minister Thaksin Shinawatra said Tuesday.",World
Japanese troops to stay in Iraq,"The Japanese government says it is undeterred in its fight against terrorism, following the killing of a Japanese hostage in Iraq.",World
Fans at Ryder Cup Proving to Be Quiet (AP),"AP - Midway through Friday's Ryder Cup matches at Oakland Hills, English golf fan Sean Warden began to wonder: Was it tee time, or tea time?",Sports
Oil Eases as Supplies Offset Winter Fears, NEW YORK (Reuters) - Oil prices eased on Friday as swelling  crude stockpiles countered worries over a cold snap in the U.S.  Northeast that is expected to keep furnaces fired up until the  middle of next week.,Business
"Bush, Kerry Tentatively OK Three Debates","NEW YORK - The campaigns of President Bush and Sen. John Kerry tentatively have agreed to a series of three debates that both sides hope will give them momentum in the closing weeks of the presidential election campaign, a person familiar with the debate negotiations said Sunday night...",World
Shia leader Sadrs movement insists on Iraq election boycott,"BAGHDAD - Radical Shiite cleric Muqtada Sadrs movement will not participate in the national Iraqi elections due on January 30, Sadrs senior assistant asserted on Friday.",World
"Music Sites Ask,  #39;Why Buy If You Can Rent? #39;","ong before Sir Richard Branson dreamed of becoming the latest billionaire with a reality TV show, before he started his cellphone company, his airline and his record label, he sold music from ",Sci/Tech
WTO Ready for US Sanctions,"The World Trade Organization cleared the way on Thursday to impose \$150 million of trade sanctions on the United States, sought by the European Union and others, after lawyers resolved a legal wrangle.",Business
Reaching Beyond Google's Basics,"Amazon.com is trying to out-Google the king of Internet search with a new site, A9.com, that puts a fancy face on Google's plain-Jane search results. &lt;FONT face=""verdana,MS Sans Serif,arial,helvetica"" size=""-2"" color=""#666666""&gt;&lt;B&gt;-Leslie Walker&lt;/b&gt;&lt;/font&gt;",Sci/Tech
The Dollar Rallies Broadly," NEW YORK (Reuters) - The dollar rallied broadly on Monday  after a statement by the Group of Seven richest nations late  Friday brought no surprises, allowing some optimism about U.S.  economic prospects to bolster the currency.",Business
Apple Stock Jumps to 4-Year High on IPod,"Apple Computer Inc. stock jumped to a four-year high Monday after a major Wall Street firm nearly doubled its price target on the stock, saying that customer satisfaction with its iPod music player is creating ""wildfire word-of-mouth marketing"" for its Mac computers and other products.",Sci/Tech
LA billionaire Marvin Davis dead at 79,"LOS ANGELES Billionaire Marvin Davis, former owner of 20th Century Fox studios, the Pebble Beach Company and the Beverly Hills Hotel, died today at his home in Beverly Hills.",Business
Tata to meet Bangla officials for projects,"Tata group chairman Ratan Tata today said he would visit Bangladesh next month to discuss with government representatives the groups plan to invest \$2 billion to set up steel, power and fertiliser plants in the country.",Business
Goodyear sharpens focus as it sells plantation unit,"Goodyear Tire  amp; Rubber, the biggest North American tiremaker, has agreed to sell its 95 percent stake in an Indonesian rubber-plantation unit to Bridgestone to end production of natural rubber and focus on tires.",Business
Bosnian Serb police detain eight war crimes suspects (AFP),"AFP - Bosnian Serb police detained eight suspects wanted by the UN war crimes court, the first such arrests since the end of the 1992-95 conflict, police and court sources said.",World
Cendant Snags Another Travel Site,"The acquisition of privately held Gullivers, a wholesaler of hotels, travel packages and group tours, also includes online travel seller OctopusTravel.",Business
Microsoft to Muscle Deeper into VOIP?,"While Microsoft #39;s Live Communications Server (LCS) is first and foremost an enterprise instant-messaging server, Microsoft is expected to position its 2005 version as its entre into the telephony market.",Sci/Tech
Death demanded for South African  #39;mercenary #39; in E Guinea coup bid,"MALABO : The prosecutor in the case of South African alleged mercenary leader Nick du Toit, who has admitted a limited role in a coup bid in Equatorial Guinea, called for him to be sentenced to death.",World
Walter shines in home finale,"TEMPE, Ariz. -- Andrew Walter passed for 332 yards and five touchdowns in his final home game last night and No. 20 Arizona State rolled past Washington State, 45-28.",Sports
Chechens Vote to Replace President (AP),"AP - Against a backdrop of war and squalor, Chechens voted Sunday for a replacement for their assassinated president, in a vote the Kremlin hopes will bring some stability to a region wracked by a decade of violence.",World
Is Giambi tumor in pituitary?,"Yankees slugger Jason Giambi still wants to keep his medical situation private, even though a newspaper report yesterday detailed the location and treatment of his benign tumor.",Sports
Mozilla Nears Firefox Finale (Ziff Davis),"Ziff Davis - With a preview of Firefox 1.0 ready for release, the open-source development group says it is also preparing for a grassroots marketing push.",Sci/Tech
Intel upclocks Pentium M,Intel is shipping a new mobile processor built on 90nm process technology that clocks up to 2.1GHz. The Pentium M 765 includes 2MB of integrated L2 cache and a  quot;power optimized quot; 400MHz system bus and enhanced  quot;Speedstep quot; power saving technology.,Sci/Tech
Arsenal held 2-2 by Bolton,England champions Arsenal #39;s winning streak was stopped Saturday as they were held to a 2-2 draw by Bolton Wanderers at Highbury on Saturday.,Sports
Google Results Evoke 'Dot-Com' Fervor," SAN FRANCISCO (Reuters) - Shares of Google Inc. gained more  than 15 percent on Friday, to trade at more than twice the  level of its cut-price IPO, after the Web search leader  delivered strong quarterly results in its first reported  quarter as a public company.",Business
Singletary Wins Breeders #39; Cup Mile,"Jockey David Flores, right, celebrates his win aboard Singletary in the Net Jets Breeders #39; Cup Mile turf race over jockey Jamie Spencer and Antonius Pius (7) in Grand Prairie, Texas, Saturday, Oct. 30, 2004.",Sports
Qantas raises fuel surcharge,"Qantas Airways has raised its fuel surcharge on domestic and international tickets by \$4 and \$7, respectively, because of the high price of oil. ",Business
Hodge to tour but Clarke favoured,BRAD HODGE was not waiting to be asked if he would be included in the Australian Test team. He got on the front foot and made the call himself.,Sports
N.D. Consortium Wins NASA Research Job (AP),"AP - NASA has awarded control of its DC-8 research aircraft to the Upper Midwest Space Consortium at the University of North Dakota, a move officials say will create new jobs at the university and give it added national prestige.",Sci/Tech
"We are no longer underdogs, says Montgomerie","From the 18th green at Oakland Hills to an Irish bar in Detroit, where Padraig Harrington met up with his cousin, Joey, the quarterback of the Detroit Loins who also won on Sunday ",Sports
Oracle May Drop Its PeopleSoft Bid Lower (AP),"AP - Oracle Corp.'s hostile  #36;7.7 billion bid for rival software maker PeopleSoft Inc. could drop by one-third to one-fourth, Oracle co-president Safra Catz said Monday.",Sci/Tech
Japanese guard signs for NBA's Phoenix Suns (AFP),"AFP - Yuta Tabuse has signed for the Phoenix Suns, boosting his hopes of becoming the first Japanese to play in the US National Basketball Association (NBA) regular season, the NBA's Tokyo branch said.",Sports
India ready to look into Musharrafs proposal,"PTI On Board Special Aircraft Nov 13: India today said it would certainly look into the Pakistan President, General Pervez Musharrafs recent formulation to resolve the Kashmir issue if it is made formally but firmly ruled out third party mediation ",World
S.E.C. Is Said to Examine Stock Pricing By Big Brokers,About a dozen brokerage firms are suspected of failing to secure the best available price for stocks they were trading for their customers.,Business
Microsoft unveils Windows XP for India,"Microsoft Corp. announced Wednesday that it would offer a low-cost, localized version of its Windows XP operating system in India to tap the large market potential in this ",Sci/Tech
"With the dawn of space tourism, the jet jockey returns","After a ride of some 50 miles straight up, SpaceShipOne paused poetically in the weightless black above the Mojave Desert.",Sci/Tech
"Yankees, Twins ready to start head games","Its risky to call a series in late September that neither team really has to win a playoff preview. Just the same, the three-game series between the Twins and Yankees that concludes Thursday is as compelling as such series get.",Sports
"Boeing profit up 78 percent in quarter, upbeat on 2005","CHICAGO, Oct 27 (AFP) - Aviation and defense giant Boeing said Wednesday its third-quarter profit shot up 78 percent from a year ago to 456 million dollars and gave an upbeat forecast for the rest of 2004 and into 2005.",Business
U.S. Senate to Weigh Bill Targeting Web Song Swaps (Reuters),"Reuters - After weeks of negotiations, the\U.S. Senate could take action this week on a bill that would\make it easier to sue ""peer-to-peer"" networks like Kazaa and\LimeWire that allow users to copy music and movies over the\Internet.",Sci/Tech
Space Station Crew Conducts Final Spacewalk of Mission,The crew of the International Space Station is conducting the fourth and final spacewalk of its six-month mission Friday to install and replace equipment.,Sci/Tech
Seoul finds holes in North border,South Korea has put frontline troops on high alert after finding two holes cut in the wire along its heavily fortified buffer zone with North Korea.,World
Bush to tackle Social Security issues,"The nation #39;s economy is growing, President Bush told attendees on the second day of a White House economic conference, but work remains to be done on Social Security, the deficit and what the president called  quot;fiscal restraint.",Business
Boeing Says 7e7 Being Developed Without Subsidies,"PARIS, Sept 23 (AFP) - US aircraft maker Boeing has not received subsidies to finance the developement of its new 7E7 commercial airliner, chief executive Harry Stonecipher said Thrusday, dismissing accusations from European rival EADS.",Business
'Moment of decision' has come for Northern Ireland peace: Blair (AFP),AFP - British Prime Minister Tony Blair said the  quot;moment of decision quot; had come for Northern Ireland's Catholic and Protestant leaders to break two years of deadlock and secure a lasting peace.,World
Iowa upends No. 15 Texas,"Pierre Pierce hit a 25-foot jumper with 44 seconds left to give Iowa the lead for good, and the Hawkeyes beat No. 15 Texas, 82-80, last night in the semifinals of the Maui Invitational.",Sports
S Korea chided for nuclear tests,The UN nuclear watchdog says South Korea's illegal nuclear tests were on a bigger scale than declared.,World
End to Libya sanctions on EU agenda,The EU is set to give the all-clear to lifting an 18 year old arms embargo against Libya following high level talks in Brussels. EU ambassadors meeting on Wednesday agreed in principle to dropping the sanctions ,World
Democrats Must Do More for Hispanic Votes (AP),"AP - The Democratic Party has neglected Hispanic voters for a decade and risks severe election losses unless it changes course, Hispanic lawmakers wrote party leaders Thursday.",World
"US Treasuries get a boost from data, rising oil","Treasury debt prices climbed on Thursday as higher jobless claims, a widening trade deficit and record high oil prices gave the market a positive tilt.",Business
Heatley approves Swiss-league deal,Atlanta Thrashers forward Dany Heatley agreed to contract terms Wednesday with Bern in Switzerland to play with the club during the NHL lockout.,Sports
Suspected File-Sharing  #39;Hubs #39; Raided,"Federal agents yesterday took their first steps to go after individuals who illegally trade copyrighted music and videos over the Internet, seizing computers, software and related equipment at five homes around the country.",Sci/Tech
Wall St. Seen Flat at Open as Oil Eyed," LONDON (Reuters) - Wall Street was expected to start little  changed on Friday as investors continue to fret over the impact  of high oil prices on earnings, while Boeing &lt;A HREF=""http://www.investor.reuters.com/FullQuote.aspx?ticker=BA.N target=/stocks/quickinfo/fullquote""&gt;BA.N&lt;/A&gt; will be  eyed after it reiterated its earnings forecast.",Business
Oracle #39;s PeopleSoft Bid Deadline Nears,Oracle Corp. #39;s \$24-a-share hostile takeover bid for PeopleSoft Inc. heated up anew yesterday as tonight #39;s deadline for stockholders to offer their shares for sale approached.,Business
Nations demand study of quotas,Governments from nearly 30 countries demanded Friday that the World Trade Organization undertake an urgent review of what might happen when textile quotas end Jan. 1. The ,Business
"Lloyds TSB transfers 1,000 more jobs to India","Lloyds TSB is moving another 1,000 jobs to India, increasing its workforce in Bangalore and Mumbai to 2,500 by the end of next year.",Business
Stocks Seen Lower as Oil Adds Pressure," NEW YORK (Reuters) - U.S. stock futures trimmed early  losses but pointed to a lower market open on Monday, following  a broad sell-off on Friday, as oil prices set new records above  \$55 a barrel, fueling worries that soaring energy costs will  bite into corporate profits.",Business
Low-Level Cease-Fire Talks Begin in Gaza (AP),"AP - Israeli and Palestinian security officials have begun indirect contacts aimed at ending a major Israeli offensive in northern Gaza, an Israeli military official said Tuesday, but the claim was denied by the Palestinians.",World
Crawford Gets Subpoena From Spitzer,International insurance services firm Crawford  amp; Co. said Friday that it received a subpoena from the office of New York Attorney General Eliot Spitzer requesting information in connection with the office #39;s investigation.,Business
 #39;I am the aggressor #39; - Justin Langer,"Justin Langer batted and battled through scorching heat to register his 20th century and seal his side #39;s strong position. He spoke to the media after play and was quizzed about the heat, cramps and Matthew ",Sports
Fake Telephone Calls Trouble European Airlines,"On October 5, an unidentified call rang in the Lufthansa airlines office while one of its flights was flying from Frankfurt to Tel Aviv in Israel.",World
Defeat for GB canoeists,British canoeists Nick Smith and Stuart Bowman are out of the men's C2 doubles.,Sports
Criticism and Praise for New HDS Storage Platform,"Hitachi Data Systems #39; (Quote, Chart) TagmaStore Universal Storage Platform was designed to grab market share from high-end competitors EMC and IBM (Quote, Chart).",Sci/Tech
"Dechy Stuns Capriati 6-4, 7-5 at Pilot Pen (AP)","AP - Defending Pilot Pen champion Jennifer Capriati was upset Thursday, losing 6-4, 7-5 to eighth-seeded Nathalie Dechy.",Sports
Stoudemire Scores 50 Points in Suns' Win (AP),AP - Amare Stoudemire scored 50 points to lead Phoenix to a 117-98 win over Portland on Sunday night.,Sports
Shakhtar Have Selection Problems,Shakhtar Donetsk coach Mircea Lucescu is facing a selection headache ahead of the crucial Champions League clash with Celtic. Neither side have a Group F point so far after defeats against AC Milan and Barcelona ,Sports
More Visas For Foreign Workers,"Congress is letting employers hire 20,000 more foreign high-tech workers under a special visa program after businesses reached the annual ceiling on the first day of the government's fiscal year.",Sci/Tech
Transmeta claims anti-virus first with new processor,"Transmeta Corp. has begun shipping its second-generation Efficeon processors, the TM8800 series.",Sci/Tech
Profits rise as AGL flags NZ sale,"Australian Gas Light Company has flagged the sale of its stake in New Zealand #39;s NGC Holdings, after the Australian energy retailer today reported an 18.",Business
"Web Sites Stirring Up Criticism of Coaches, Even the Unbeaten Ones",Web sites have converted the mischievous idea of a few alumni into an odd form of futures market for betting on a college football coach's career.,Sci/Tech
"North Korean Missile Test Isn #39;t Imminent, #39; Japan Minister Says","North Korea isn #39;t on the verge of test-firing a ballistic missile, Japanese Foreign Minister Yoriko Kawaguchi said, while expressing concern that the government in Pyongyang hasn #39;t ",World
"Zo, Nets break the ice",The score was in the low 60s. The teams combined to shoot 29 and make an NBA record-low 44 field goals. Several players added floor burns to their tattoos and Shareef Abdur-Rahim even suffered a bloody gash on his head.,Sports
Yahoo profit more than triples,"Internet media company Yahoo reported its quarterly profit more than tripled from the year earlier, boosted by stronger online advertising and its acquisition of Overture Services.",Business
Seamen sail into biometric future,A luxury cruise ship in the Caribbean is the unlikely setting for tests of biometric ID cards for seafarers.,Sci/Tech
Tense Silence Envelops Afghan Campaign,"With two weeks remaining before national elections and 18 candidates running for president, Afghanistan #39;s capital should be a frenzy of competing campaign ",World
Pakistan Arrests Suspect in U.S. Consulate Blast (Reuters),"Reuters - Pakistani security forces have\arrested an Islamic militant suspected of involvement in a 2002\bomb attack on the U.S. consulate in Karachi in which 12\Pakistanis were killed, officials said on Thursday.",World
Sony to begin selling AV recording server with PC and TV functions,"TOKYO, Oct 05, 2004 (AFX-UK via COMTEX) -- Sony Corp said it will begin selling on Nov 20 an audiovisual recording server with a storage capacity of 1 terabyte - equivalent to 1,000 gigabytes - that also functions as a high-end PC with seven analog ",Sci/Tech
UTC Agrees to Buy Kidde for \$2.8 Billion," LONDON/BOSTON (Reuters) - United Technologies Corp. &lt;A HREF=""http://www.investor.reuters.com/FullQuote.aspx?ticker=UTX.N target=/stocks/quickinfo/fullquote""&gt;UTX.N&lt;/A&gt;  agreed on Thursday to acquire Britain's Kidde Plc &lt;A HREF=""http://www.investor.reuters.com/FullQuote.aspx?ticker=KID.L target=/stocks/quickinfo/fullquote""&gt;KID.L&lt;/A&gt; for  \$2.8 billion in cash in a deal aimed at expanding the U.S.  conglomerate's security system business.",Business
Ancient baby bird fossil found in China,"WASHINGTON -- The fossil of what may be one of the earliest baby birds has been found in northeast China. The fossil, estimated at 121 million years old, is curled up as though still in its shell.",Sci/Tech
"AOL, Valista team up for micropayments",Internet service provider's subscribers will be able to buy its premium services individually through Valista's technology.,Sci/Tech
Analysis: Intel #39;s new CEO faces big challenges,"SAN JOSE, Calif. - Intel Corp. #39;s long-awaited executive changes were viewed as a net positive by analysts, although the new guard faces some major challenges amid a difficult period for the chip giant.",Business
"US, G-8 nations to talk of Iran penalties Friday",The Bush administration will take up strategy for UN sanctions against Iran at a meeting Friday of senior officials from eight nations.,World
Hooray for Blu-Ray!,If there was ever a time to feel sorry for a corporate titan like Sony (NYSE: SNE) it may have been last month when rival movie studios announced that they would be supporting Toshiba #39;s HD-DVD technology in upcoming releases over the promising Blu-ray ,Sci/Tech
Australia May Say Goodbye to Cowboy Hats (AP),"AP - The sweat-stained felt hats worn by Australian cowboys, as much a part of the Outback as kangaroos and sun-baked soil, may be heading for the history books. They fail modern industrial safety standards.",World
IDC Forum: Is IT creativity dead?,"Speaking at the IDC-sponsored European IT Forum in Paris, controversial author Nicholas G. Carr and business consultant Don Tapscott disagreed about whether IT can spark business model changes that help companies gain strategic advantages over competitors.",Sci/Tech
Ivory Coast crisis brightens coffee traders #39; prospects,"BANGALORE: As a fallout of the turmoil in the Ivory Coast, a French coffee roasters team will be visiting India soon. The 13-member delegation, led by French Roasters Association general secretary Florence ",World
Supercomputer hits the shops,JAPANESE TIN maker NEC has released a mass produced supercomputer computer which it claims knocks the socks off Big Blue #39;s Blue Gene/L.,Sci/Tech
What's next for Oracle?,CNET News.com answers your questions about the court case that set the software maker against the U.S. Department of Justice.,Sci/Tech
Contact Centers Await Next-Generation Speech (NewsFactor),"NewsFactor - IBM's (NYSE: IBM) donation of some US #36;10 million worth of software to the open-source community to help developers build speech applications was, of course, not completely altruistic.",Sci/Tech
"Ill., Mich. Want New Federal Isotope Lab","Like most of us, politicians don #39;t know much about isotopes. But because they know something about money and jobs, lawmakers from Illinois and Michigan are locked in a battle ",Sci/Tech
Airbus to launch A350 to rival Boeing 7E7,"PARIS, Dec 10 (AFP) - The European aircraft manufacturer Airbus is to launch a new plane, the A350, that will challenge the future Boeing fuel-efficient 7E7, Airbus owners EADS and BAE Systems announced Friday.",Business
Macromedia Targets eBay Users,(Article Central) Macromedia announced on Monday that it is offering a customized version of Macromedia Contribute 3 that simplifies online store creation and customization for eBay sellers.,Sci/Tech
Custom Channel Gets Media Center OS,Microsoft #39;s Chairman and Chief Software Architect Bill Gates will share the stage on Tuesday with nearly 15 system builders in a program to officially launch Microsoft #39;s latest version of its Windows XP Media Center Edition 2005 operating system.,Sci/Tech
Amherst lords of the field,AMHERST -- The annual season finale between Amherst and Williams is always a passion play. Both schools come in with their gaudy US News  amp; World Report rankings of liberal arts colleges and a Red Sox/Yankees-like disdain for each other.,Sports
Olympic Champion Henin Still Suffering from Virus, LONDON (Reuters) - Olympic champion Justine Henin-Hardenne  is still suffering from a mystery virus which has plagued her  for much of this year.,Sports
INTERVIEW: Gwalia Has Been Approached By Gold Ops Buyers,PERTH (Dow Jones)--Financially distressed Australian mining company Sons of Gwalia Ltd. (SGW.AU) said Monday that it has been approached by several parties interested in buying its gold business.,Business
Black to Quit Hollinger Inc 'Within Days'," TORONTO (Reuters) - Former press baron Conrad Black will  quit as chairman and chief executive of his Canadian holding  company, Hollinger Inc. &lt;A HREF=""http://www.investor.reuters.com/FullQuote.aspx?ticker=HLGc.TO target=/stocks/quickinfo/fullquote""&gt;HLGc.TO&lt;/A&gt;, to facilitate his offer to  take the company private, his lawyer said on Friday.",Business
Edwards Sees Delay in Approval of Trial,"Edwards Lifesciences Corp. (EW.N: Quote, Profile, Research) on Friday said it does not expect the US regulators to provide an answer by the end of the year on whether it can conduct a clinical ",Business
"Bush campaign cuts website off from foreign access for ""security reasons"" (AFP)","AFP - President George W. Bush's reelection campaign said it had cut its website off from access from certain foreign countries  quot;for security reasons, quot; but declined to elaborate.",Sci/Tech
Oil Falls; OPEC Says Market Well-Supplied,"&lt;p&gt;\&lt;/p&gt;&lt;p&gt; LONDON (Reuters) - Oil prices eased further on Tuesday, as\the head of OPEC cartel said that markets were well-supplied\with crude and traders continued to take profits from this\year's 40 percent rally.&lt;/p&gt;",Business
Son of anti-US warlord seeks Somali presidency,NAIROBI - The son of a Somali warlord who eluded and embarrassed United States forces a decade ago on Sunday stepped up his campaign to become president of a country his father helped plunge into anarchy.,World
"Cubs fine Sosa \$87,400 (one day #39;s pay)","Chicago slugger Sammy Sosa was fined \$87,400 Wednesday for leaving the ballpark while the Cubs were playing the Atlanta Braves in the season finale.",Sports
Senate Approves Goss As Head of CIA,"WASHINGTON - The Republican-led Senate approved President Bush's choice to head the CIA, Rep. Porter Goss, over protests from some Democrats who said he has too many Republican ties for a job that requires independence...",World
They Are Sleuths Who Weigh Prose,Trying to authenticate documents or uncover forgeries is an increasingly technical pursuit.,Sci/Tech
Effort to Train New Iraqi Army Is Facing Delays,The military command in charge of training Iraqi forces has fewer than half of its permanent headquarters personnel in place.,World
"UPDATE: NZ #39;s Sky Network TV, INL Enter Merger Talks",WELLINGTON (Dow Jones)--New Zealand #39;s monopoly pay television operator Sky Network Television Ltd. (SKY.NZ) said Thursday it is in merger talks with its majority shareholder Independent Newspapers Ltd. (INL.NZ). ,Business
Busch Wins Nextel Cup,"Kurt Busch uses a late caution flag that produces four extra laps to hold on to a fifth-place finish at the Ford 400, wrapping up the Nextel Cup.",Sports
INTER THRASH VALENCIA 5-1,"VALENCIA - Inter bring home all three points from Wednesday evening #39;s hard-fought Uefa Champions League Matchday 3 encounter at the Mestalla to keep their one hundred record in Group G. Stankovic, Vieri, van der Meyde, Adriano and Cruz scored the goals in ",Sports
Swing and Miss for D.C.,The question of whether baseball will now jerk its franchise out of Washington is a mere foregone conclusion. Why would baseball come here? We have pulled a bait-and-switch on the sport.,Sports
Michael Phelps Forced To Withdraw From Swimming Championships,"US Olympic swimming champion Michael Phelps, was forced to withdraw from competition at the Short Course World Swimming Championships in Indianapolis because of back pain.",Sports
Group OK With Most Football Coach Searches,"Nebraska head coach Bill Callahan runs off the field at halftime of the game against Baylor in Lincoln, Neb., Saturday, Oct. 16, 2004.",Sports
"NBA: LA Lakers 115, Sacramento 99","Kobe Bryant made all six of his field-goal attempts in a big third quarter Thursday night as the Los Angeles Lakers rolled past Sacramento, 115-99.",Sports
Dispute May Scuttle Space Tourism Bill (AP),AP - Legislation to regulate the infant space tourism industry  #151; invigorated by the successful flights of a privately financed manned rocket  #151; has been stalled by disagreements over how much protection to offer potential space travelers.,World
California Public Utilities Commission Raises UNE Rates by 20,The California Public Utilities Commission (CPUC) approved a proposal that will increase wholesale rates for SBC #39;s California service territory by 20 percent.,Business
Vodafone launches second phone-form BlackBerry,"Research In Motion and Vodafone have released the BlackBerry 7100v, available exclusively for Vodafones subscribers. Like the 7100t launched earlier this month with T-Mobile USA Inc.",Sci/Tech
New GameSpy terms threaten Mac to PC online gaming (MacCentral),"MacCentral - New software licensing fees dictated by GameSpy Industries Inc. may make it impossible for Mac game publishers to let their forthcoming games play against their PC counterparts. GameSpy's licensing fees have increased by a factor of five to ten in recent months, an amount that Mac game publishers say is unreasonable to expect them to pay.",Sci/Tech
More than just tennis,The atmosphere suits certain players. While others have to learn to deal with the unique situations that a New York crowd promote.,Sports
Rams make statement they #39;re team to beat in NFC West,"ST. LOUIS -- When St. Louis coach Mike Martz last week publicly chastised his team, he admonished players to make something happen and to do it immediately.",Sports
'Amazing' Viking cemetery found,Archaeologists unearth what is believed to be the first discovery of a Viking burial site in the UK.,Sci/Tech
Bush Asked to Stop Using 'Still the One' (AP),"AP - The songwriter who helped pen the 1970s hit, ""Still the One,"" is demanding that President Bush stop using the tune at campaign events, arguing that he's no fan of the Republican incumbent and the campaign never got permission to use the song.",World
Europe awaits US poll verdict,"European shares edged higher Tuesday, with easing oil prices underpinning market sentiment, but investors were cautious ahead of a neck-and-neck race in the US presidential elections.",Business
O #39;Neal might return tonight,"Center Shaquille O #39;Neal missed his third exhibition game Tuesday because of a strained left hamstring, but could play in tonight #39;s exhibition finale at Orlando.",Sports
CA offers usage-based pricing for mainframe tools,"Computer Associates International Inc. (CA) introduced a usage-based pricing and licensing option for its mainframe management products on Thursday, aligning its offerings with IBM Corp.'s On Demand model.",Sci/Tech
Card fraud shows sharp increase,"Credit and debit card fraud rose by nearly a fifth to 478.8m in the year up to July, an industry body says.",Sci/Tech
Microsoft FAT patent falls flat,"Patent office rejects one of four patents on File Allocation Table format for Windows, though Microsoft can appeal.\",Sci/Tech
AMD demos first dual-core processor,"Advanced Micro Devices Inc. (AMD) has demonstrated the company #39;s first dual-core microprocessors at its Austin, Texas, office, the company said Tuesday.",Sci/Tech
Five Keys to the Game,"1. Score early, score often and keep the pressure on. The Rams need to strike early against the Seahawks for many reasons. The crowd will be raucous and an early lead for St.",Sports
British armed forces recognise first ever Satanist (AFP),"AFP - A technician in the Royal Navy has become the first serviceman in Britain's armed forces to be officially recognised as a Satanist, the defence ministry said.",World
E-Voting States Brace For Problems,Nearly 30 percent of U.S. voters will cast their 2004 ballots electronically.,Sci/Tech
Bryant accuser publicly identifies herself in civil lawsuit,The woman accusing Kobe Bryant of rape -- whose name has been widely published on the Internet despite her efforts to remain anonymous -- identified herself by name in a revised version of the lawsuit she filed against the NBA star ,Sports
Ill. Congressman's Son to Be on Ballot (AP),"AP - Democratic Party officials picked U.S. Rep. William Lipinski's son Tuesday to replace his father on the November ballot, a decision engineered by Lipinski after he announced his retirement and withdrew from the race four days earlier.",World
PeopleSoft board won #39;t negotiate takeover with Oracle,"NOVEMBER 22, 2004 (IDG NEWS SERVICE) - PeopleSoft Inc. won #39;t discuss a sale to Oracle Corp. for a price of \$24 per share, the company #39;s board of directors told Oracle CEO Larry Ellison in a letter on Saturday.",Business
GILL ON ROONEY," quot;All I can tell you is to reiterate what we put out to the stock exchange this morning. We confirmed, following media speculation, that we had made a bid for Wayne.",Sports
"Minn. Woman, Husband Acquitted in Mexico (AP)",AP - An American woman and her Mexican husband who said they were tortured by police and forced to confess to killing a Mexican girl were acquitted Friday of the murder charges.,World
Update 1: Snow Says US Dealing With Budget Deficit,"US Treasury Secretary John Snow reassured critics Wednesday that America is dealing with its huge budget and trade deficits, but discounted any suggestions of official intervention to prop up the ailing US dollar.",Business
Uefa Cup Wednesday Preview,"Middlesbrough, Partzan and Villarreal have all booked their place in the next round of the Uefa Cup, but today will decide who tops Group E. Boro face off against Partizan possibly without the services of George Boateng.",Sports
Simms suffers shoulder injury,"New Orleans, LA (Sports Network) - Tampa Bay quarterback Chris Simms left in the first quarter of Sunday #39;s game against New Orleans with a left shoulder injury.",Sports
Housing Starts Rise Unexpectedly," WASHINGTON (Reuters) - U.S. housing starts unexpectedly  rose 0.6 percent in August to their highest level in five  months as low mortgage rates encouraged construction, but  permits fell more than anticipated, a government report showed  on Tuesday.",Business
 #39;No blandness #39; after radio merger,"Capital Radio and GWR #39;s merger will not mean any standardisation of programming, the stations insist. With 55 local analogue radio stations, 93 digital stations and a national frequency, the new group will broadcast to 18 million people.",Business
AOL adopts Microsoft anti-spam measures,America Online reversed course and said it would adopt a proposed technology from Microsoft designed to help beat back spam and other e-mail blights.,Sci/Tech
"Opera Sings Blues, Posting 3Q Losses Triple Last Year #39;s",Jupiter Research analyst Joe Wilcox said that Opera is making a smart move by spending more money on marketing. He said some fear and uncertainty remains about the security level of Microsoft #39;s ,Sci/Tech
Gates undaunted by Linux,"Speaking to technologists during an appearance at the Computer History Museum, Microsoft Chairman and Chief Software Architect Bill Gates touched on a number of topics, including Linux, Web services, grid computing and digital rights management.",Sci/Tech
SEC Gives Final Nod to Google #39;s IPO,"SAN JOSE, Calif. Aug. 18, 2004  The Securities and Exchange Commission granted final approval Wednesday to the paperwork required for Google Inc. #39;s initial public offering, paving the way for the Internet search giant to set a price for its shares and ...",Business
Black  amp; Decker Q3 earns leap 51,SAN FRANCISCO (CBS.MW) - Black  amp; Decker on Wednesday reported a 51 percent surge in third-quarter earnings reflecting strong demand in Dewalt and Price Pfister brands despite a slide in the company #39;s namesake product line.,Business
British-Irish Woman Kidnapped in Afghanistan,A UN election worker with dual British and Irish nationality was among three foreigners kidnapped in Afghanistan today. The three were seized at gunpoint in the capital Kabul this morning sparking fears of Iraq-style atrocities.,World
Medarex to Start Phase III Trial,Biopharmaceutical company Medarex Inc. said Monday that it reached a special protocol assessment agreement with the Food and Drug Administration to start a late-stage clinical trial for its MDX-010 drug as a combination treatment for melanoma patients.,Business
"Gunmen Kidnap Two Americans, Briton in Baghdad"," BAGHDAD (Reuters) - Gunmen snatched two Americans and a  Briton from a house in an affluent neighborhood of central  Baghdad on Thursday, the latest in a nearly six-month campaign  of abductions of foreigners in Iraq.",World
Pakistan in  #39;al-Qaeda #39; arrests,"At least five suspected terrorists, with alleged links to al Qaeda, have been arrested in Pakistan. It is claimed they had been plotting to launch suicide attacks on government leaders and the US Embassy.",World
SpaceShipOne just one flight away from X Prize,"MOJAVE, Calif. The SpaceShipOne aircraft is one flight away from clinching the Ansari X Prize, a 10-(m)million-dollar award for the first privately developed manned rocket to reach space twice within 14 days.",Sci/Tech
Homer-happy Cubs beat Bucs,"CHICAGO -- From the moment the Pirates saw the flags flapping in a 16 mph breeze toward left field Wednesday afternoon, it had the makings of a long day at Wrigley Field.",Sports
Coping with e-trash pileup ,"NEW YORK -- When Office Depot Inc. stores ran an electronics recycling drive last summer that accepted everything from cellphones to televisions, some stores were overwhelmed by the amount of e-trash they received.",Business
Chinese Official Disputes GM Claim (AP),AP - A top Chinese commerce official said Monday that General Motors Corp. hasn't provided enough evidence to prove that a local company copied one of its car models.,World
"Mourning, and glory","AVONDALE, Ariz. -- What should be a joyful and hopeful time for Jimmie Johnson has instead been bittersweet.",Sports
Wall Street star Quattrone jailed,"Frank Quattrone, once one of Wall Street's most celebrated bankers, is jailed for obstruction of justice.",Business
The valiant fight of the Bigley family,This fact has never been better evidenced than by watching the astonishing way in which the family of Iraq hostage Ken Bigley have waged their own campaign for his release.,World
Philadelphia Goes Wireless,"Since April, baseball fans attending San Francisco Giants home games at SBC Park have enjoyed wireless internet access if they bring a portable computer with them.",Sci/Tech
IMF #39;s Rato says US should cut budget deficit,"WASHINGTON : The United States should cuts its fiscal and trade deficits, while Europe and Japan should take steps to boost economic growth, IMF managing director Rodrigo Rato revealed.",Business
Defense deservedly proud of its contribution,Florida State players are rapidly learning than an excellent defense can cover up a multitude of mistakes. The Seminoles received yet another strong performance from their ,Sports
chipmaker Infineon admits price fixing,"German computer chipmaker Infineon Technologies AG has agreed to plead guilty to price fixing and will pay a \$160 million fine, the Justice Department announced Wednesday.",Business
Israeli air strike kills two militants in Nablus,"Two Palestinian militants were killed on Monday as Israeli Apache helicopters hit their car, Palestinian witnesses and medical sources said.",World
Rovers find more signs of liquid water on Mars,"Aging but still on the go, climbing in and around craters, tapping into the mysteries of strangely cracked rocks, the two roving vehicles Spirit and Opportunity have explored Mars about three times as long as originally scheduled.",Sci/Tech
Indonesia releases embassy attack footage,"Indonesian police on Saturday released security camera images of a truck bombing outside the Australian Embassy, and investigators found traces of explosives in a room rented by two Malaysian militants wanted in the blast.",World
"Bomb Blasts in Northeast India Kill 10, Wound 35"," GUWAHATI, India (Reuters) - A series of bomb blasts killed  nine people and wounded 35 in northeastern India on Saturday in  the deadliest attack since a cease-fire with the main  separatist group in Nagaland began seven years ago.",World
Update 2: Commerzbank to Cut 900 Banking Employees,"Commerzbank AG said Tuesday it had narrowed its third-quarter net loss but was slashing 900 of the 1,275 jobs in its investment banking division, practically eliminating the unprofitable department.",Business
Catholics Resist Wooing by Kerry and Bush (AP),"AP - Sen. John Kerry is having trouble wooing fellow Roman Catholics in Iowa and Wisconsin. President Bush is short of his expected Catholic count in Michigan and Minnesota. Once reliably Democratic, Catholics have become one of the most complicated and coveted swing voting blocs.",World
Beck's Brewer Sees Beer Demand Rising (Reuters),"Reuters - Belgium's Interbrew, which acquired\AmBev to create the world's biggest brewer, reiterated on\Thursday its higher volume and profit targets for 2004 as\demand began to recover from a weak summer.",Business
Moto GP: Rossi retains world title,Valentino Rossi is crowned world champion with victory at the Australian MotoGP.,World
Israel's Top Court Upholds Dropping of Sharon Case, JERUSALEM (Reuters) - Israeli Prime Minister Ariel Sharon  on Thursday won a final reprieve from criminal prosecution in a  bribery scandal that had threatened to topple him and derail  his plan to withdraw from the Gaza Strip.,World
Video Cameras at Movies Would Be Crime,Using video cameras to record films in movie theaters would become a federal crime punishable by up to six years in prison under a bill passed Tuesday by the House.,Sci/Tech
IBM unveils new Shark and midrange array,IBM presented two new enterprise-class storage arrays that feature compatible software that allows the boxes to be managed through a single interface and data to be replicated between them.,Sci/Tech
Sharon stands firm on withdrawing settlers,Israeli Prime Minister Ariel Sharon vowed yesterday not to yield to pressure by Jewish settlers to give up his plan to withdraw soldiers and settlers from the Gaza Strip and a portion of the West Bank.,World
All Change in Bundesliga Title Race,"Week Four threw up some surprising results over the weekend as current high-flyers had their wings clipped and new faces staked their claims in a title race that, although barely a month old, is already wide open.",Sports
Davenport Finds an Open Win Is No Sure Thing,"espite a four-tournament victory streak heading into the United States Open, Lindsay Davenport received a reminder today that her momentum could stop at any time.",Sports
Weisel settles charges,San Francisco investment bank Thomas Weisel Partners on Thursday agreed to pay \$12.5 million to settle allegations that some of the stock research the bank published during the Internet boom was tainted by conflicts of interest.,Business
A Glut of New and Used Cars,"The dramatic rise in leasing in the past decade, along with the alluring financing plans available, has made getting in a new car every two or four years easier and more tempting.",Business
Fidelity slashes index-fund fees,Fidelity Investments pays its mutual fund managers handsomely to do one thing: outsmart the stock market.,Business
"Mild Seven Renault F1 Team Preview, Japanese Grand Prix",The official Mild Seven Renault F1 Team Preview for the Japanese Grand Prix.,Sports
The Israeli Invasion of North Gaza,On Sept. 29th Members of the militant wing of Hamas fired a Qassam rocket across the Gaza border into the Israeli town of Sederot killing two small children.,World
Shareholders Let Bonuses Stand,Computer Associates International #39;s shareholders defeated a proposal yesterday that could have forced senior executives to give back performance-based bonuses.,Sci/Tech
Remembering pain of Lodz after decades of forgetting,"LODZ, PolandSam Weinreich remembers the last time he came to Radegast train station in Poland #39;s second-largest city - the day in 1944 he was forced into a cattle car and sent to Nazi Germany #39;s Auschwitz death camp.",World
"Risk norms for home, consumer loan to avoid asset bubble: RBI:","Business India: Mumbai, Oct 26 : Reserve Bank of India today said it will clamp risk containment norms and raise risk weightage for housing and consumer credit to avoid  quot;asset bubble quot; like condition and ensure sustainable growth in credit to these ",Business
E-Vote Machines: Secret Testing,"Even though tax money pays for voting machines, the three companies that certify the nation's voting technologies operate in secret. The reason? Their contracts with the voting machine makers specify secrecy.",Business
Divided SEC Likely to Ask Hedge Funds for More Data,A deeply divided Securities and Exchange Commission is expected on Tuesday to approve rules requiring all but the smallest hedge funds to register with the SEC and make their records available for examination.,Business
MPAA Files Movie Piracy Lawsuits,"Andrew Bridges, an intellectual property lawyer in the San Francisco office of Winston  amp; Strawn, said the MPAA could fare better than the recording industry, which has experienced slow progress ",Sci/Tech
Feeley Will Start Next Game for Dolphins (AP),"AP - Quarterback A.J. Feeley will remain in the Miami Dolphins' lineup  #151; at least for now. Feeley played well enough coming off the bench in the Dolphins' season-opening loss to earn a start this week at Cincinnati, coach Dave Wannstedt said Sunday.",Sports
French hostages fate hangs by a thread one month on,"BAGHDAD, Sept 17 (AFP) - A month after their capture in Iraq and in spite of relentless diplomatic networking by Paris, the fate of French reporters Georges Malbrunot and Christian Chesnot appears more uncertain than ever.",World
Ex-Boeing CFO guilty in hiring scam,Former Boeing Co. Chief Financial Officer Michael Sears pleaded guilty Monday to one felony count of aiding the illegal hiring of a US Air Force official to a top job at the company.,Business
"As media darling, Conte #39;s pushing it","No one knows where Jason Giambi goes from here, now that he has come clean about the dirty business of steroids and performance-enhancing drugs.",Sports
Police Play Down Fears of Post-Beslan Reprisals," VLADIKAVKAZ, Russia (Reuters) - Police in the Russian  region traumatized by the Beslan school siege played down  reprisal fears as mourning drew to a close, while locals  thought the shattered community was too exhausted for revenge.",World
Indian Muslim community growing,"India's Muslim community is growing much faster than other groups, new census figures suggest.",World
Virus writers elude Microsoft's bounty hunt,"A year on, and the company's \$1 million tip-off program has nabbed just one (alleged) virus writer. Is it a bust?\",Sci/Tech
Siemens SF65 Mobile Phone Digital Camera,"Siemens today unveiled the SF65 clamshell style mobile phone with a 1.3 megapixel camera, flash and four times zoom. The swivel style top end has a 16-bit internal colour display with a resolution of 128 x 160 pixels, and on the flip side the camera lens.",Sci/Tech
Explosion damages Muslim school in southern Netherlands town,"An explosion blew the door off a Muslim school in a southern Dutch town and shattered windows across the street Monday, Dutch television reported.",World
Christmas trees crop up all over,"TRAVERSE CITY - It may not replace cherries as the region #39;s signature farm crop, but the area #39;s Christmas tree industry is sprucing up all the same.",Business
Penn State heading in right direction,"After a spring in which Joe Paterno went from bad cop to really bad cop, the Nittany Lions responded with their finest season-opening performance in five years.",Sports
Knicks tighten defense in time,"When Stephon Marbury practically scraped the sky with a fourth-quarter jumper that barely beat the shot-clock buzzer and gave the Knicks a 12-point lead with 1:59 to play Saturday afternoon, Madison Square Garden began to empty.",Sports
From spam king to spymaster,"In what could prove to be one of the great second acts in Internet history, erstwhile king of spam Sanford Wallace takes center stage this week as exhibit A in a federal crackdown on invasive online advertising software.",Sci/Tech
Archaeologists Unearth Lost Military Camp (AP),"AP - Arrowheads that turn up in the mud after a heavy rain are common here, but now archaeologists are digging up broken bits of fine china, parts of military uniforms and even charred firewood, relics of one of the biggest Army camps in the earliest days of the republic that went unnoticed for two centuries.",Sci/Tech
"DNA fingerprinting not foolproof, research pioneer says","The genetic profiles held by police for criminal investigations are not sophisticated enough to prevent false identifications, according to the father of DNA fingerprinting.",Sci/Tech
Bucks sign Goldwire to replace James,"Free-agent guard Anthony Goldwire signed Wednesday with the Milwaukee Bucks after Mike James was placed on the injured list. James, who was expected to start at point guard, has a rib injury.",Sports
HP releases  quot;carrier quot; grade Linux for pigeons,"HP, THE SELLER OF tin and fag-free utopian ideals is flogging commodity, standards-based hardware and software, including Carrier Grade Linux, to telephone company Motorola. ",Sci/Tech
Clijsters and Hewitt call off engagement,The 21-year-old Belgian former world No 1 announced the split on her website but did not divulge any further details about the break-up of her long-term relationship with the 23 ,Sports
A Cautious Reformer as Indonesia's Next President,"Susilo Bambang Yudhoyono is considered a steady, broadly educated man who supports the secular tradition of Indonesia.",World
PRIVATE ROCKETSHIP TO SPACE AND BACK,The advent of space tourism is one step closer with the safe return this week of a private manned rocketship from the edge of space.,Sci/Tech
British canoe pair lose out,ATHENS (Reuters) - Slovakian twins Peter and Pavol Hochschorner have paddled to a stunning victory in the men #39;s two man canoe to retain the title they won in Sydney. ,Sports
Analysts concerned about longer-than-expected G5 delays,"AUGUST 17, 2004 (MACCENTRAL) - Analysts from Prudential Equity Group and UBS have warned over the past two days that longer than expected G5 delays from IBM Corp. is the near-term  quot;key risk quot; for Apple Computer Inc. ",Sci/Tech
Fed Debates Policy for Post-Greenspan Era (Reuters),"Reuters - Battle lines are drawn at the\Federal Reserve between those who favor formal inflation goals\and those who don't, and the debate is heating up ahead of the\coming retirement of Chairman Alan Greenspan.",Business
Semiconductors Offer a New Way to Cut the Cord,"HAT a liberating feeling it is to cut the cord and go wireless, taking a suddenly untethered laptop, for example, and heading for the couch or porch swing to work on the Internet.",Sci/Tech
IAAF launches investigation into Greek doping scandal,Track #39;s governing body began investigating Thursday whether two Greek sprinters who withdrew from the Olympics had tried repeatedly to avoid doping testers.,Sports
Sees its semiconductor unit outperforming market in 05,"LONDON (CBS.MW) - Philips Electronics, the largest consumer electronics maker in Europe, on Tuesday cautioned it expects flat sales in its semiconductor business in the fourth quarter and is seeing ongoing margin pressure in consumer electronics.",Business
SI.com,CHICAGO (Ticker) -- The Chicago Cubs appeared to receive a gift from first base umpire Mark Wegner leading off the bottom of the ninth.,Sports
360 local employees pink-slipped by Mondavi,"Robert Mondavi Corporation has laid off 360 Napa Valley employees, about a third of the company #39;s total workforce. Most of the layoffs are centered at the company #39;s flagship winery in Oakville ",Business
Moss goes through Vikings morning walkthrough,Minnesota Vikings head coach Mike Tice says his star receiver is looking better this week after being limited last week by a strained hamstring.,Sports
Suicide trio  #39;carried out attack #39;,"Police suspect the bomb attack on the Australian embassy in Indonesia was a suicide operation and that up to three militants may have died in the blast, a senior commander said.",World
BoE's King warns of bleaker times,"The UK's years of low inflation and falling unemployment may be over, Bank of England Governor Mervyn King warns.",Business
Abbas Needs Support In His Push for Peace,"By the News-Register. Mahmoud Abbas, the interim leader of the Palestinian Authority, has made it clear that he believes terrorist attacks aimed at Israelis must end if there is to be peace between his people and Israel.",World
SCO plans Web site for legal filings,"In the 17 months SCO Group has waged its multiple-lawsuit war over its alleged rights to Linux, Groklaw has been the festering thorn in the Utah software company #39;s side.",Sci/Tech
Kashmiri separatists cautiously welcome Indian offer,Kashmiri separatists gave a cautious welcome on Sunday to India #39;s offer to allow them to visit Pakistan and said it could help to restart a stalled dialogue process.,World
India and Pakistan to meet at UN,India and Pakistan will aim to push forward the peace process between them at talks in New York on Friday. Indian Prime Minister Manmohan Singh and Pakistani President Pervez Musharraf will meet on the sidelines of the UN General Assembly.,World
Ex-Vivendi Boss Is Fined 1 Million Euros,"French regulators fined Vivendi Universal (EAUG.PA: Quote, Profile, Research) and its former CEO Jean-Marie Messier one million euros each on Tuesday for ",Business
Wal-Mart misses comp-sales target,"November same-store sales growth was sharply below target, Wal-Mart Stores said Saturday. Free! Sign up here to receive our Before the Bell e-Newsletter!",Business
DC in pole position for Red Bull slot,STEWARTRY-born David Coulthard is favourite to book a seat in the Red Bull Racing team. The 33-year-old who was axed by McLaren-Mercedes at the end of the season has been on the lookout for a team for the 2005 season.,Sports
"Two Neptune-Mass Planets Found, Earth-Size Worlds Next (SPACE.com)","SPACE.com - Planet hunters have found two worlds roughly the mass of Neptune, each orbiting a star within 30 light-years of our solar system. The planets are likely gaseous or mixtures of ice and rock, but they might be barren rock worlds like Mercury.",Sci/Tech
A Gusher Of Cash For Domestic Drilling,"While the rest of the country frets over surging energy prices, a small but growing group of businesses is fueling a boom of sorts in the US oil patch.",Business
MOFA denies dollar diplomacy claim,Minister of Foreign Affairs Mark Chen (  ) yesterday denied allegations that the ministry was conducting dollar diplomacy under the guise of foreign aid to Costa Rica.,World
Merck's Vioxx Woes Weigh on Stocks,NEW YORK - Stocks were mixed Thursday after Merck   Co. said it would be forced to remove its best-selling Vioxx arthritis drug from the market due to serious health risks...,World
Heart Hospital Embraces Digital Future,"St. Francis Heart Hospital in Tulsa, Okla., was built to be digital from the ground up. By Marianne Kolbasuk McGee. While many existing hospitals across the country are attempting to transform from paper-burdened ",Sci/Tech
New MySQL Ready to Serve,MySQL AB has made version 4.1 of its database software available to the public after months of testing customer production deployments.,Sci/Tech
"Some 20,000 protest in Cologne against violence in the name of Islam (AFP)","AFP - Some 20,000 people took to the streets in the western German city of Cologne, waving German and Turkish flags, to protest against the use of violence in the name of Islam.",World
Microsoft Is No Threat To Google -- Yet,"In the past decade, searching the Web has grown from an academic experiment to a multibillion-dollar business. Microsoft has not been a player, being content to outsource its MSN Search service to rival Yahoo!",Sci/Tech
Egypt eyes possible link of 17 arrests to Sinai bombings,"CAIRO -- Egyptian authorities are investigating whether 17 suspected Al Qaeda members arrested while illegally entering Libya have any connection with last week's coordinated bombings at Sinai tourist resorts that killed 34 people, an Egyptian official said yesterday.",World
Conway Admits 'Vilifying' Oracle Bid,"The former chief executive of PeopleSoft admitted today that he responded to a hostile takeover bid from Oracle with a campaign of ""vilification.""",Business
Drought Unearths a Buried Treasure,"Due to a drought in Utah, Glen Canyon is on its way back  viewable in much of its former glory.",Sci/Tech
WORLD/ASIA,"vSAMARRA, Iraq, Nov 17 (AFP): Saboteurs attacked a domestic oil pipeline west of the restive Iraqi city of Samarra Wednesday in the latest in a barrage of attacks against Iraq #39;s crucial insustry, police said.",World
"World ban on human cloning, UK stands up to US pressure",Great Britains best scientists are standing up to American government pressure to get a worldwide ban on all types of human cloning by backing an international campaign against American efforts.,Sci/Tech
Arafat: Doctors to Carry Out New Tests,"Having ruled out leukaemia, French doctors were trying for a third day to determine what was causing the dramatic deterioration in Palestinian leader Yasser Arafats health.",World
VW Considers Building Cars in U.S. -Paper," FRANKFURT (Reuters) - Continued depreciation in the dollar  is forcing Europe's largest carmaker Volkswagen to consider  building VW and Audi brand cars in the United States, the  company's sales and marketing head said.",Business
Dollar Indecisive Ahead of U.S. Data, LONDON (Reuters) - The dollar erased earlier losses to  stand steady near recent three-week highs against the euro on  Friday as investors became reluctant to take big bets ahead of  U.S. data and a speech by Federal Reserve chief Alan Greenspan.,Business
Hawaii QB credits team for record career,"Ask Hawaii #39;s Timmy Chang about the 94 touchdowns he has thrown, and he talks about his great receivers and blockers. Ask about his 14,791 yards passing, and he credits his coaches for believing in him.",Sports
OPEC May Decide Oil Price Target in Sept.,"OPEC may set a new target range for oil prices next week and would like to see crude down from current lofty levels closer to \$30 a barrel, the head of the producers #39; cartel said on Wednesday.",Business
UN warning over Afghan opium,"Afghanistan #39;s poppy cultivation increased by almost two-thirds this year and accounts for 87 of world supply of raw opium, a UN report said yesterday, warning of the country #39;s descent into a drugs-based economy.",World
News: House drops plans to move cybersecurity role to White House,The Associated Press By Ted Bridis,Sci/Tech
Seoul Asks Bush to Focus on N.Korea Nuclear Crisis, SEOUL (Reuters) - South Korean President Roh Moo-hyun  called newly re-elected President Bush and won his agreement  that ending the nuclear crisis involving the isolated communist  North should be a goal of his second term in office.,World
Aid worker pleads for her life,"Margaret Hassan, the kidnapped Iraq director of the aid group CARE International, pleaded for her life in a video that played on the Al-Jazeera Arabic news network Friday ",World
Michael Wilbon,"It #39;s not what Washington has grown accustomed to, the Redskins being a defense-first team. From Otto Graham to Sonny to Joe Gibbs riding Riggo, Theismann and Art Monk, it #39;s almost always been about offense.",Sports
Nordic Nations Prevail in Surveys of World #39;s Hot Economies,Forget the stereotypes about Scandinavian socialism and how its high taxes and expensive public health care system are destroying private enterprise.,Business
Sri Lanka mulls Tiger threat to return to war,"Colombo: Sri Lanka #39;s president and top aides were Monday studying the latest Tamil Tiger threat to return to their protracted war amid mounting tension in embattled regions, officials said.",World
"Despite Google, we still need good libraries","GOOGLE, with whom I spend more time than with my loved ones, is planning to put the contents of the worlds greatest libraries on line, including the Bodleian in Oxford and those of Harvard and Stanford in America.",Sci/Tech
Padres Blank Dodgers 3-0,"LOS ANGELES - Adam Eaton allowed five hits over seven innings for his career-high 10th victory, Brian Giles homered for the second straight game, and the San Diego Padres beat the Los Angeles Dodgers 3-0 Thursday night.    The NL West-leading Dodgers' lead was cut to 2 1/2 games over San Francisco - their smallest since July 31...",World
Mayfield Chasing Win,Jeremy Mayfield needs more than a victory at Dover International Speedway to get back in the thick of the Nextel Cup championship race.,Sports
Clinton a Little Scared of Bypass Surgery,"NEW YORK - Bill Clinton said he was ""a little scared, but not much"" of undergoing heart bypass surgery, but was looking forward to a swift recovery and resuming normal activities such as jogging.    The former president was hospitalized Friday with chest pains and shortness of breath...",World
Iran Says Uranium Facility Almost Complete (AP),"AP - A uranium conversion facility in Iran is nearing completion, a top official said Sunday, only days after European countries offered a deal in which Iran would reportedly have to give up all nuclear activities.",World
Impatience with Sudanese government triggers violence,"MORNIE, Sudan -- They descended on the government official with sticks, shouting that he was no better than the Arab horseman they say attacked them and forced them from their homes and leaving him a bloodied illustration of the rage of Darfur's displaced.",World
Knocked Down By An Egg: TV Shows Attack On Ukrainian Premier,"KIEV, (AFP) - Ukrainian Prime Minister Viktor Yanukovich, who was briefly hospitalized after being knocked down during an election campaign scuffle on Friday, was in fact hit by nothing more dangerous than an egg, according to TV pictures.",World
Acker-Macosko Shoots 11-Under 60 at Longs (AP),"AP - Anna Acker-Macosko shot an 11-under 60 on Sunday at the Longs Drugs Challenge, one stroke off Annika Sorenstam's tour record.",Sports
New Company Launches Google Challenge,"Google Inc. has made its name on advanced-search technology, but a company that launched Thursday with what could prove to be a better idea is poised to be a potential headache for Google as it battles against Yahoo Inc.",Sci/Tech
Ask Jeeves personalises Web searches,"Ask Jeeves, the third-biggest US Web search provider, has unveiled MyJeeves, a new product that helps users personalise their Internet searches.",Sci/Tech
New Worm Hijacks Webcams,"A new worm can spy on users by hijacking their Web cameras, a security firm warned Monday. The Rbot.gr worm -- the latest in a long line of similar worms; one security firm estimates that more than 4,000 variations ",Sci/Tech
Dollar posted a new record low,"Dollar fell to an all-time low of \$1.3068 against euro on Wednesday. Against yen, it slipped to 103.66, the lowest level since April 1. Market analysts contemplate the possibility of dollar-euro exchange rate reaching \$1.35 and 100 yen within months.",Business
Congress Probes Insurance Industry Scandal (AP),"AP - Congress is examining the scandal rippling through the insurance industry, with its largest brokerage accused of bid rigging and price fixing amid high-level resignations, employee layoffs and guilty pleas by some executives.",World
Next President Could Get to Reshape High Court (Reuters),"Reuters - The winner of the presidential\election could reshape the Supreme Court and could have a\long-lasting impact on important issues such as abortion, gay\marriages and church-state separation.",World
Turkey abandons plan for adultery to become a crime,Turkey yesterday shelved plans to criminalise adultery which were threatening the country #39;s prospects of joining the European Union.,World
UK soldiers #39; killer may be European,"A suicide bomber who killed three Black Watch soldiers was white, suggesting British troops are being targeted by European terrorists.",World
"Debutant Hauritz, Gillespie skittle out India for 104",Off spinner Nathan Hauritz grabbed three wickets on his debut after Jason Gillespie had ripped the heart out of the top order as Australia skittled out India for ,Sports
Adaptec: Friend or foe?,The company is changing tack under CEO Robert Stephens and may soon find itself in direct competition with several longtime partners.,Sci/Tech
Afghan Kidnappings Prompt Big Security Review (Reuters),Reuters - The abduction of three foreign election\workers in Afghanistan could force aid groups to reduce their\international staff in a country that just finished counting\votes in its first direct presidential election.,World
US Hostage Wife Pleads for Mercy,"(BBC) -- The wife of an American taken hostage with two others in Baghdad has appealed on television for their release. Patty Hensley said her husband Jack was  quot;a simple, generous man quot; who was  quot;there to help the Iraqi people quot;.",World
Not winning was real error,"In the immortal words of Casey Stengel:  quot;Can't anybody here play this game? quot; That was the title of Jimmy Breslin's classic book about manager Stengel and his wretchedly incompetent 1962 New York Mets, an expansion team that lost 120 games.",Sports
AT T Posts \$7.1 Billion Loss on Writedown, WASHINGTON (Reuters) - AT T Corp. on Thursday reported a  \$7.1 billion third-quarter loss due to an \$11.4 billion  writedown of its assets after its retreat from consumer  services and other restructuring charges.,Business
Clayton enjoys homecoming,"NEW ORLEANS - Tampa Bay coach Jon Gruden may not have realized it, but he had the perfect four-leaf clover for his teams 0-4 start as it walked into the Louisiana Superdome Sunday morning.",Sports
NASA Mountain View claims world #39;s fastest computer,"Silicon Graphics, Inc., of Mountain View, and the National Aeronautics and Space Administration on Tuesday claimed NASA #39;s new Intel Itanium 2 processor-based  quot;Columbia quot; supercomputer is the most powerful computer in the world.",Sci/Tech
Milosevic says Serbs not guilty,Ex-Yugoslav leader Slobodan Milosevic denies Serbs committed war crimes he is accused of orchestrating.,World
"Office Depot CEO, chairman resigns","Office Depot Inc., the second largest US office supply chain, said Monday Chairman and Chief Executive Officer Bruce Nelson has resigned and a search for his successor is underway.",Business
"Cingular, AT amp;T complete merger","Cingular Wireless today announced it has completed its previously announced merger with AT amp;T Wireless, creating the nation #39;s biggest wireless carrier with the ",Business
"Bettman, Union Meet","NHL commissioner Gary Bettman had lunch Friday with NHL Players #39; Association executive director Bob Goodenow in New York, and the league will listen to a new proposal from the union Thursday in Toronto.",Sports
El Paso Sees \$2.7 Bln Drop in Assets," NEW YORK/HOUSTON (Reuters) - El Paso Corp. &lt;A HREF=""http://www.investor.reuters.com/FullQuote.aspx?ticker=EP.N target=/stocks/quickinfo/fullquote""&gt;EP.N&lt;/A&gt; on Monday  disclosed the full damage from its drastic cut in reserves  earlier this year, saying a long-awaited restatement will slash  the value of its oil and gas assets by \$2.7 billion.",Business
Clijsters Sidelined Until 2005, BRUSSELS (Reuters) - Kim Clijsters will be out of action  for the rest of the season but does not need more surgery on  her wrist after suffering an injury in the Belgian Open.,Sports
Israel kills Hamas leader in Gaza,"The Israel Defense Forces said Sunday its air force attacked a car in Gaza City, killing a Hamas field commander. The IDF identified the dead man as Khalid Abu Salmiya, a member of Hamas #39; military wing, Izzedine al Qassam.",World
Lawyers Not Close,Lawyers on both sides of Atlanta's Dany Heatley's vehicular homicide case said Monday they are not close to agreeing on a plea deal that would keep his case from going before a jury.,Sports
Honeywell suing 34 electronic companies for alleged patent &lt;b&gt;...&lt;/b&gt;,"Honeywell, with Valley-based aerospace operations, has filed a patent lawsuit against 34 electronics companies claiming infringement of its technology that increases the brightness of images and reduces certain interference effects on a liquid crystal ",Sci/Tech
Home fires burning for Holy Cross,"John O'Neil completed 21 of 33 passes for 268 yards and three touchdowns, and tailback Steve Silva added 121 yards and two touchdowns on 21 carries, as Holy Cross routed Marist, 44-13, yesterday in Worcester.",Sports
Lost Generation Coddles Its Young,"As a growing economy produces new wealth and a spreading middle class in China, the epochal Cultural Revolution has receded to the distant past in just one generation.",World
"NHS ties up 330million, 900,000 staff, nine-year deal with &lt;b&gt;...&lt;/b&gt;",The NHShas reached a landmark agreement with Microsoft on the renewal of the licensing of its desktop products in line with the Office of Government Commerce #39;s framework agreement with Microsoft.,Sci/Tech
Curtains for Poe: Da King is dead; long live Da King,"A MEMBER of the Philippine royal family in the movies moved on to the Great Beyond midnight Monday (December 14), sending his hordes of fans in mourning.",World
Global Exchange to buy IBM services units,B2B e-commerce specialist Global Exchange Services agrees to buy IBMs Electronic Data Interchange and Business Exchange Services divisions.,Sci/Tech
"In IMF talks, US shifts toward debt-forgiveness pact","WASHINGTON With public pledges and in private conversations, Britain managed over the weekend to move the United States closer to full forgiveness of the debts of the poorest countries during the annual meetings of the World Bank and the International ",Business
Stem Cell Companies Fall Amid Biotech Rise,"While most biotechnology stocks rose Wednesday, shares of major stem cell researchers fell sharply as George W. Bush #39;s victory in the presidential election was confirmed.",Business
MIT Aims to Make Computing Easy,"Professor wants to redesign chip software and hardware for the mobile age, creating chips that can power chameleon devices.&lt;br&gt;&lt;FONT face=""verdana,MS Sans Serif,arial,helvetica"" size=""-2"" color=""#666666""&gt;&lt;B&gt;-Leslie Walker&lt;/b&gt;&lt;/font&gt;",Sci/Tech
PM inaugurates Guru Granth Sahib research center in Capital,Prime Minister Dr Manmohan Singh inaugurated a research centre in the Capital on Thursday to mark 400 years of compilation of Sikh holy book the Guru Granth Sahib.,World
"ExxonMobil, Qatar land LNG financing","SAN FRANCISCO (CBS.MW) -- ExxonMobil Corp. and Qatar Petroleum said Wednesday they had lined up \$7.5 billion toward financing their giant Qatargas II project, which aims to export liquefied natural gas from the Middle East nation to Britain.",Business
Dementieva Beats Bovina in France (AP),"AP - Top-seeded Elena Dementieva won the last five games to come back and beat Elena Bovina 0-6, 6-0, 6-4 Sunday in the WTA Tour's latest all-Russian final to win the Gaz de France Stars tournament.",Sports
Rajasthan oil takes Cairn into FTSE 100,"Cairn Energy, the Edinburgh oil and gas group, yesterday became one of Britain #39;s top 100 companies, despite announcing a 40 slump in half-year profits and facing questions over its key oil discovery in India.",Business
Racing to beat the next bomb,As Indonesia #39;s police investigate the embassy bombing the fear is the attackers will strike again. Mark Coultan and Catharine Munro report from Jakarta.,World
The IT security vuln league table of fear,"A list of the worst 20 security vulnerabilities bedevilling Windows and *Nix systems was unveiled last Friday by the SANS (SysAdmin, Audit, Network, Security) Institute.",Sci/Tech
Lara awaits date with destiny,"West Indies have been on the wrong end of some serious vitriol this summer, not least in the British media, where they have been accused of fecklessness, indiscipline and general lack of backbone.",Sports
NL notables,Montreal's Tony Armas Jr. was a late scratch for his start at Philadelphia because of tendinitis in his right shoulder.,Sports
San Francisco Giants to Offer Wi-Fi Instant Replays,"SAN FRANCISCO (AP) -- Peanuts, hot dogs and wireless instant replays. It's the future of baseball...",Sci/Tech
UMass Arrests 35 After Game 6 of ALCS (AP),AP - University of Massachusetts police arrested 35 people early Wednesday morning after the Red Sox tied the Yankees in the sixth game of the American League Championship Series.,Sports
"No. 4 Miami 48, Louisiana Tech 0","Frank Gore and Tyrone Moss combined for three touchdowns, leading No. 4 Miami to a 48-0 victory over Louisiana Tech on Saturday. The Hurricanes, coming off a huge win against in-state and conference rival Florida State, certainly didn #39;t have a letdown.",Sports
Credit union beefs up database security,IPLocks will help Western Corporate Federal Credit Union meet government security requirements.,Sci/Tech
"Sprint, AT amp;T To Pay \$1.5 Million In Credit Case","WASHINGTON -- Sprint and AT amp;T will be paying a total of \$1.5 million to settle with federal regulators. The government charges the phone giants failed to inform potential customers of their rights under federal credit law, after they were denied service.",Business
'Bin Laden' tape urges oil attack,A tape said to have been recorded by Osama Bin Laden calls on his supporters\to strike Gulf oil supplies.,Business
Wednesday Night Features Full Lunar Eclipse,"Just in time for Halloween, the moon will look more like a pumpkin than green cheese during a total lunar eclipse on Wednesday night.",Sci/Tech
Factory Orders Drop Despite Expectations (AP),"AP - Orders placed with U.S. factories fell for the first time in four months, the Commerce Department said Monday, with demand dropping sharply for commercial airplanes and parts.",Business
British troops shift at US request,"Heavily armored, elite British troops will move closer to Baghdad, allowing US forces to redeploy and ratchet up operations against militants in Falluja and other rebellion-stoked cities.",World
Scientists Close in on Source of Cosmic Rays,An international team of astronomers believe they have solved a mystery that has been perplexing scientists for 100 years -- the origin of cosmic rays.,Sci/Tech
State Street fund tops August sales,"State Street Corp.'s SPDR Trust was the best-selling mutual fund with US investors in August, according to estimates by Financial Research Corp. It was the first time an exchange-traded fund led monthly fund sales.",Business
No raindrops on Arroyo,"The steady rain was getting to Bronson Arroyo, and not because it presented the clear and present danger of frizzing his cornrows.  quot;It's pretty slick out there, quot; he reported, 2 hours 10 minutes before the scheduled start of Game 3 last night.  quot;It's very difficult to get your footing. I don't like it. It will be tough ...",Sports
Nokia: profits slump despite market share recovery,"October 15, 2004 4:59 PM GMT (Datamonitor) - Nokia NOK.HE has used the formidable financial muscle it has built up as mobile handset market leader to engage in a vicious price war to build its market share.",Business
"Shoppers Flood the Malls, Surf Internet","Americans stormed the nation #39;s shops the day after Thanksgiving, the traditional start of the holiday shopping season, lured by cut-price toys and consumer electronics.",Business
Calpers president dismissed,"Sean Harrigan, president of Calpers, California #39;s largest public pension fund, was removed on Wednesday. The California Public Employees Retirement System, or Calpers, manages \$178 billion of retirement money.",Business
Last-gasp defence as Air India terror trial winds down (AFP),"AFP - Two men charged in the world's most lethal terror strike prior to September 11, 2001 get a last chance to defend themselves this week, in the trial over the 1985 bombing of an Air India jet.",World
'Westerners' killed in north Iraq,"At least three Westerners have been killed by insurgents in the northern Iraqi city of Mosul, local police say.",World
"Car bomb explodes in Mosul, wounding 5","MOSUL, Iraq -- A car bomb exploded Friday near an American armored vehicle in the northern Iraq city of Mosul, wounding five US soldiers, the military said.",World
Bill #39;s Henry to retain starting role when healthy,"Once healthy, running back Travis Henry will regain his job as the Buffalo Bills starter despite Willis McGahee #39;s strong debut on Sunday.",Sports
Deal key to opening energy sector to foreign investment,"SAN FRANCISCO (CBS.MW) -- Russian President Vladimir Putin approved a plan Tuesday to merge state oil company Rosneft into Gazprom, a move that would end restrictions on foreign ownership in the giant gas company, according to published reports.",Business
Sao Caetano Defender in Critical Condition,Sao Caetano defender Serginho was taken to a hospital unconscious and in critical condition after collapsing during a Brazilian championship match Wednesday.,World
Gates expands on Microsoft #39;s IT management vision,Microsoft Corp. is set to provide more details on Tuesday of its vision to simplify IT management and to announce the first public beta of its Windows Update Services (WUS) patch management product.,Sci/Tech
Senate Leaders Hope to Act on 9/11 Bill (AP),AP - Senate Majority Leader Bill Frist said Monday he will decide in the next two days whether there is a realistic chance Congress can get the Sept. 11 intelligence reorganization bill completed before Election Day.,World
Labor win fine: retailer,"Business feared the Labor Party in government because of its links with unions, Harvey Norman chief executive Gerry Harvey said. But Mr Harvey also said that having the Coalition or Labor in government made little difference to the economy.",World
Nose replaces mouse to surf web,"Dmitry Gorodnichy, an inventor from the Institute of Information Technology in Ottawa, has developed a computer navigation system that relies on the movements of a user #39;s nose to direct a cursor, New Scientist has reported.",Sci/Tech
Cisco PIX Source Code Held at Gunpoint,The sourcecode to Ciscos industry leading PIX firewall system was recently stolen and put up for sale by malicious hackers under the guise of The Source Code Club.,Sci/Tech
Market Roundup,Merck shares dropped 10 percent Monday to the lowest level since 1995 after a published report said the drugmaker tried for years to stop safety concerns from hurting sales of its Vioxx painkiller.,Business
The idea of Pakistan,I was present at the Pakistan National Assembly session in Islamabad when the bill authorising President Pervez Musharraf to retain his uniform was introduced in the House.,World
Second Thai woman has bird flu,"A 32-YEAR-OLD Thai woman was today confirmed to be suffering from bird flu, the second confirmed human case of the disease since the country #39;s latest outbreak started in July.",World
Snow: U.S. Backs Sweeping Debt Relief (Reuters),Reuters - U.S. Treasury Secretary John Snow\repeated on Sunday the Bush administration would support\complete debt relief for the poorest countries and said details\of how to implement a plan could be worked out.,Business
Court appoints Milosevic lawyers,"Two British lawyers, Steven Kay and Gillian Higgins, have been appointed to defend former Yugoslav leader Slobodan Milosevic at The Hague #39;s UN tribunal.",World
California Curbs Cruise Ship Pollution Near Shore (Reuters),Reuters - Gov. Arnold Schwarzenegger signed\legislation on Thursday that would ban cruise ships from\incinerating trash or dumping used shower and sink water within\three miles of the California coast.,Sci/Tech
Eagles Continue to Dominate NFC East (AP),AP - The Philadelphia Eagles clinched the NFC East again. Big deal  #151; they did that before the season started.,Sports
No. 11 Pittsburgh Outguns Memphis 70-51 (AP),AP - Carl Krauser scored all but two of his 17 points at the free throw line to lead No. 11 Pittsburgh to a 70-51 victory over Memphis on Tuesday night in the Jimmy V Classic.,Sports
Short-term T-bill rates mixed,"Interest rates on short-term Treasury securities were mixed in yesterday's auction. The Treasury Department sold \$18 billion in three-month bills at a discount rate of 1.640 percent, up from 1.635 percent last week. An additional \$16 billion was sold in six-month bills at a rate of 1.840 percent, down from 1.860 percent.",Business
Militants Give France Another Day,"Militants holding two French journalists hostage in Iraq extended their deadline by another 24 hours, Al Jazeera reported. The kidnappers threaten to kill the journalists unless France agrees to remove a ban on headscarves in schools.",World
Denver #39;s Anderson out for season,"Englewood, CO (Sports Network) - Denver Broncos fullback Mike Anderson is expected to miss the entire 2004 season because of a severe groin tear.",Sports
Skype Calls on Siemens Phones,"Skype Technologies is teaming with Siemens to offer cordless phone users the ability to make Internet telephony calls, in addition to traditional calls, from their handsets.",Sci/Tech
"House Democrats Set Goals, Seek Return to Power (Reuters)","Reuters - In a scene reminiscent of the 1994\""Republican Revolution"" that turned the U.S. Congress upside\down, Democrats on Wednesday set ambitious goals for the nation\and urged voters to finally put them back in charge.",World
Majerus leaves TV gig to take coaching job at Southern California,"He retired nearly a year ago for health reasons after 15 seasons at Utah, but he couldn #39;t stay away from his life #39;s passion.",Sports
African Gold Miner Sues Suitor in US,"By Reuters. Gold Fields said yesterday that it had filed suit in the United States against Harmony Gold Mining, a rival South African miner, in an attempt to stop Harmony #39;s hostile \$7.",Business
PeopleSoft Threatens Oracle with Suit,PeopleSoft's chief executive on\Thursday said Oracle was spreading misleading information about\his stock sales and he threatened to sue for defamation on the\eve of the expiration of Oracle's \$8.8 billion hostile tender\offer.,Sci/Tech
Yukos lawyer faces arrest warrant,"Russian authorities pile the pressure on oil firm Yukos, arresting an official at its Moscow office and issuing an arrest warrant for the firm's leading lawyer.",Business
"Apple Unveils Fastest, Most Affordable iBook G4 Ever","The fastest, most affordable iBook G4 ever features built-in AirPort Extreme 54 Mbps 802.11g wireless networking across the line and prices starting at just \$999. The iBook line includes PowerPC G4 processors running up to 1.33GHz and an available slot-load SuperDrive for burning DVDs, as well as Apple #146;s iLife  #145;04 suite for managing digital music and photos, making movies and music and creating professional-quality DVDs. Oct 19",Sci/Tech
Bush Laments Loss of U.S. Troops in Iraq (AP),"AP - With the number of American military deaths in Iraq surpassing 1,000, President Bush said Wednesday ""we mourn every loss of life"" and declared that the United States was making good progress in the war against terrorism.",World
Firefox: like a rocket,"p2pnet.net News:- Mozilla #39;s Firefox is still giving Microsoft #39;s Internet Explorer grief, scoring heavily against the latter #39;s gaping security holes.",Sci/Tech
Oil Tumbles as Winter Fuel Stocks Rise," LONDON (Reuters) - Oil prices slid more than \$3.50 a barrel  on Wednesday, the biggest drop since September 2001, as a  larger-than-expected build in U.S. heating stocks soothed  worries about a winter fuel deficit.",Business
"Microsoft, Sun claim progress on interoperability deal","DECEMBER 02, 2004 (COMPUTERWORLD) - Microsoft Corp. and Sun Microsystems Inc. said yesterday that they #39;re pleased with the progress they have made in the early stages of the 10-year alliance they forged in April (see story).",Sci/Tech
Inside the Yukos Endgame,"As in so many murder mysteries, the killing of the Russian oil giant Yukos - which began last fall with the arrest of its CEO, Mikhail Khodorkovsky, and could climax at any time with the firm #39;s bankruptcy or forced sale of assets -s being committed ",Business
SI.com,MIAMI (Ticker) -- There #39;s no need for AJ Burnett to cash in his frequent flyer miles. Burnett allowed two hits in 6 1/3 innings and Miguel Cabrera and Alex Gonzalez homered as the Florida Marlins extended ,Sports
"For a Takeover Artist, One Bluff Too Many?","Carl C. Icahn, the pushy financier, is Wall Street's perennial Boy Who Cried Wolf. So, why does anyone take him seriously anymore?",Business
Infineon to pay \$160M fine for DRAM price-fixing,The Department of Justice charged Infineon with violating the Sherman Antitrust Act by conspiring with unnamed DRAM manufacturers between July 1999 and June 2002 to fix prices on memory sold to computer and server vendors.,Sci/Tech
Israel Kills Top Hamas Militant Ahead of Gaza Vote (Reuters),Reuters - Israel killed Hamas's top bomb and rocket\maker in Gaza and launched a missile strike on the home of\another leading militant on Friday in the run-up to a key\parliamentary vote on a plan to quit the occupied territory.,World
Dvoracek will not play vs. Oregon,"NORMAN, Okla. -- Oklahoma suspended starting defensive tackle Dusty Dvoracek indefinitely Friday pending an investigation into an incident that ended with one of Dvoracek #39;s high school teammates in the hospital.",Sports
Offshoring observers square off,A Webcast lets you hear directly from major commentators on shipping work abroad.,Sci/Tech
Mitchell-Alston feud brews as Toronto heads to Cleveland,"CBC SPORTS ONLINE - Vince Carter isn #39;t the only Raptor unhappy to be in Toronto right now. Guard Rafer Alston is starting to question his role on the team, even contemplating quitting the rest of the season ",Sports
G-7 finance ministers meet in Washington; China agrees to work on &lt;b&gt;...&lt;/b&gt;,"The US administration, facing huge and politically sensitive trade deficits, secured China #39;s pledge Friday to work harder to move its currency toward a flexible exchange rate, which would make US goods more competitive abroad.",Business
TI says chip will allow TV on cell phones,Texas Instruments says it has developed a computer chip that will let television fans watch their favorite shows on cellular phones.,Sci/Tech
US scramjet clocks nearly 10 times speed of sound,"EDWARDS AIR FORCE BASE, California (AFP) - A US hypersonic experimental scramjet, the X-43A, raced into the record books, flying at a world-record speed nearly 10 times faster than sound, NASA confirmed.",Sci/Tech
Intellisync to give push e-mail capability for low-cost phones,"The wireless airwaves may get a bit more crowded next year following the announcement that Intellisync's goAnywhere technology, unveiled this week, will give users of low-cost feature phones the same push e-mail capability that is now only available on pricier smart phones.",Sci/Tech
Trojans Open Up No. 1,Defending national champion USC begins the 2004 season right where it left off the year before - as the top ranked team in the AP Top 25 poll.,Sports
Microsoft Asks Appeals Court in Europe to Delay Punishment,Microsoft warned a European appeals court that software developers and consumers would face dire consequences should it be penalized.,Sci/Tech
Schwartzel delights the home supporters with maiden victory,"IF YOURE South African, young and very promising, with an eye on a long and successful career around the world, you would be delighted to win your maiden event in your home country as near as possible to where you were born, which is exactly what Charl ",Sports
Stake in India cellphone operator to be sold,The government of Singapore and Telekom Malaysia have agreed to buy a 48 percent stake in Idea Cellular of India from three companies for \$390 million to tap into India #39;s wireless market.,Business
War's Rationales Are Undermined Again,The release of the account on Iraq's weapons is only the latest in a series of damaging blows to the White House's strategy of portraying the war as being on the cusp of success.,World
Southwestern adventure in a ski town,Finding a ski bum working in a ski town restaurant is easy. But Peter Willis took it a step further.,Sports
Spanish bonus for Auckland,Spain #39;s Davis Cup win over the United States has gifted New Zealand #39;s top men #39;s tournament its headline act. The eyes of the tennis world will now undoubtedly be on the Spanish trio of Rafael ,Sports
Telecom Tests Online Aromatherapy Service (AP),"AP - People play games, go shopping and meet dates on the Internet. So why not use the Web to download the perfect mood-enhancing fragrance?",Sci/Tech
Apple Sues to Halt OS X Release on Net,"Apple Computer has sued three software developers, contending they distributed versions of its OS X computer operating system on the Internet.",Sci/Tech
Consumers Feed Pick-Up in Economic Growth," WASHINGTON (Reuters) - U.S. consumers fed a pick-up in U.S.  economic growth in the third quarter but a sentiment survey for  this month showed oil prices were dampening their spirits,  government and private-sector data showed on Friday.",Business
Bashir charged in hotel bomb case,"Militant cleric ordered suicide attack on Marriott hotel, says indictment. Not clear whether Bali bombings included in charge. JAKARTA - Indonesian prosecutors have formally charged militant cleric Abu Bakar ",World
TCC becomes charter member of Bridge Mobile Alliance,"Taiwan Cellular Corporation (TCC), the second-largest operator of mobile-phone services in Taiwan, on November 3 joined with six other regional mobile-phone service providers to form the Bridge Mobile Alliance, which will be the largest alliance of its ",Business
US shoppers splash out in October (AFP),"AFP - Shoppers, the driving force of the US economy, splashed out with unexpected vigor in October as the job market showed signs of a revival, a government report showed.",Business
ALK CoPilot Smartphone,&lt;strong&gt;&lt;cite&gt;Reg&lt;/cite&gt; Review&lt;/strong&gt; Top notch sat nav for Windows handsets,Sci/Tech
Mozilla Firefox 1.0 Released,"The Mozilla Foundation, a non-profit organization dedicated to preserving choice and promoting innovation on the Internet, today announced the worldwide availability of the Mozilla Firefox 1.0 web browser.",Sci/Tech
NASA Struggles for Shuttles #39; Return,"Twenty months after the Columbia tragedy, NASA is still struggling to overcome serious engineering hurdles to resume flying its space shuttles in March, a task that has become even tougher ",Sci/Tech
News: Prosecutor resigns over hacked PC,A leading Dutch prosecuter resigned yesterday after hackers entered his mail box and revealed yet another classified letter addressed to the public prosecutor's office.\,Sci/Tech
Update 6: Tentative Deal Reached in Casino Strike,"Thousands of striking casino-hotel workers reached a tentative contract agreement that signals an end to a bitter, month-old walkout - the longest in Atlantic City casino history.",Business
ConocoPhillips wins Lukoil bid,"MOSCOW _ US oil giant ConocoPhillips paid nearly \$2 billion for a stake in Russia #39;s second-largest oil producer Wednesday, a deal touted as Russia #39;s biggest post-Soviet privatization and ",Business
News.com Extra: Mozilla claims no Google browser in the works,Plus: Microsoft ready to launch search engine,Sci/Tech
Pitt escapes 1-AA Furman,"Josh Cummings kicked a 37-yard field goal in overtime and host Pittsburgh needed 21 points in the fourth quarter yesterday to beat Division 1-AA Furman, 41-38.",Sports
One person dead as train derails,One person has been killed and many injured after a train collides with a vehicle on a level crossing in Berkshire.,World
Heerenveen beats Ajax,PSV Eindhoven was leading host ADO The Hague 2-0 Saturday when the Dutch league match was suspended in the 80th minute because of racist chants from the home fans.,Sports
New Apple Gets Shined,"Hoping to boost recently slackening sales of its flagship product, Apple Computer Inc. is using the dog days of summer to unveil the redesigned iMac, opening the curtain on its popular desktop computer at the Apple Expo in Paris. &lt;FONT face=""verdana,MS Sans Serif,arial,helvetica"" size=""-2"" color=""#666666""&gt;&lt;B&gt;-washingtonpost.com&lt;/B&gt;&lt;/FONT&gt;",Sci/Tech
Marsh  amp; McClennan CEO quits,"The head of Marsh  amp; McLennan Companies Inc., the nation #39;s largest insurance broker, resigned Monday, clearing the way for the settlement of bid-rigging charges brought by New York #39;s attorney general.",Business
It may come down to closing time,"This is the way it ended last year: An exhausted and emotionally spent Mariano Rivera dropped to his knees after pitching the hardest three innings of his life, sobbing and praying and finally falling prone on the hill, wrapping his arms around the mound in a mixture of thanksgiving and relief. For three innings -- the most ...",Sports
Canas hammers Novak to reach final,"SHANGHAI, China -- Argentina #39;s Guillermo Canas overpowered Jiri Novak in straight sets to book his place in the final of the Shanghai Open.",Sports
Napster Creator Launches New Music Service,Napster founder Shawn Fanning is returning to the music downloading arena with a brand new offering that is receiving reasonable support - given their histories together -rom the music industry.,Sci/Tech
"Yanks Qualify, and Elvis Has Left for Boston","The Yankees reserved a spot in October for the 10th year in a row, assuring themselves of no worse than a wild card.",Sports
Bonus bonanza for Shell bosses,SHELL #39;S new chief executive Jeroen van der Veer is to be handed a beefed-up pay package as part of the planned merger of the firm #39;s Dutch and British arms.,Business
Congress Said Set to Back Mideast Trade (AP),"AP - Congress will vote as early as February on a free trade agreement with Bahrain and stands ready to consider agreements with other countries in the Middle East, the chairman of the House Ways and Means Committee said Wednesday.",World
Manufacturing output shows sharp decline,"Manufacturing output has unexpectedly fallen for the third month in a row in August and at the sharpest pace in nearly two years, official data show.",Business
Francona trying to  #39;ignore #39; personal ties to A #39;s,"The Boston Red Sox manager worked as the bench coach for the Athletics last season, and still has many friends in the other clubhouse -- and during a September pennant race, he just can #39;t deal with any personal distractions.",Sports
"Monty, Donald in Ryder Cup",European Ryder Cup captain Bernhard Langer named Colin Montgomerie and Luke Donald as his wildcard picks for the side to face the USA in September.,Sports
Martnez's Being a Met Rests on a Physical Exam,"If Pedro Martnez passes Wednesday's physical, he is expected to be introduced in a news conference at Shea Stadium on Thursday.",Sports
Era of Dream Team terminated in Athens,"Twelve years after Michael Jordan, Magic Johnson and Larry Bird led the American senior basketball team to conquer the world, the era of the US Dream Team was terminated in the summer of 2004 at Athens.",Sports
Nallen rolls to record win,"Chandler, AZ (Sports Network) - Chris Nallen closed with a one-under 71 on Sunday, but it was more than enough to win the Gila River Golf Classic.",Sports
Smog linked to increase in deaths,"An increase in smog sparks a small but measurable increase in deaths, scientists report Wednesday in a study showing the strongest link yet between smog and damage to health.",Sci/Tech
Kansas City Royals Team Report - September 8,(Sports Network) - Two of the worst teams in the American League square off this evening when the Kansas City Royals and Detroit Tigers continue their four-game set at Comerica Park.,Sports
Questions for the  #39;Comforter in Chief #39;,"How could I have forgotten that George W. was a compassionate conservative? He chose the moniker of a kinder, gentler Republican four years ago to distinguish himself from Newt Gingrich #39;s crowd.",Business
China #39;s Shenzhou VI to carry two astronauts on five-day mission &lt;b&gt;...&lt;/b&gt;,"ZHUHAI, China : China #39;s second manned space flight will orbit the Earth for five days with two astronauts onboard in a mission scheduled for next year.",Sci/Tech
Bosnian foreign minister banned from US,"ISN SECURITY WATCH (17/12/04) - Bosnian Foreign Minister Mladen Ivanic has been banned from entering the US, as Bosnian Serb officials come under pressure for failing to arrest Europes two most-wanted war criminals, Bosnian Serb wartime leader Radovan ",World
Wi-Fi tops \$1 billion quarterly revenues,"The worldwide market for Wi-Fi network infrastructure and adapters surpassed \$1.0 billion in quarterly revenues for the first time in the fourth quarter of 2003, according to market research firm In-Stat/MDR.",Sci/Tech
Ricky Must Pay,"An arbitrator ruled yesterday that tailback Ricky Williams, who retired just before training camp, must repay the Dolphins \$8.6 million.",Sports
Taiwan Denies Wrongdoing in Ex-U.S. Diplomat Meetings, TAIPEI (Reuters) - Premier Yu Shyi-kun said on Friday that  Taiwan intelligence officers had held secret dealings with a  former senior U.S. diplomat but denied that the government had  committed any wrongdoing.,World
SM amp;A shares tumble after revenue warning,"Shares of SM amp;A (WINS.O: Quote, Profile, Research) tumbled more than 20 percent on Tuesday, a day after the consultant to defense companies warned that its third-quarter and 2004 revenue would fall short as political events in ",Business
House GOP Alters Its Rules to Shield Combative DeLay (Los Angeles Times),Los Angeles Times - WASHINGTON  #8212; House Republicans changed a party rule Wednesday to allow Rep. Tom DeLay of Texas to remain as majority leader even if indicted in an investigation of campaign finance violations in his home state.,World
 #39;Disclosure on steroids #39;,NEW YORK - The barrage of internal controls and enhanced reporting requirements demanded by the US Securities and Exchange Commission has created a climate of  quot;disclosure on steroids quot; that has many counsel uncertain and badly stressed about making a ,Business
Afghan warlords hunt for votes ,"SHEBERGHAN, Afghanistan -- For the first time in its history, this desert town is showing off the trappings of democracy. Campaign posters decorate storefronts, and the local leader, General Abdul Rashid Dostum, has traded his military uniform for a dark suit and has hit the campaign trail.",World
Delta announces job cuts,"Indianapolis, Sept. 8 - The news hit an already suffering industry hard. Delta Airline #39;s restructuring calls for a reduction of ten percent of its workforce, or about 7,000 people.",Business
CA adds financial view to management,An update to Computer Associates' management software lets users bill for IT services based on usage.,Sci/Tech
Federated Investors Buys Cash Business,Asset management company Federated Investors Inc. on Thursday said it will buy Alliance Capital Management Holding LP #39;s cash management business.,Business
Crude climbs back above \$50 in Asia,"SINGAPORE -- Crude oil prices climbed back above the key \$50 mark in Asian trade today,creeping close to an all-time high. After settling at \$49.",Business
Hurricane Pushes U.S. Oil Toward  #36;45 (Reuters),"Reuters - Oil prices rose on Wednesday as\Hurricane Ivan -- one of the fiercest storms on record --\churned toward the southeastern United States, while the dollar\struggled with worrying economic data.",Business
Little Progress in Aircraft Talks,The European Union on Thursday demanded that Washington explain more clearly how it subsidizes the Boeing Co. and warned it would counter any US challenge targeting France ,Business
Windmill project to push Quebec past Alberta in wind energy &lt;b&gt;...&lt;/b&gt;,"QUEBEC (CP) - A massive windmill power project unveiled by Quebec on Monday will more than double Canada #39;s output of wind energy and vault the province past Alberta as the country #39;s main producer, says an industry group.",Business
Powell warns of more Iraq attacks,"The US Secretary of State warns of more violence in Iraq as elections approach, after a new suicide attack.",World
Rossi: Well go for it,"Rossi heads to Japan with a 29-point lead over Sete Gibernau thanks to a stunning victory et Estoril two weeks ago, but for all his six success this season, you can bet your house that The Doctor will be giving it everything he #39;s got to deny Honda victory ",Sports
UK urged to review terrorism laws,A UN committee asks the UK to review its policy of detaining terrorism suspects without trial.,World
Simmering Trade Disputes Will Greet Bush in Canada,"Canadians remember two things about Ronald Reagan #39;s trip to Quebec City in 1985: his rendition of  quot;When Irish Eyes Are Smiling quot; with Prime Minister Brian Mulroney, and the announcement ",Business
Jones looks to end dissonant year on golden note,"Controversial triple Olympic champion Marion Jones will try to claim the two titles she missed out on in 2000 when she competes in the long jump final and, hopefully, the 4x100 metres relay at the Athens Games on Friday.",Sports
"Raw, Unprocessed Food Trend Catching On in U.S.","Lunch crush is coming and the deli crew is busy making burgers, lime tarts and pizza dough. Things are really cooking - at least figuratively. In fact, none of the food being prepared at In The Raw will touch a flame or a griddle.",Sci/Tech
Twins Exhaust Nathan With 49 Pitches (AP),AP - Forty-nine pitches. Joe Nathan hadn't thrown that many in more than four years.,Sports
Blair Delivers Crucial Party Speech Under Iraq Cloud," BRIGHTON, England (Reuters) - Britain's Tony Blair faces  one of the trickiest speeches of his career on Tuesday, seeking  to win back his Labour Party after rifts over Iraq and spell  out new policies to set up next year's re-election bid.",World
Greene Lifts Georgia to 45-16 Rout of LSU," ATHENS, Ga. (Sports Network) - David Greene threw a  school-record five touchdown passes to lift the No. 3 Georgia  Bulldogs to a 45-16 rout of the 13th-ranked LSU Tigers in a  Southeastern Conference matchup at Sanford Stadium.",Sports
Property Fund Says to Hold YUKOS Auction (Reuters),Reuters - Russia's Federal Property Fund said on\Friday it intended to go ahead with an auction of oil major\YUKOS' main unit Yuganskneftegaz despite a U.S. court decision\to freeze the state-imposed sale.,Business
Group: Illegal Ivory Easy to Get Online (AP),"AP - Online sales of illegal ivory are booming in the United States despite a longtime global trade ban, conservationists charge.",Sci/Tech
Airlines want end to airport control,"Ottawa should end the monopoly the airports hold over the airlines to reduce the price of landing at Canadian airports - especially at Lester B. Pearson International Airport in Toronto, says the head of the International Air Transport Association.",Business
Moon gas could meet Earth #39;s future energy demands: Scientists,"A potential gas source found on the Moon #39;s surface could hold the key to meeting future energy demands as the Earth #39;s fossil fuels dry up in the coming decades, scientists said on Friday.",Sci/Tech
"Marsh   McLennan to Cut 3,000 Jobs"," NEW YORK (Reuters) - Marsh   McLennan Cos. &lt;A HREF=""http://www.investor.reuters.com/FullQuote.aspx?ticker=MMC.N target=/stocks/quickinfo/fullquote""&gt;MMC.N&lt;/A&gt;, at the  center of a bid-rigging scandal rocking the insurance industry,  on Tuesday said it will cut 3,000 jobs and said third-quarter  profit fell 94 percent as it set aside money for legal and  regulatory expenses.",Business
Top Seed Henman Falls to Ljubicic in Madrid," MADRID (Reuters) - Top seed Tim Henman lost 6-4, 4-6, 6-2  to big-serving Croatian Ivan Ljubicic in the Madrid Masters  third round Thursday.",Sports
Dealing with higher rates,"The old adage  quot;three steps and a stumble quot; still has fans on Wall Street, but some analysts think it #39;s ready for the glue factory.",Business
Robbie album sold on memory card,Singer Robbie Williams' greatest hits album is to be sold on a memory card for mobile phones.,Sci/Tech
"Finish line, November 1","Andre Agassi lost the Stockholm (Sweden) Open final in a third-set tiebreaker to Thomas Johansson, who won 3-6, 6-3, 7-6 (7-4) to capture this tournament for the second time.",Sports
Govt likely to cut oil product duties - official (Reuters),"Reuters - The government is expected to slash customs and excise duties on petroleum products in a bid to control inflation without hurting the profitability of oil firms, an oil industry official said on Monday.",World
Eighth wonder,"In the dead of winter last January, Terry Francona faced the largest crowd of Red Sox fans since he succeeded Grady Little as the franchise's 44th manager. As more than 1,000 diehards applauded him at the annual writers dinner in a sprawling ballroom at the Sheraton Boston, Francona politely thanked his supporters and asked them to remember their affection for ...",Sports
"SBC Will Cut 10,000 Jobs by 2005-Filing (Reuters)","Reuters - SBC Communications  will cut\10,000 jobs from its workforce through the end of 2005 using\attrition and involuntary cuts, the company said in a filing\with U.S. market regulators on Friday.",Business
Update 2: Clear Channel Earnings Plummet 60 Percent,"Clear Channel Communications Inc. #39;s third-quarter profit fell nearly 60 percent from the same period in 2003, which had been inflated by the nation #39;s largest radio station operator #39;s sale of its stake in a Spanish-language broadcasting network.",Business
US pounds militant positions in Iraq,BAGHDAD - US jets pounded suspected militant positions in a Baghdad slum Monday as two car bombs killed seven Iraqi national guardsmen and a rocket barrage hit a police academy.,World
"As promised, party was quite subdued","FOXBOROUGH -- History never felt quite this ho-hum. For weeks, cautious Patriots players downplayed their run at the record book, insisting their systematic construction of a winning streak dating back to October of 2003 was of little or no consequence. We were chastised for forecasting the possibilities and discouraged from attaching significance to a milestone that would not produce a ...",Sports
Asian Stock Markets Close Mostly Higher,"Asian stock markets closed mostly higher Monday, with the key index rising sharply in Tokyo and hitting a record high in Australia.",Business
Copernic Desktop Search Targeting Multi-Lingual European Markets,"Copernic and its international business development partner Contraco initiated a European market penetration strategy by announcing German, French, and Dutch versions of the award-winning Copernic Desktop Search (CDS) product, with an Italian version soon ",Sci/Tech
Microsoft Shows Small Business Software,"New Navision 4.0 application includes financial, e-commerce, and CRM tools.",Sci/Tech
Chad hopes to emulate Brady,"The body of work is not substantial enough to consider Chad Pennington a victim of the Belichick factor. Fair or not, Pennington #39;s five-interception game against the .",Sports
Kalam to leave for Abu Dhabi to offer condolences,"New Delhi, Nov. 3. (PTI): President APJ Abdul Kalam is leaving today for Abu Dhabi to offer condolences to ruling family, Government and people of UAE on the demise of President Sheikh Zayed bin Sultan al-Nahayan.",World
Uzbek court jails 23 over attacks,A court in Uzbekistan sentences 23 people to up to 18 years in jail for their role in a series of atttacks.,World
Expos likely to come to District,"Major League Baseball is expected to announce tomorrow that the Montreal Expos will move to the District, and anticipation yesterday surged in Washington that the city #39;s 33-year baseball drought is finally at an end.",Sports
US consumer prices rise 0.2 percent in September,"WASHINGTON : American consumer prices climbed a moderate 0.2 percent in the month to September, curbed by a slide in energy costs.",Business
Intel dual-core Xeon to ship in 2006,"SANTA CLARA, CALIFORNIA - Intel Corp. plans to ship its first Xeon processors based on a new dual-core architecture in 2006, company officials said Tuesday, a disclosure that surprised industry observers who had expected the chips to appear in 2005.",Sci/Tech
EARNINGS WATCH,"MarketWatch.com. Richemont sees significant H1 lift, unclear on FY (2:53 AM ET) LONDON (CBS.MW) -- Swiss luxury goods maker Richemont(zz:ZZ:001273145: news, chart, profile), which also is a significant ",Business
Stephen Dunn/Getty Images,"com. Orlando Cabrera has already figured out how to part the Red Sea. With a three-run double in the top of the ninth, Cabrera sent waves of red-clad Angels fans to the exits.",Sports
Paul Martin Pushes For New World Forum,"Canada's Prime Minister Paul Martin, while attending the APEC Summit in Santiago, Chile, tried to garner support among world leaders for his idea of instantiating a new world forum, a so-called L-20 group of leaders, consisting of the G-8 countries and the leaders of about 12 other emerging economic powers like India, China, Brazil and South Korea.  As The Toronto Star reported, the animated Prime Minister Martin literally had to be yanked away by his own handlers after describing in urgent tones the need for United Nations reform and for a new forum of world leaders that he wants to create. He bemoaned Sudanese being slaughtered while the UN dithers, he interrupted several questions from reporters to elaborate further, and Saturday he waved off an aide who tried cutting off a press conference.",Sci/Tech
AMD providing update for Opteron processor,AMD uses a technology called PowerNow to control power supply to the processor depending upon how much of the processing power is being used.,Sci/Tech
"As fasting ends, the lessons of Ramadan linger",A Muslim reporter considers a Saudi newspaper article's checklist for a successful Ramadan.,World
Digital Assistants Continue to Lose Ground (AP),"AP - Shipments of personal digital assistants declined for the third consecutive quarter as large vendors continued ceding the depressed market to smaller electronics makers, the research firm IDC said Wednesday.",Sci/Tech
Hall and de Bruyn grind down India,"KANPUR, India -- Opener Andrew Hall and debutant Zander de Bruyn defied India #39;s spin attack on Sunday to put South Africa in command of the first Test match in Kanpur.",Sports
Bonds to remain with Giants through 2006,"San Francisco, CA (Sports Network) - The San Francisco Giants have scheduled a news conference prior to Tuesday night #39;s game against Houston at which time the club is expected to announce that Barry Bonds will remain under contract through the 2006 season ",Sports
UN urges quick start for Darfur force,The UN special envoy to Sudan has urged African states to speed up moves to send a large force to Darfur and called on the West to back their efforts with generous logistical support.,World
Europe and Iran to meet again on nuclear issue (AFP),AFP - Europe's three key states are to meet again with Iran in Vienna to hear Tehran's response to their offer for it to avoid possible UN sanctions and receive nuclear technology by indefinitely suspending uranium enrichment.,World
Singh closes in on Tiger,"AKRON, Ohio - Having closed the gap to a mere one-tenth of a point, Vijay Singh needs only to finish ahead of Tiger Woods at the NEC Invitational, starting today, to end Woods #39; record run as the No. 1-ranked player in the world. ",Sports
Honor your sysadmin...be quiet,"Did you feel that extra jolt of electricity in the air when you arrived at work today? Yes, it's...",Sci/Tech
"Gamer buys \$26,500 virtual land","A gamer spends \$26,500 on a virtual island that exists only in a PC role-playing game.",Sci/Tech
Siemens acquires Chantry for larger WLAN play,"Siemens AG has acquired Chantry Networks, a step that will extend its enterprise offerings and Voice over Internet Protocol into the wireless local area network space.",Sci/Tech
YUKOS Calls Meeting to Mull Bankruptcy,Oil major YUKOS will hold a shareholders meeting on Dec. 20 to decide whether to file for bankruptcy or liquidate the firm after it was hit with huge new ,Business
"3,000 Indian Troops Pull Out of Kashmir","JAMMU, India, Nov. 20 -- India pulled about 3,000 troops out of Kashmir Saturday in a planned withdrawal of army units from the disputed region, Indian officials said.",World
Sudan Questions WHO Darfur Deaths Figures," KHARTOUM (Reuters) - Sudan on Saturday questioned U.N.  estimates that up to 70,000 people have died from hunger and  disease in its remote Darfur region since a rebellion began 20  months ago.",World
Yukos shares plunge more than 30 percent,MOSCOW (AFP) - Shares in the Russian oil group Yukos plunged by more than 30 percent in midday trading on the Moscow stock exchange to below a dollar per share.,Business
From the Debate,The following are excerpts from the first presidential debate between President Bush and Sen. John F. Kerry:,World
Online Music Site Settles Copyright Suit (AP),AP - The operators of a Spanish-based Web site that sold music downloads have agreed to pay  #36;10.5 million to settle a copyright infringement lawsuit brought by several recording companies.,Sci/Tech
French Official Says No Sign Arafat Poisoned,France #39;s health minister says there is no indication the death of Palestinian terrorist leader Yasser Arafat was the result of poisoning - amid rumors in the Arab world that Arafat was poisoned.,World
IMF Policy-Makers Fail to Agree on Debt Relief (Reuters),Reuters - The International Monetary Fund's\top policy-making group failed on Saturday to close divisions\over debt relief for the world's poorest countries.,World
Gardner takes his bronze and retires,"Rulon Gardner defeated Iran #39;s Sajad Barzi, 3-0, in overtime in the 264-pound division of Greco-Roman wrestling at Ano Liossia Olympic Hall.",Sports
SEC Charges Brokerage Raymond James,"The US Securities and Exchange Commission on Thursday charged brokerage firm Raymond James Financial Inc. (RJF.N: Quote, Profile, Research) with fraud over the misconduct of a former broker in 1999 and 2000.",Business
"Disney trial often gets personal as Ovitz, Eisner testify","LOS ANGELES - The lawsuit shareholders have brought against Disney has come to resemble a Hollywood potboiler of betrayed friendships, secret meetings and wounded egos.",Business
Rouse Co. to be sold for \$7.2 billion,"Rouse Co., the Baltimore-based real estate investment trust that owns the Mall St. Matthews, is being sold to Chicago-based General Growth Properties Inc. for \$7.2 billion, according to a report in the Baltimore Business Journal. ",Business
Police break up European piracy ring,"Greek and British police in a joint operation cracked an illegal software sales ring, arresting two people and seizing thousands of pirated software programs, Greek police said on Friday.",Sci/Tech
Americans Block Hamm Letter,The United States Olympic Committee have refused to pass on an official letter to all-round gymnastic champion Paul Hamm requesting him to return his gold medal.,Sports
US industry wants H1B visa cap revisited,"Mr Kapil Sibal, Minister for Science and Technology; Mr Kenneth I. Juster, Under Secretary of Commerce, Bureau of Industry and Security, US Department of Commerce; and Mr Harris Miller, President, Information Technology Association of America; at The India ",Business
Suicide car bomber kills at least 13 in Baghdad,"BAGHDAD: A suicide car bomber killed at least 13 people in an attack on a police checkpoint in Baghdad last night, after US air strikes around rebel-held Falluja that killed scores.",World
EMC buys Danz Development for less than \$50m,"The company produces Retrospect software, also included in Maxtor #39;s One Touch external back up disc, and has a vital hold on the small and medium-sized enterprise market.",Sci/Tech
FDA Holds Off Approval of New Merck Drug (Reuters),"Reuters - Merck   Co.  on Friday said\U.S. regulators have decided not to approve the company's\experimental arthritis drug, the successor to its recalled\Vioxx pill, until more safety and effectiveness data are\obtained.",Business
Novell to Open Enterprise to Netware and Linux,"Novell (Quote, Chart) announced today that it was moving up the timetable by 10 months on its new Open Enterprise Server (OES). The new server, due out in February, will include Novell #39;s NetWare operating ",Business
No. 20 Notre Dame Defeats Quincy 80-61 (AP),AP - Chris Quinn scored 25 points to lead No. 20 Notre Dame to an 80-61 exhibition victory over Quincy on Wednesday night.,Sports
NBA Wrap: Hamilton Guides Pistons to Win Over Cavs," NEW YORK (Reuters) - Richard Hamilton posted 21 points to  propel the Detroit Pistons to an 81-69 triumph over the  Cleveland Cavaliers at Auburn Hills, Michigan Thursday.",Sports
Edwards' Down-Home Style Fills a Gap for Kerry (Reuters),"Reuters - Democratic Sen. John Edwards\wasn't born a millionaire, and he doesn't let voters forget\that.",World
Microsoft XP SP2 Update And Spyware Conflict,"If you have spyware installed on your computer system and you update your operating system with the latest Windows XP Service pack 2 (SP2) update, your computer could possibly freeze.",Sci/Tech
Video Shows Beheading of Man Said to Be US Hostage in Iraq,"BAGHDAD, Iraq - One of the American hostages kidnapped last week in Iraq has been beheaded by the Al Qaeda-linked group of Jordanian terror mastermind Abu Musab al-Zarqawi (search ), according to a Web site.",World
Jury Selection Continues in Bryant Case (AP),"AP - About three-quarters of potential jurors in the Kobe Bryant sexual assault case have already been told whether to return to the courthouse later this week for more questioning, putting the selection process on schedule, court officials say.",Sports
Oracle takes 60 percent of PeopleSoft shares but game not over (AFP),AFP - After a bitter 18-month battle Oracle Corp has taken control of more than 60 percent of outstanding shares of rival business software group PeopleSoft.,Sci/Tech
"Jackpot at 30,000 Feet?","Ryanair, Europe's largest low-cost airline, might introduce in-flight gaming.",Business
Montreal end Giants run,Montreal Expos ended the San Francisco Giants #39; six-game winning streak with a 6-2 victory on Wednesday. ,Sports
Semel: Search For New Yahoo! Features Yields Adobe Deal,Seek and ye shall find: Yahoo! (nasdaq: YHOO - news - people ) and Adobe Systems (nasdaq: ADBE - news - people ) have struck a deal to put Web search capabilities into Adobe #39;s Acrobat Reader software.,Business
Wal-Mart sees sales up 2.4,"WAL-MART Stores, the worlds largest retailer and owner of Asda supermarkets, said sales at stores open at least a year rose 2.4 per cent in September, slightly higher than its preliminary report but still towards the low end of its forecast range.",Business
Putin #39;s Strong Hand Fails Russia,"The mass murderers who seized the school in Beslan, Russia, this month committed one of the most heinous acts of terrorism in world history.",World
"Wolves Waive Goldwire, Powell (AP)","AP - The Minnesota Timberwolves released guard Anthony Goldwire and forward Kasib Powell on Thursday, trimming their roster to 14 players.",Sports
Giants Beat Astros to Keep Wild Card Lead,Barry Bonds and the San Francisco Giants can reach the playoffs two ways. They certainly boosted both chances Tuesday night...,World
Willingham Headed to Washington, SEATTLE (Sports Network) - The University of Washington has  named Tyrone Willingham its new head football coach. The school  will have a press conference at 2 p.m. (et) Monday to introduce  him.,Sports
Violence turns to hope as Sistani #39;s arrival in Najaf heralds peace &lt;b&gt;...&lt;/b&gt;,"Iraq #39;s leading Shia cleric, Grand Ayatollah Ali Husseini al-Sistani, reached an apparent agreement with the radical cleric Muqtada Sadr yesterday to end a three-week uprising by Sadr #39;s Army of Mehdi militiamen in Najaf.",World
Pace for Wireless Number Switches Quickens," WASHINGTON (Reuters) - The number of U.S. wireless  subscribers who are switching providers while keeping their  telephone numbers is accelerating, the Federal Communications  Commission said on Friday.",Sci/Tech
IBM to customers: Expect business as usual,"IBM may be selling its PC business, but it #39;s working hard to keep its PC customers. Still, competitors Dell, Hewlett-Packard and others are likely to come knocking in an attempt to pick off nervous customers ",Business
Defense method Saints acquire CB McKenzie,The New Orleans Saints completed their long-anticipated trade for Green Bay cornerback Mike McKenzie on Monday. The Saints swapped third-string quarterback JT O #39;Sullivan and their second ,Sports
Congo's Rainforest Faces Danger as Loggers Return (Reuters),"Reuters - Parked neatly side by side in a\quiet clearing in the heart of Africa's largest rainforest, the\two bright yellow bulldozers look absurdly out of place.",Sci/Tech
Microsoft Uses Halo 2 to Catch Xbox Pirates,"With Halo 2 racking up record sales and eager fans rushing to Microsoft #39;s Xbox Live online gaming service to compete with other gamers from around the world, it should be an exciting time for Xbox enthusiasts.",Sci/Tech
Indonesia steps up clamp on militants,"JAKARTA: Indonesian police said yesterday they had redoubled efforts to track militants blamed for a suicide car bomb attack on the Australian embassy, and released video recordings of the powerful blast.",World
Genome Model Applied to Software,Open-source developers attempting to reverse-engineer the mysteries of private networking software turn to genomics research. They're applying algorithms developed by biologists to decipher the secrets of closed networks. By Danny O'Brien.,Sci/Tech
15 students crushed to death by speeding Indian train,"BHOPAL - At least 15 students were crushed to death on Sunday by a speeding train at a railway station in the central Indian state of Madhya Pradesh, a local administrator told AFP.",World
Umpire Leaves Mariners-Rangers Game (AP),AP - First-base umpire Ed Montague was treated and released at an Arlington hospital after leaving Sunday's game between the Seattle Mariners and Texas Rangers before the start of the fifth inning because of elevated blood pressure.,Sports
Microsoft hunts for fake XP,Microsoft is hoping to beat the fraudsters and trace large-scale counterfeiters of Windows XP OEM with a free checking and replacement scheme for users.,Sci/Tech
Struggling Sainsbury plans price cuts to woo customers (AFP),AFP - J Sainsbury said it would halve its dividend and cut costs to fund price reductions and a sprucing up of its image in an effort to reverse flagging fortunes.,Business
Euro soars as ECB chief defends rate,THE dollar tumbled to new lows against the euro yesterday as markets brushed aside an upgrade to US growth and a fresh warning from the European Central Banks President ,Business
"Bush Ridicules Kerry, Calls Him Indecisive","SPRINGFIELD, Ohio - President Bush on Monday labeled rival Sen. John Kerry a political opportunist whose ever-changing positions undercut the Democrat's aspirations to be the nation's leader...",World
Probe of UN oil-for-food cheating endorsed,The State Department yesterday endorsed a Senate investigation into possible fraud in the United Nations oil-for-food program while sidestepping a senator #39;s ,World
Aston Villa charged over Beattie approach,Aston Villa have been charged with allegedly making an illegal approach for Southampton striker James Beattie. The Premier League said on Tuesday the charge relates to comments made by Aston ,Sports
Economy Grows Faster Than Expected in 3Q (AP),"AP - The economy  #151; helped out by more brisk consumer and business spending  #151; grew at an annual rate of 3.9 percent in the third quarter, a performance that was stronger than previously thought.",Business
"Police Patrol Najaf, Workers Clear Rubble (AP)",AP - The crash of explosions and crackle of gunfire that have torn through Najaf for weeks gave way Saturday to the clangs of shovels clearing the destruction and the wail of police sirens announcing the return of government control to the devastated holy city.,World
Teamster Death Probe Sought in El Salvador (AP),AP - International union and activist groups published an ad Thursday in a Salvadoran newspaper calling for an independent investigation into the death of a U.S. union leader who was shot in the back while working here.,World
Armitage: Osama will be caught,"ISLAMABAD, Pakistan Deputy Secretary of State Richard Armitage says Osama bin Laden will be caught  quot;sooner or later. quot;. Armitage is in Pakistan -- a key ally in the US-led war on terror.",World
Hurricane Ivan hits Caymans,Hurricane Ivan is battering the Cayman Islands after moving on from Jamaica where it killed at least 14 people.,World
Cingular Wireless fined \$12.1 million over early termination fees,SAN FRANCISCO Cingular Wireless will have to pay millions of dollars in fines because of the steep fees it charged its customers who wanted to end their contracts early.,Business
Report: Bryant Told Police He Was Innocent (AP),"AP - In his interview with police the night after he was accused of rape, NBA star Kobe Bryant insisted the sex was consensual, that he stopped when she said ""no,"" and that he wondered if she would accept money to recant a claim that could damage his reputation.",Sports
Google Shares Fall on 4Q Revenue Warning,"Google Shares Slip As Co. Warns That Its 4Q Revenue Growth Rate Is Likely to Slow. The Google Inc. company headquarters in Mountain View, Calif.",Business
Reliance Energy board to meet in next few days,"Mumbai, November 28 :The board of power utility Reliance Energy Ltd will meet in the next few days to consider the resignations of six of its directors, the company said on Sunday.",Business
Martial law in Chinese city after riot,"BEIJING - Martial law was declared in a town in central China after at least four people died in rioting, residents said on Monday.",World
Microsoft to Offer New Windows Flavor for Retail Market,"Just as it is doing with its Windows client software, Microsoft Corp. is developing customized variants of its Windows Embedded operating system for specific markets.",Business
Sun Microsystems Rolls Out Much-Awaited Solaris 10," SAN FRANCISCO (Reuters) - Sun Microsystems Inc. &lt;A HREF=""http://www.reuters.co.uk/financeQuoteLookup.jhtml?ticker=SUNW.O qtype=sym infotype=info qcat=news""&gt;SUNW.O&lt;/A&gt; on  Sunday introduced the long-awaited next version of its  operating system, Solaris 10, which the network computer maker  is betting on to help bring itself back to sustained  profitability.",Sci/Tech
Nokia Launching 6670 Business Phone," HELSINKI (Reuters) - Nokia unveiled a mobile phone for  business users on Thursday that incorporates a camera with a  megapixel resolution, beefing up a patchy handset portfolio  that has cost it market share.",Sci/Tech
NBA Wrap: Returning Trio Help Pistons End Skid, NEW YORK (Reuters) - Chauncey Billups scored 21 points in  his return to the line-up as the host Detroit Pistons also  welcomed back coach Larry Brown and Ben Wallace with a 93-85  triumph over the Minnesota Timberwolves Wednesday.,Sports
US Promises Compliance with WTO Rules,"The WTO gave the go-ahead to countries in Europe and elsewhere to impose punitive duties on US exports. The United States has failed to repeal a trade law that protects the US Steel industry, according to WTO.",Business
UPDATE 5-BorgWarner bids 621 mln euros for diesel maker Beru,"US car parts maker BorgWarner Inc. (BWA.N: Quote, Profile, Research) launched a 621-million-euro (\$790 million) takeover bid for German rival Beru ",Business
BT to offer Blackberry-enabled Siemens handsets,British telco BT has reached agreements with German mobile handset maker Siemens and Canadian wireless solutions provider Research In Motion (RIM) to offer UK corporate customers the Siemens SK65 handset with Blackberry Built-In technology.,Sci/Tech
Buttiglione withdraws from Barroso Commission,"The Italian nominee had been heavily criticised for his alleged comments on gays, single parents and the role of men and women, and these led Commission president-designate Jose Manuel Barroso ",World
The U.S. Gives Mia Hamm a Golden Farewell," ATHENS (Reuters) - The United States gave Hall of Famer Mia  Hamm the perfect send-off on Thursday, beating Brazil 2-1 to  win Olympic gold in the women's soccer tournament.",Sports
Space Shuttles Survive Hurricane Frances,"maggeth writes  quot;In an update to a previous story, NASA damage assessment teams have begun work at the Kennedy Space Center, which was hit by Hurricane Frances.",Sci/Tech
Pandas benefit from wireless net,"The world #39;s dwindling panda population is getting a helping hand from a wireless internet network. The Wolong Nature Reserve in the Sichuan Province of southwest China is home to 20 of the remaining 1,500 giant pandas in the world.",Sci/Tech
HP Says Bye Bye Itanium: Carly Finds Way To Trim Another \$100m,"HP, whose contributions made the Itanium so confoundedly complicated, has dropped out of the 10-year-old partnership with Intel that saw them develop the 64-bit chip.",Sci/Tech
Group accuses Honeywell of planning to export jobs,update An alliance of technology workers on Tuesday accused conglomerate Honeywell International of planning to move thousands of jobs to low-cost regions over the next five years--a charge that Honeywell denies.,Business
European Shares Little Changed (Reuters),"Reuters - European shares were little changed at\29-month highs on Friday, with Germany's Ifo survey expected to\be an early focus.",World
Consumer Spending Rebounds in July," WASHINGTON (Reuters) - U.S. consumer spending rebounded  sharply in July, government data showed on Monday, erasing the  disappointment of June and bolstering hopes that the U.S.  economy has recovered from its recent soft spot.",Business
A Shorter Longhorn for Microsoft,The signs of trouble surrounding Microsoft #39;s massive Longhorn development project have been building for months. But on Aug. 27 the software giant bowed to the inevitable.,Sci/Tech
Rivers's holdout is over,"Rookie quarterback Philip Rivers ended his lengthy holdout, agreeing to terms on a six-year contract with the San Diego Chargers last night.",Sports
Blockbuster offers to buy Hollywood Entertainment,Blockbuster Inc. has decided that bigger is better in the battle to succeed against new technologies and a growing list of competitors.,Business
Chiefs Not Using Revenge Vs. Indy (AP),"AP - Dick Vermeil would prefer not to hear the ""R"" word  #151; you know, ""revenge""  #151; tossed around Arrowhead Stadium this week.",Sports
Kidnap accused says he worked for US,A former American soldier accused of kidnapping and torturing terror suspects in Afghanistan has told a Kabul court that the FBI is withholding hundreds of documents showing that he was working for the US Government. ,World
Ballmer on security,Microsoft has posted the full transcript of CEO Steve Ballmer #39;s appearance yesterday at the Gartner Symposium and ITxpo in Florida.,Sci/Tech
Kansas City Chiefs,"JACKSONVILLE, Florida (Ticker) -- Showing poise well beyond his years, Byron Leftwich once again carried the Jacksonville Jaguars to a last-second victory.",Sports
Sask. town keen but skeptical of space launch,"KINDERSLEY, Sask. - A representative from a team of Canadian engineers trying to send a privately funded rocket ship into space was in Saskatchewan on Wednesday to set up logistics for a launch that he hopes will happen within the next month.",Sci/Tech
US goes distance in softball,"ATHENS, Greece -- He told them to play for themselves and for their country, and they did. But the US softball team was playing for coach Mike Candrea, too.",Sports
"World Failed Bhopal Gas Victims, Says Amnesty","London, Nov. 30 (NNN) : The world has failed to help survivors of the Bhopal gas leak in India 20 years ago or to punish the guilty, Amnesty International has said.",World
News: UK police fingerprint system collapses,Computer problems have left police forces in England and Wales unable to run national fingerprint checks for more than a week.,Sci/Tech
"McGrady, Yao set for first NBA exhibition game in China","Tracy McGrady is more than willing to trade individual statistics for victories with Yao Ming and the Houston Rockets.  quot;I #39;m really not concerned about that, quot; McGrady said Wednesday.",Sports
Two Churches Bombed as Violence Persists in Iraq,"Major attacks have continued in recent days, including several apparent efforts to sow divisions between groups.",World
Philly Fed: Factories Slowed in November (Reuters),"Reuters - Factory activity in the U.S.\Mid-Atlantic region slowed in November, but held in positive\territory as the outlook for the future bounced back from\depressed levels, a survey showed on Thursday.",Business
Net shopping guides lure surfers,"Shopping around shopping guides shows a new level of sophistication to buying online, a report suggests.",Business
Volcanic Activity Possible on Object Beyond Neptune (SPACE.com),"SPACE.com - A large planet-like object out in the realm of Pluto shows signs of either a relatively recent collision or perhaps volcanic activity, astronomers said today.",Sci/Tech
Raptors big men key in ending Jazz win streak,"The Utah Jazz knew they were going to lose sometime, they just didn #39;t think it would be to guys named Chris Bosh and Loren Woods.",Sports
Horse tested positive for banned drugs,"DUBLIN, Ireland -- An equestrian doping scandal could cost Ireland its only gold medal from the Athens Olympics. Cian O #39;Connor won the individual show jumping gold aboard Waterford Crystal, but the horse was ",Sports
"Cards Roll, and It's Getting Late Early for Dodgers","Even without hitting home runs, the St. Louis Cardinals' potent attack continued to pummel the Los Angeles Dodgers, 8-3, Thursday.",Sports
LOOKING BACK 8-Day Battle for Najaf: From Attack to Stalemate,"AJAF, Iraq, Aug. 16 - Just five days after they arrived here to take over from Army units that had encircled Najaf since an earlier confrontation in the spring, new Marine commanders decided to smash guerrillas loyal to the rebel Shiite ...",World
SI.com #39;s BJ Schecter breaks down a key Mountain West showdown,Utes coach Urban Meyer is one of the hottest offensive minds in the nation and Utah will run wild formations with misdirection and trick plays.,Sports
OPEC may cut oil output,OPEC oil producers have said they will rein in oversupply to bolster falling prices and that the cartel would have to reduce output quotas early next year.,Business
Airport Check-In Via Text Messaging On Cell Phones,"Frequent Fliers on Finnair will be get flight info and seat assigments as text messages on their cells. Once they reply, they are checked in.",Sci/Tech
Microsoft Reveals More Intellectual Property,Microsoft today released its third open-source offering called the FlexiWiki project on SourceForge.net. FlexWiki is a collaborative web-based authoring environment implemented on the Microsoft .,Sci/Tech
"Ancient, Tiny Humans Shed New Light on Evolution","The skull of Homo floresiensis, a newly discovered species of human, next to a modern human skull (right). Fully adult, H. floresiensis was barely three-feet-tall and had a skull the size of a grapefruit.",Sci/Tech
Many setbacks on road to an effective Iraqi force,Pressure is rising to establish an Iraqi military capable of securing the country by January elections.,World
Hamas will not field candidate for Palestinian election,"Gaza City: Hamas will not field a candidate for next month #39;s election to succeed Yasser Arafat as president of the Palestinian Authority, a spokesman for the radical Islamist movement said on Wednesday.",World
Dollar falls to 103.75 yen on remark by Snow,"The dollar slipped close to its lowest level of the year Thursday in Tokyo, entering 103 yen territory as market players dumped the currency in the belief that the United States tacitly approves of its weakening.",Business
United directors ousted by Glazer,US sports tycoon Malcolm Glazer has three Manchester United directors ousted from the board after voting against their re-election.,Business
"Krispy Kreme Posts Loss, Stock Off 16 Pct"," LOS ANGELES (Reuters) - Krispy Kreme Doughnuts Inc. &lt;A HREF=""http://www.investor.reuters.com/FullQuote.aspx?ticker=KKD.N target=/stocks/quickinfo/fullquote""&gt;KKD.N&lt;/A&gt;  on Monday reported a quarterly loss due to store closings and  sluggish sales, sending its stock down 16 percent.",Business
Gateway Posts Operating Profit," SAN FRANCISCO (Reuters) - Personal computer maker Gateway  Inc. &lt;A HREF=""http://www.investor.reuters.com/FullQuote.aspx?ticker=GTW.N target=/stocks/quickinfo/fullquote""&gt;GTW.N&lt;/A&gt; on Thursday posted its first operating profit in  nearly three years as its retail strategy gained traction and  costs fell, sending shares up 11 percent.",Business
Few steps towards peace peak,"Leh, Nov. 8: Three days, nearly 40 delegations and hundreds of kilometres later, home minister Shivraj Patil believes he has walked a few steps forward on the long and winding road that could lead to peace in Kashmir.",World
French Troops Deploy in Ivory Coast After Rioting, ABIDJAN (Reuters) - France deployed troops in the Ivory  Coast's main city on Sunday to protect its citizens from mob  violence which erupted overnight after French forces destroyed  most of the small West African nation's air force.,World
Chinese win important for Ferrari,"Ferrari team principal Jean Todt was full of praise for his driver, his team and the organisers of the inaugural Chinese Grand Prix after Rubens Barrichello claimed a narrow victory in Sunday #39;s historic race on the outskirts of Shanghai.",Sports
Abductors Free Brazil Soccer Star Robinho's Mother," SAO PAULO, Brazil (Reuters) - Kidnappers have freed the  mother of one of Brazil's most exciting young soccer talents,  Santos forward Robinho, 40 days after they seized her at  gunpoint from a party, the player's agent said on Friday.",World
"Microsoft to Offer Cheaper, Limited Windows in Russia",It's part of the company's effort to beat back Linux and piracy efforts in developing technology markets.,Sci/Tech
TI Declares Qualcomm Court Victory,Texas Instruments Inc. said Wednesday that a Delaware court ruled a second time that the company did not materially breach an agreement with cell phone chipmaker Qualcomm Inc.,Sci/Tech
IBM move boosts commercial grid computing,"IBM is continuing work to raise the profile of grid computing beyond scientific and research markets. Several grid-based commercial projects built on IBM platforms have been launched, including one at the US Environmental Protection Agency.",Sci/Tech
'Marathon mouse' doubles stamina,"Scientists find genetically-modified mice can run twice as far, in a development that could help human stamina.",Sci/Tech
"Barcelona Testing, Day 1, 24/11/04",Fisico's first run for Renault as Franck begins development work for 2005.,Sports
"In a Land Torn by Violence, Too Many Troubling Deaths",Colombia's Indian tribes are confronting a sudden rise in the suicide rate of their young members.,Sci/Tech
Mills buys stakes in 9 GM-owned malls,"Virginia-based REIT will pay \$1B, before transaction costs, for a 50 stake in the properties. NEW YORK (Reuters) - Real estate investment trust Mills Corp. said Tuesday it will buy a 50 percent managing stake in nine regional malls from a General Motors ...",Business
US NBA stars beat Lithuania to win Olympic men's basketball bronze (AFP),AFP - The United States defeated Lithuania 104-96 here to win the Olympic men's basketball bronze medal game.,Sports
Females 'work harder for degrees',"\Female undergraduates work harder and are more open-minded than males, leading to better results, say scientists.",Sci/Tech
Mars Rovers See Water-Linked Mineral (AP),"AP - The Mars rover Spirit found a mineral linked to water during its exploration of the Red Planet, NASA's Jet Propulsion Laboratory said Monday.",Sci/Tech
Key games in New England,"UNH (8-2) vs. MAINE (5-5) When, where: Tomorrow, 1 p.m., at Orono, Maine. TV, radio: None. Last season: UNH won, 47-27. Comments: UNH will be looking for a repeat of last week's 62-24 victory over Towson, which enabled the Wildcats to take over first place in the Atlantic 10 North and earned earn them a No. 5 ranking in Division ...",Sports
Hundreds march in Nepal for peace,"Hundreds of people marched in Katmandu on Sunday, waving banners urging religious tolerance in wake of riots over the killing of 12 Nepalese hostages by Iraqi insurgents.",World
DC #39;s Thayer Gets Stake in BFI Canada,"Thayer Capital Partners, a DC private-equity partnership that buys companies, agreed to a deal that will give it a 24 percent stake in one of Canada #39;s largest trash haulers.",Business
Smothering Defense Freezes Boilers,"Behind the dominant play of their defense and another stellar rushing effort from Mike Hart, the Michigan Wolverines escaped West Lafayette with a 16-14 victory over the Purdue BoilerMakers.",Sports
AOL Making Portal and Search Engine Changes,"AOL Making Portal and Search Changes\\Some big changes are in the making at AOL which will help to expand their content, channels, and advertising revenue past their paid internet service provider members and to the masses. And no, it's not the Netscape homepage! AOL is currently testing a preview of ...",Sci/Tech
Newsview: Kerry Avoids Calling Bush 'Liar' (AP),"AP - John Kerry says President Bush ""failed to tell the truth"" about Iraq and ""misled the American people,"" but that's as far as he seems willing to take it. He stops just short of the ""l-word""  #151; liar.",World
Mountain to climb for Pakistan,SYDNEY: Australia and Pakistan have been involved in some classic cricketing confrontations but the spin doctors have their work cut out this time in trying to generate any real hype in the build-up to their Test series.,Sports
Australia 53-0 after conceding 141-run lead against India (AFP),"AFP - Australia, trailing India by 141 runs on the first innings, were 53 for no loss in their second knock at tea on the third day of the second cricket Test here.",World
Chavez #39;s victory,The reaction by Venezuela #39;s opposition to the failed effort to recall President Hugo Chavez was disorganized and misguided. The two dozen groups behind the recall never worked together on a political message ,Business
Pakistan on alert after al-Qaida suspect dies in raid,Police in Pakistan were today braced for a violent backlash from Islamist militants after a suspected al-Qaida operative was killed in a raid at the weekend.,World
Tennis: Agassi is mastered by Safin,ANDRE Agassi will not be able to repeat the triumph he enjoyed in the Madrid Masters two years ago following his semi-final defeat to Marat Safin.,Sports
US Judge: Anti-Bootlegging Law Is Unconstitutional,"A federal judge dismissed charges against a New York record store owner on Friday who had been selling unauthorized recordings of concerts, saying a law against boot-legging was unconstitutional.",Business
"In Mr. Bush's Neighborhood, a Peculiar Intersection",The relationship between President Bush and Wall Street has always been layered with paradox and outright contradiction.,World
Abandoned Africa HIV Orphans Struggle with Stigma (Reuters),"Reuters - Monica is 12, likes ice cream, thinks\boys are rough and dirty, and wants to grow up to be a flight\attendant ""because they work hard and play hard.""",World
Alarm raised over yet another MyDoom bug,"Dubbed MyDoom.AH by security firms, this latest variant in the MyDoom family of worms is exploiting the recently publicised vulnerability in Microsoft Internet Explorer #39;s (IE) IFRAME buffer overflow.",Sci/Tech
Questions Linger Over Russia School Seige,"BESLAN, Russia - Russian soldiers fled as shooting broke out in the spasm of violence that ended the school siege here, and unprepared special forces were forced to borrow bullets from armed locals who had rushed to the scene.    As Beslan buried more victims Friday, a week after the bloodbath at School No...",World
Oil Higher on Iraq After Heavy Fall,Oil prices edged higher on Thursday from a heavy drop the day before as renewed violence and sabotage attacks in Iraq revived fears over supply disruptions.,Business
Spain busts a suspected Muslim terror ring,"Eight Muslim terrorists planning to detonate a 1,100-pound bomb near a federal court in Madrid have been arrested, Spanish officials say.",World
AT amp;T Settles Shareholder Lawsuit,"Telecommunications giant AT amp;T Corp. said Tuesday that it agreed to pay \$100 million to settle a shareholder class action lawsuit underway in a New Jersey district court, three weeks after the trial began.",Business
"Chrysler Recalls 98,000 Cars and SUVs","DaimlerChrysler #39;s (DCX.N: Quote, Profile, Research) (DCXGn.DE: Quote, Profile, Research) Chrysler division is recalling more than 98,000 cars and sport utility vehicles because of problems that could cause either engine compartment ",Business
Mauritania 'on brink of famine',Mauritania repeats its call for urgent aid to combat the largest locust plague to hit the region in over 20 years.,World
Army Won't Pay 15 Pct of Halliburton Bill," WASHINGTON (Reuters) - The U.S. Army will withhold payment  on 15 percent of future invoices of Halliburton Co.'s &lt;A HREF=""http://www.investor.reuters.com/FullQuote.aspx?ticker=HAL.N target=/stocks/quickinfo/fullquote""&gt;HAL.N&lt;/A&gt;  logistics deal in Iraq due to a billing dispute that could cost  the company \$60 million a month, the military said on Tuesday.",Business
S amp;P upgrades India currency rating outlook,"INTERNATIONAL rating agency, Standard and Poor #39;s (S amp;P) has upgraded India #39;s BB #39; long-term foreign currency rating outlook to  quot;positive quot; from stable.",Business
Space Station #39;s Oxygen Generator Is Repaired With Spare Parts,"The main oxygen generator aboard the International Space Station, which has been malfunctioning since last month, was partially repaired using spare parts that arrived last week.",Sci/Tech
The powder keg wouldn #39;t have exploded if Artest hadn #39;t lit the &lt;b&gt;...&lt;/b&gt;,Make no mistake about it. Ron Artest of the Indiana Pacers was to blame for the ugly fans-players brawl at The Palace. That #39;s not to give the dumb fan who threw a cup of beer ,Sports
Finish line is in sight for Martin,"Self-proclaimed sham Mark Martin vowed to leave racing at the top of his game. A late-season surge has put him there, back in the chase for that elusive NASCAR title.",Sports
"Paul Hamm, In Keeping Medal, Misses Opportunity",The moment when Paul Hamm hit his high bar routine was one of the most electrifying sports moments Ive ever seen. I cant recall seeing something that I immediately felt was so outstanding ,Sports
Israeli Troops Kill Two Palestinians in New Violence (Reuters),Reuters - Israeli forces shot and\killed two Palestinians on Tuesday in separate incidents in the\West Bank and Gaza Strip.,World
"IGT posts lower quarterly profit, record yearly income",Slot machine maker International Game Technology said Tuesday that fourth-quarter profit declined 50 percent from the same period a year earlier as a result of the early redemption ,Business
Economy Grows at 3.7 Percent Annual Rate (AP),AP - The economy grew at a 3.7 percent annual rate in the third quarter  #151; a pace slightly better than in the spring but not as strong as many analysts expected. Friday's government report was the last broad snapshot of economic activity before Election Day and provided political ammunition for both sides.,Business
"Dell, Microsoft make a patch pact for servers","The industry heavyweights want to ease a major ""pain point"" for their customers, Dell's CEO says.",Sci/Tech
"Mavs, Nash Doing Fine Without Each Other (AP)","AP - Steve Nash's old spot is the only empty one in the Dallas Mavericks' locker room, a vacancy that's part tribute and part happenstance. Otherwise, there's little evidence that the Mavericks miss the floppy-haired point guard.",Sports
Second-Guessing Actions in Afghanistan,"  Soon after arriving as chairman of the Joint Chiefs of Staff on Oct. 1, 2001, Air Force Gen. Richard B. Myers raised doubts about the war plan -- days from execution -- to topple the Taliban government in Afghanistan. Gen. Tommy R. Franks, then chief of U.S. Central Command, planned a single thrust toward the Afghan capital from the north.",World
"Riot in Salvadoran jail leaves 20 dead, 30 injured","MEXICO CITY, Aug. 18 (Xinhuanet) -- A bloody riot Wednesday in the La Esperanza Jail, in Mariona, in the outskirts of San Salvador, left a toll of at least 20 dead and another 30 injured. ",World
Schiavone rallies to upset Petrova,"The tough Russian women #39;s field suffered its first loss early Wednesday when Italy #39;s Francesca Schiavone came back from a set down to upset eighth-seeded Nadia Petrova 0-6, 6-3, 6-4 in the second round of the US\$2.",Sports
Enter your e-mail:,"PC World #39;s counterpart in Germany, PC Welt, published a short story today detailing how Windows XP computers running Service Pack 2 may be inadvertently sharing files on their hard drive with more people than they might like.",Sci/Tech
Monty leads by two after late charge,"Thousand Oaks, CA (Sports Network) - Colin Montgomerie eagled the 16th and birdied the 17th Saturday en route to a four-under 67 and a two-stroke lead after three rounds of the Target World Challenge.",Sports
BCS: Auburn stuck at 3; Texas closing in on Cal,"com. With less than one week to go until the release of the final BCS standings, USC and Oklahoma are all but assured of going to the Orange Bowl if they both win their final games Saturday ",Sports
"Middle East ; Arafat could have died of poisoning, PLO official","Middle East News, Ramallah, Dec 12 (IANS) A top Palestinian official has said the late Palestinian president Yasser Arafat could have died of poisoning, but there was  quot;no medical or political proof quot;, reports Xinhua.",World
Prosecutors say they expect to charge alleged head of Jemaah &lt;b&gt;...&lt;/b&gt;,"JAKARTA, Indonesia Indonesian prosecutors say they #39;ll file terror-related charges against a cleric accused of heading the group behind the Bali bombings.",World
F-Zero Climax Playtest,"October 21, 2004 - While Nintendo #39;s home consoles tend to see only one (or at most two) versions of the company #39;s most famous franchises, Game Boy Advance is different.",Sci/Tech
EU Not Yet Ready to Lift China Arms Embargo,"The European Union says it is not yet ready to lift a 15-year-old ban on selling arms to China, but is working toward that goal. The arms embargo dominated a one-day EU-China summit in the ",World
Update 1: GE Unit to Buy Ionics for \$1.1 Billion,"A unit of the industrial, financial and media conglomerate General Electric Co. said Wednesday it will buy the water treatment company Ionics Inc.",Business
Study: Musicians Dig the Net,"Musicians believe the internet is an essential tool to help create and market their work, but at the same time more than half of artists say file sharing of unauthorized copies of music should be illegal, according to a new report.",Sci/Tech
Neptune-Class Extrasolar Worlds Found,"While striving to find ever smaller, more rocky worlds, planet hunters have moved from discovering not just Jupiter-class planets outside our solar system. Now astronomers have found two new Neptune-class planets on their road to pinpointing a new Earth-like system.",Sci/Tech
Georgia vs. Auburn: a game with everything,"AUBURN, Ala. - This Georgia-Auburn game has it all: star quarterbacks, stingy defenses, talented running backs and high stakes. It #39;s got No.",Sports
Cycling: Hamilton suspended,Olympic time trial champion Tyler Hamilton is suspended after failing a doping test.,World
Passenger #39;s horror tale illustrates the madness at O #39;Hare,"When you are flying out of Lambert Field, 66-year-old Norma J. Oermann has some simple advice. Avoid Chicago #39;s O #39;Hare airport at all cost.",Business
Nun enjoys prison meals with Martha,"DENVER - The food at the Federal Corrections Camp in Alderson, W.Va., apparently is nothing to write home about - unless one is eating it with Martha Stewart.",Business
Citrix Acquires Net6 For \$50m,"Citrix Systems, Inc. a global leader in access infrastructure solutions has announced that it has signed a definitive agreement to acquire privately held Net6 Inc.",Sci/Tech
Sprewell Suspended,Latrell Sprewell was suspended for one game by the NBA on Tuesday for yelling a sexual vulgarity at a female fan during a game.,Sports
Favre Leads Pack to Victory in 200th Straight Start,"For Brett Favre it was just another day at the office. In celebration of his record 200th straight start at quarterback, Favre threw three touchdown passes to help lead the Packers to a 45-17 win over the St.",Sports
Roma coach Voeller resigns,Rudi Voeller offered to resign as coach of first division club AS Roma after just 26 days in charge following a 3-1 defeat by nine-man Bologna on Saturday.,Sports
Grand Theft Auto ... Stolen!,"First it was Halo 2. Now the newest version of Grand Theft Auto has been leaked to the Internet. Rockstar Games #39; latest entry in its highly successful crime/action series, San Andreas, is scheduled for an ",Sci/Tech
Disney gives first dividend rise for six years,"Walt Disney, the US media and entertainment group, yesterday announced its first dividend increase in six years following sharply improved earnings.",Business
New Microsoft search engine opens war for Internet dominance,"WASHINGTON (US): Microsoft #39;s new search engine launched Thursday opens a new front for the world #39;s biggest software company in a new war -- for control of the Internet, analysts said.",Sci/Tech
Pirates Eliminate Phillies,The Pirates stop a seven-game road losing streak with a 6-1 win over Philadelphia that eliminates the Phillies from playoff contention.,Sports
(17) Utah 23 Arizona 6,"TUCSON, Ariz. Alex Smith passed for two scores 17th-ranked Utah held Arizona without a touchdown in a 23-to-6 victory. The 2-and-0 Utes protected their highest poll position since they finished the 1993 season ranked eighth.",Sports
North Korea Demands Change in US Policy,North Korea said today it could resume six-nation talks on its nuclear weapons programmes if the US agrees to change its policy toward the communist state.,World
Baseball in Bonds quandary,The player swinging for the most storied record in baseball is being linked more than ever to what could be the sport #39;s biggest scandal since the Chicago White Sox threw the 1919 World Series.,Sports
Peirsol's Medal Restored,American Aaron Peirsol reclaims the gold medal Thursday night in the 200-meter backstroke after his disqualification was reversed.,Sports
Baseball Today (AP),AP - Houston at St. Louis (8:19 p.m. EDT). Game 7 of the NL championship series.,Sports
Tiger pushes Ernie into third,"Although he was well-beaten by Retief Goosen in Sunday #39;s final round of The Tour Championship in Atlanta, there has been some compensation for the former world number one, Tiger Woods.",Sports
NASA reveiws mixup that doomed capsule,"Five years ago, after two NASA missions to Mars were doomed by elementary mistakes -- a software glitch and a mix-up between English and metric units -- the space agency devised more elaborate ",Sci/Tech
Islamist group claims resort blasts,"A CAR bomb that ripped through a hotel on the Red Sea coast of Egypt #39;s Sinai desert early today was one of three explosions targeting tourists, killing at least 35 people dead and wounding scores more.",World
Madrid #39;s Olympic bid wins Real support for 2012 Summer Games,Madrid has enlisted the support of Real Madrid in an attempt to boost its hopes of staging the 2012 Olympic Games. Madrid #39;s mayor Alberto Ruiz Gallardon described the famous soccer team as  quot;the ,Sports
Rooney shirts go to war children,Everton shirts sporting the name of Wayne Rooney could soon be seen on the streets of Liberia. The club decided to give the kit away after the 18-year-old England striker #39;s transfer to Manchester United.,Sports
Update 1: Morgan Stanley and Bear Stearns crashed finance sector,"Morgan Stanley, the second-biggest US securities firm, on Wednesday reported lower-than-expected third-quarter profit on lower fees from trading stocks and bonds.",Business
This Jersey wears on star,"Jason Kidd performed a few of the old dance steps last night at the Meadowlands, but his new partners kept stepping on his feet, and on their own toes.",Sports
FCC approves broadband over power line rules,The US Federal Communications Commission (FCC) has cleared the way for power companies to roll out broadband over power line service by approving a set of rules designed to limit interference to other radio frequency devices.,Sci/Tech
Monster in the house,"Tanned bodies sway to an intense Latin beat on a sticky night at Pravda 116. Here, the rakish clientele knows its house music almost as well as it knows the new Versace fall line. And tonight it likes what it hears.",Business
Brees Gets Starting Nod for Chargers," SAN DIEGO, Calif. (Sports Network) - San Diego Chargers  quarterback Drew Brees will be under center for this Sunday's  contest versus the Denver Broncos.",Sports
"Former Foes Russia, Turkey Eye Era of Warmer Ties","Russia and Turkey, putting to rest lingering Cold War tensions, said Monday it was time their political ties caught up with their booming economic links.",World
Strontium Drug Reduces Fractures in Elderly Women,"Spinal and non-spinal fractures are reduced by almost a third in women age 80 or older who take a drug called strontium ranelate, European investigators announced ",Sci/Tech
15 U.S. Agencies Told to Share Earth Data (AP),AP - The White House on Wednesday told 15 federal agencies to better share scientific data about the Earth among themselves and with other nations.,Sci/Tech
Bloody day in Baghdad,"Insurgents hammered central Baghdad yesterday with one of their most intense mortar and rocket barrages ever in the heart of the capital, heralding ",World
Rallying against Rivera,"Beating Mariano Rivera once in a season, as the Boston Red Sox did on July 24, is unbelievable. Twice? Almost unthinkable. Yet, it happened again Friday night -- and at Yankee Stadium no less.",Sports
Central bank bumps rate,"The Bank of Canada rate will hit four per cent by late next year, an economist predicts. OTTAWA -- The Bank of Canada raised its key policy interest rate yesterday while hinting that this could be the start of a new upward trend in borrowing costs.",Business
ABC News NBA Today NBA Today,"Dec 6, 2004 - Orlando at Denver (9 pm EST). The Southeast Division-leading Magic try to extend their winning streak to four. Quentin Richardson, Suns, made eight 3-pointers and scored 37 points in Phoenix #39;s 121-99 victory over Portland.",Sports
Microsoft pushes online music entry,"In a bid to dethrone Apple Computer as the king of the online music market, Microsoft formally launched its own service Tuesday. Microsoft #39;s MSN Music service virtually mirrors ",Sci/Tech
Alpharma Sells Generic of Pfizer Drug,"Alpharma Inc. (ALO.N: Quote, Profile, Research) on Friday began selling a cheaper generic version of Pfizer Inc. #39;s (PFE.N: Quote, Profile, Research) epilepsy drug Neurontin ",Business
Kodak wins \$1bn fight over Sun #39;s Java,"Kodak has won a legal battle over Java that could see Sun landed with a \$1bn legal bill. According to ruling made by a court in Rochester, New York, Sun has infringed a patent Kodak bought from Wang Laboratories ",Business
TENTATIVE TOOMER,"Amani Toomer sat on the sidelines a second straight day with a strained hamstring, in jeopardy of missing a game for the first time since his rookie season of 1996.",Sports
Gators Fire Zook,"Two days after one of its most embarrassing losses in recent years, the University of Florida has fired head football coach Ron Zook.",Sports
Cup stars to keep on racing,"Seven of the eight Breeders #39; Cup race winners on Saturday, including Classic hero Ghostzapper, will remain in training next year, their respective trainers said.",Sports
US wholesale prices up sharply in October,"Wholesale prices in the United States jumped 1.7 percent in October as a result of sharply higherenergy and food costs, the Labor Department reported on Tuesday.",Business
"U.S., G7 Allies Agree on Iraq Debt Relief (Reuters)","Reuters - The United States, Germany and other G7\nations agreed on Saturday to write off up to 80 percent of\Iraq's  #36;120 billion foreign debt in a move that could pave the\way for a wider international accord, officials said.",Business
Northeastern Conference,"BEVERLY Coach: Dan Bauer (second year). Last year's record: 4-7. Returning starters (7): Nate Boynton, OT/DT, 6-3, 290, Sr.; Armando Cuko, kicker/punter, 5-11, 180, Sr.; Justin Fisher, OL/DL, 5-9, 230, Sr.; Dan Abate, WR/DB, 5-8, 165, Sr.; Travis Anderson, WR/DB, 5-8, 175, Sr.; Chris Kruczynski, OL/DL, 6-1, 240, Sr.; Jason Comeau, C/DL, 6-0, 215, Sr. Returning lettermen: Nick Abraham, RB/LB, ...",Sports
Report Says That Cats Can Spread Bird Flu (AP),"AP - Cats not only can catch the deadly bird flu but can spread it to other felines, Dutch researchers reported Thursday  #151; raising important questions about the pets' role in outbreaks.",Sci/Tech
"Multiband Wi-Fi Device Manages Voice, Video and Data (Ziff Davis)","Ziff Davis - Symbol's 'access port' will support 802.11a, b and g simultaneously.",Sci/Tech
Photojournalist Eddie Adams Dies at 71,"NEW YORK - Eddie Adams, a photojournalist whose half-century of arresting work was defined by a single frame - a Pulitzer Prize-winning Associated Press photo of a communist guerrilla being executed in a Saigon street during the Vietnam War - died Sunday. He was 71...",World
Beckham: I got booked deliberately,"England #39;s David Beckham, after scoring against Wales. He was later booked, prompting a suspension. Photo: Getty Images. Painkillers dulled the throb of his damaged ribs but a sense of ",Sports
Is there a doctor in the house?,"As bruising and violent as most Sundays are around the NFL, it's hard to top last week's for physical pain.",Sports
Tests Show Soybean Rust Spreading," WASHINGTON (Reuters) - Tests confirmed soybean rust disease  has spread throughout Louisiana and into Mississippi, the U.S.  Agriculture Department said on Tuesday, adding to fears the  fungus could rapidly infect more Southern states.",Business
Israel Turns Up Heat on Palestinian Hunger Strike (Reuters),"Reuters - Israel declared psychological war on\hunger-striking Palestinian prisoners on Monday, saying it\would barbecue meat outside their cells to try to break their\will.",World
Time to cool your Jets,"SAN DIEGO - Okay, Jets fans. I know you #39;re excited about the team #39;s 2-0 start - the best ever under Herman Edwards. I know you #39;re ready to start booking reservations for the Super Bowl.",Sports
National Cyber Security Alliance Names October as National Cyber &lt;b&gt;...&lt;/b&gt;,"The National Cyber Security Alliance (NCSA), a not-for-profit, public-private partnership focused on driving awareness and promoting education of cyber security within home user, small business, and education audiences, today announced October as National ",Sci/Tech
Will historic flight launch space tourism?,"MOJAVE, Calif.--As the sun cracked the ragged horizon of the Mojave Desert on Wednesday, the White Knight aircraft taxied onto the runway looking like a gigantic model glider with an oversize torpedo latched to its belly.",Sci/Tech
Schwarzenegger Vetoes E-Mail Monitoring Disclosure (Reuters),Reuters - California Gov. Arnold\Schwarzenegger vetoed on Wednesday a bill that would have\required the state's employers to give workers written\notification if e-mail and other Internet activity is being\monitored at work.,Sci/Tech
BorgWarner Makes \$759 Million Takeover Offer for Beru (Update5),"BorgWarner Inc., the biggest US maker of automatic-transmission parts for cars, said it plans to take over Beru AG, valuing the German maker of diesel-engine starting systems at \$795 million.",Business
Sony launches portable games pad,"Sony has launched its first handheld games console, the PlayStation Portable (PSP), which it hopes will challenge Nintendo in the portable games market.",Sci/Tech
Harmony loses latest round in hostile takeover bid,JOHANNESBURG (AFP) - South African mining group Harmony has lost the latest round in a hostile takeover of rival Gold Fields when a court rejected an urgent attempt to appeal against a ruling frustrating its bid to create the world #39;s largest gold producer ,Business
Astros Pick Munro to Pitch Game 6 of N.L.C.S.,"Roger Clemens can relax. For now, Pete Munro is the Houston Astros' pick to pitch them into the World Series.",Sports
S African TV in beheading blunder,Public broadcaster SABC apologises after news bulletin shows footage of American beheaded in Iraq.,World
Memphis police ask questions,A report on the Memphis Commercial Appeal's website yesterday said Memphis police were investigating every angle of a reported burglary at the apartment of players on John Calipari's basketball team.,Sports
Barca extend Spanish lead,Barcelona held off a spirited comeback by newcomers Getafe to claim a nervous 2-1 win and cement their hold on the leadership of the Primera Liga on Saturday.,Sports
Globus Toolkit Creators Form Grid Software Company (TechWeb),"TechWeb - The creators of the Globus Toolkit, an open source grid infrastructure software, have formed a new company, Univa, to provide commercial software, services and support for Globus software.",Sci/Tech
Stock Futures Rise After GDP Data," NEW YORK (Reuters) - U.S. stock futures rose on Tuesday,  pointing to a flat market open, after preliminary third-quarter  gross domestic product data showed higher-than-expected growth.",Business
Indian bandit 'killed by police',"Indian police say they have shot dead one of the country's most wanted men, the bandit Veerappan.",World
U.S. Officials Differ on Iraqi Elections (AP),"AP - Top U.S. officials differed Friday over key details of planned Iraqi elections in January, including the unresolved issue of whether all Iraqis will be able to vote and who will protect them from their country's worsening violence.",World
Indonesians set to go to polls,"The bombing of the Australian embassy in Jakarta has elevated terrorism, as an election issue, from a shade above nowhere to a point just visible on Indonesia #39;s political horizon.",World
Cherry Readies Linux Keyboard,\$50 device will feature hot keys designed for the alternative operating system.,Sci/Tech
Canadian poolcrasher prompts tighter security,"ATHENS - Olympic organizers have increased security inside all sports venues today after a Canadian, whose body was emblazoned with the name of an Internet casino, climbed out of the stands and jumped off one of the boards into the pool. ",Sports
"Vendors Address Productivity, Convergence at Wireless Expo",SAN FRANCISCOThe tension between enterprise and consumer segments of the wireless market was evident at Monday #39;s keynote addresses here at the CTIA Wireless conference and expo.,Sci/Tech
DreamWorks Animation hits Street running,"Impeccably timed to take full advantage of the success of  quot;Shark Tale, quot; the initial public offering of DreamWorks Animation SKG went off swimmingly Thursday, floating 38 higher in its first day of trading.",Business
Birminghams Gronkjaer going to Spain,"MADRID: Atletico Madrid is close to signing Denmark #39;s Jesper Gronkjaer (pic) from Birmingham City, the Spanish club #39;s president said on Wednesday.",Sports
Jets able to contain Rudi,Rudi Johnson knew he was going to be a marked man before the season began. He found out how much so Sunday in the Bengals 31-24 loss to the New York Jets at the Meadowlands.,Sports
Lazard go-ahead has sting in tail,"MICHEL David-Weill, the septuagenarian chairman of investment bank Lazard, has finally given his consent to a 1.7bn Wall Street float that would end more than 150 years of private ownership for the venerable City firm.",Business
Oil Firms After Touching Four-Month Low," NEW YORK (Reuters) - Oil prices firmed after touching a  four-month low on Wednesday, as a government report showing  that U.S. supplies of heating oil rose only slightly last week  kept dealers on edge ahead of Friday's OPEC meeting.",Business
Ford settles lawsuit over Goldman IPO shares,"Ford Motor has agreed to settle a lawsuit that accused its chief executive of improperly accepting shares in the initial public offering of Goldman Sachs, which agreed to pay \$13.",Business
Samsung to Launch Phone with Mini Hard Drive (Reuters),"Reuters - Samsung Electronics Co. Ltd., the world's\third-largest handset maker, said on Tuesday it was launching\the first mobile phone with a stamp-sized hard disc drive this\month that would expand the memory capacity by 15 times.",Sci/Tech
Angels climb into tie for first,"Vladimir Guerrero says he #39;s not trying to win a MVP award, that he #39;s merely trying to drive the Angels to the postseason. But it #39;s uncanny how in striving for one goal, sometimes another appears on the horizon.",Sports
The Broad Reach of Satellite Radio,"Bob Edwards, formerly of National Public Radio, is set to start broadcasting over satellite radio, which came broadly available in the United States just three years ago.",Sci/Tech
Patient dies as mechanical heart fails,"A man who lived for 147 days on a mechanical heart made by Danvers-based Abiomed Inc. died because of complications related to the device, officials said yesterday.",Business
UPDATE 1-Lowly Reggina hand Juventus first defeat,"Serie A leaders Juventus suffered their first loss of the season with a shock 2-1 defeat at lowly Reggina on Saturday. The result gives second-placed AC Milan, who host AS Roma on ",Sports
Officials say Linux not a price ploy in Microsoft deal,Local government in UK says it didn't use the open-source OS as a bargaining chip; Microsoft was simply best option.,Sci/Tech
Poison pill for News,NEWS Corporation yesterday invoked a poison pill defence mechanism in an effort to stymie any hostile ambitions that John Malone might have for the company.,Business
Sale of IBM unit doesn #39;t mean ThinkPads will cease to exist,"This week, IBM said it is selling off most of its PC division to Lenovo, China #39;s No. 1 PC maker. The news is likely to rattle IBM customers - but it may end up benefiting them long term.",Business
Sinister quake hazard may lurk beneath Mount Tam,"A particularly sinister form of fault may lie beneath Marin County and could trigger an earthquake of up to 6.5 magnitude, perhaps during this century, scientists plan to report at the American Geophysical Union conference Thursday.",Sci/Tech
"Successful fund shifts strategy, targets losses","Near the end of a very good year for his mutual funds, Ron Baron is talking about cutting his losers.",Business
"Not just bigger, it #39;s the best","When it was revealed developer Rockstar Games #39; Grand Theft Auto: San Andreas would be three times larger than the previously epic GTA: Vice City, I cringed.",Sci/Tech
S.Korea Probes DMZ But Some Doubt Defector Fled," SEOUL (Reuters) - South Korea conducted a follow-up  investigation Wednesday into holes cut in fences in the  Demilitarised Zone border, but diplomatic sources questioned  whether a civilian defected to the North as Seoul has said.",World
Chechen bombers slip the net,TWO Chechen women suspected of blowing up two Russian passenger planes last month were detained but freed -- and then went on to bribe their way aboard.,World
"Bye-bye, blueprint: 3D modeling catches on","Three-dimensional technology is changing the way buildings are designed and built--but the industry will have to change, too.",Sci/Tech
Iran Converts Uranium in Defiance of UN," By Francois Murphy VIENNA (Reuters) - Iran defied the  United Nations on Tuesday by announcing it has begun converting  a large amount of raw uranium to prepare it for enrichment, a  process that can be used to develop atomic bombs.",World
Stocks Flat as Oil Retreats from Record," NEW YORK (Reuters) - U.S. stocks finished Monday  little  changed as crude oil slipped from another record high,  offsetting caution before the U.S. presidential election and  the dollar's broad-based slide.",Business
Gadget Turns Plants Into Speakers,"The therapeutic power of flowers takes on new meaning with a Japanese gadget that turns plants into audio speakers, making the petals and leaves tremble with good vibrations.",Sci/Tech
Oil Scales New High as Norway Strike Hits,&lt;p&gt;\&lt;/p&gt;&lt;p&gt;   LONDON (Reuters) - Oil scaled a new high above \$55 a barrel\Monday as a threat by Norwegian ship owners to halt production\from the world's third biggest exporter stoked fears of a\winter supply crunch.&lt;/p&gt;,Business
"Fraud, Feds top concerns as CSOs meet in New York","NEW YORK - The explosive growth in online fraud and the impact of tough new federal regulations were on the minds of information security executives who gathered in New York Tuesday for the second annual CSO Interchange, a gathering of chief security officers (CSOs).",Sci/Tech
Wal-Mart Launches Rare Newspaper Advertising Blitz,"Wal-Mart Stores Inc., hurt by sluggish sales over the Thanksgiving holiday weekend, on Friday launched a rare advertising blitz in newspapers around the United States focusing on its price cuts.",Business
Electronic Arts and the mighty dollar,"Behemoth publisher EA seems to be a bit hard on its employees, reslting in law suits. But employee abuse and poor working conditions isn't as simple to solve as it might seem. And EA is the catalyst for a potential revolution",Sci/Tech
Church call over Salvador murder,Church leaders in El Salvador call for the 1980 murder case of Archbishop Romero to be re-opened. ,World
14 Deaths Blamed on Hurricane Frances,"TAMPA, Fla. - Frances wound up a two-prong assault on Florida that pounded both the central part of the state and the Panhandle, leaving storm-weary residents Tuesday with flooding, frayed nerves and shortages of everyday items such as gas, ice and water...",World
Nets sign Lawrence Frank to 4-year contract extension,"A day after signing his first long-term contract as an NBA head coach, Lawrence Frank wasn #39;t in a mood to celebrate. Between the joy of extending his childhood dream and the news conference to announce it ",Sports
New Program Encourages Kids to Run Marathons,By NATALIE GOTT    AUSTIN (AP) -- Ask 7-year-old John Simmons if he can run a marathon and he shyly laughs. But ask him if he can run 26.2 miles over several months and he nods yes...,Sci/Tech
Sudan ready to sign peace deal with south: Beshir (AFP),AFP - Sudanese President Omar al-Beshir said he was ready to sign a peace deal with southern rebels and that he did not want to govern the country alone.,World
Domain Popularity By Alan Webb,"Domain Popularity By Alan Webb\\This article was contributed by Alan Webb from ABAKUS Internet Marketing, a long time friend of mine in this industry with a unique grasp of the International Search Marketing Industry. A buzz phrase for some time now in SEO circles has been 'Link Popularity'. Rightly so ...",Sci/Tech
US embassy in Malaysia in 'anthrax scare' (AFP),AFP - Malaysian emergency services rushed to the tightly-guarded US embassy in Kuala Lumpur after a powder which police said could be anthrax was found in a letter.,World
NASD may act against KeyCorp unit,"KeyCorp said on Friday the NASD has preliminarily decided to recommend disciplinary action against McDonald Investments, accusing the bank #39;s brokerage unit of allowing improper mutual fund trading.",Business
Veteran right-hander might be used in closer role,The Chicago Cubs exercised the option of pitcher Ryan Dempster for the 2005 season and could look at the right-hander as a possible closer.,Sports
"Venus, Jupiter, moon to join forces to form lovely triangle","For several months now, South Floridian early birds have been treated to a lovely sight above the eastern morning horizon before sunrise.",Sci/Tech
"Before the Bell: Merck Fall, Sears Up"," NEW YORK (Reuters) - Shares of Merck   Co. &lt;A HREF=""http://www.investor.reuters.com/FullQuote.aspx?ticker=MRK.N target=/stocks/quickinfo/fullquote""&gt;MRK.N&lt;/A&gt; fell  about 3 percent before the bell on Tuesday after the drug maker  said federal authorities are investigating circumstances  surrounding its withdrawal of pain-relief medicine Vioxx.",Business
UK appeals for Bigley #39;s remains,Britain #39;s ambassador to Iraq has appealed for information that would lead to the recovery of the remains of former hostage Ken Bigley.,World
UEFA Cup: Boro almost there!,Bolo Zenden all but secured Boro #39;s passage through to the knockout stage of the UEFA Cup. A goal in each half made sure that the points remained on Teesside in a 2-0 win over the Italian side Lazio.,Sports
Saving by Spending: Do UPromise?,"It's strange but true -- the more you spend, the more you'll save for school.",Business
Tackling The Pros: Play Hardball,You don #39;t have to hit Major League Baseball or its Players Association over the head with a bat for them to take baseball #39;s drug problems seriously.,Sports
Sharon to fight back for Gaza pullout plan after being forced into &lt;b&gt;...&lt;/b&gt;,Israeli Prime Minister Ariel Sharon #39;s bumpy road of his disengagement plan has restarted with a somewhat surprise defeat in the opening of the Knesset #39;s winter session.,World
Crew remain on top of things,The Columbus Crew extended their unbeaten streak to an MLS record 14 games in a season with a 1-0 win over visiting D.C. United last night. First-place Columbus (11-5-10) clinched at least a second-place finish in the Eastern Conference and maintained its four-point lead over the MetroStars.,Sports
"Typhoon Kills 55 in Japan, Deadliest in a Decade"," TOKYO (Reuters) - Japan's deadliest typhoon in more than a  decade killed at least 55 people, officials said on Thursday as  rescuers searched frantically for 33 still missing in floods  and landslides.",World
CBS News on defensive as fresh revelations emerge on Bush report (AFP),AFP - The CBS television network was forced onto the defensive again as fresh revelations emerged concerning a critical report it broadcast on President George W. Bush's National Guard service in the 1970s.,World
Japan televises appeal for hostage #39;s release,"Japan #39;s Foreign Minister Nobutaka Machimura has urged Islamic militants in Iraq to release a Japanese hostage, in an interview with the Arabic satellite network Al-Jazeera.",World
"Nintendo reacts to DS demand as orders, share price rise",Company ramps up to increase production as demand for new handheld exceeds expectations.,Sci/Tech
Nortel wins Indian wireless contract,Nortel scores its first major wireless deal with an Indian service provider.,Sci/Tech
"Netflix, TiVo Aim to Offer Online Service",Home entertainment trendsetters Netflix Inc. and TiVo Inc. hope to link up on a service that will use high-speed Internet connections to pipe DVD-quality movies into the homes of their mutual subscribers.,Sci/Tech
New Stealth Spy Satellite Debated on Hill,The highly classified program has provoked opposition from lawmakers questioning its necessity and rapidly escalating price.,Sci/Tech
Egypt firm to invest 250 mln dlrs in Bangladesh mobile phone market (AFP),AFP - Egyptian telecom company Orascom has taken over Bangladesh's Sheba Telecom and plans to invest 250 million dollars to boost coverage and create nearly four million new subscribers.,Sci/Tech
China and Asia should brace themselves for US trade friction: economist (AFP),"AFP - China and other Asian economies should brace themselves for possible severe trade friction with the United States due to large American trade deficits, a top US economist says.",Business
Bush and Kerry Clash Over Iraq and a Timetable,"Senator John Kerry said he wanted troops home within four years, and President Bush defended the war as ""right for America.""",World
"Arafat #39;s funeral today, world leaders arrive in Cairo to pay last &lt;b&gt;...&lt;/b&gt;","Leaders from various parts of the world have started arriving in the Egyptian capital Cairo to pay their last respects to the late Palestinian leader Yasser Arafat, who died on Thursday morning.",World
The Crash After the Sugar High,"Imperial Sugar appears to be a lot sweeter than it was a year ago, but challenges remain.",Business
Southern California steps it up,"No. 1-ranked Southern California can #39;t claim perfection yet, needing to win two more games to finish 13-0 and as national champion.",Sports
"Plants Perform ""Green Clean"" of Toxic Sites","Many plants can naturally clean chemically contaminated soil and groundwater. Researchers are now helping them do a quicker, better job of rehabbing polluted sites.",Sci/Tech
Calpers to begin search for new President,"NEW YORK, December 3 (newratings.com) - The Board members of the Californian state pension fund, Calpers (California Public Employees Retirement System), are scheduled to begin the process of selecting a new President today, after Sean Harrigan was ",Business
France hopes for hostage release,"France has said it is confident that two journalists held hostage in Iraq will be released, despite continuing uncertainty about their fate.",World
"Millwall, Ferencvaros fans clash",BUDAPEST -- One man was stabbed in violence before the UEFA Cup tie between Hungarian champions Ferencvaros and English side Millwall on Thursday.,Sports
Microsoft To Release New Windows OS In 2006,"Microsoft will broadly release its long-awaited new Windows operating system code-named  quot;Longhorn quot; in 2006, according to a company statement.",Sci/Tech
Yasser Arafat #39;s unrelenting journey,The world watches the unfolding drama as the man who has become the symbol for Palestinian nationalism seems to hover between life and death.,World
Division series notebook: Sheffield admits to steroid use,"Plenty of eyebrows were raised yesterday when it was learned Yankees MVP-candidate Gary Sheffield had essentially tossed himself, as well as home run king Barry Bonds, under the ",Sports
Water of life and other scientific highlights of 2004,"The scientific Breakthrough of the Year awards are less glitzy than the Oscars, but the discoveries they honour are as spirit-stirring as anything to come out of Hollywood.",Sci/Tech
First Look: Cobra's Imperfect Portable Automobile GPS,"New NavOne offers handy PDA and Pocket PC connectivity, but fails to impress on everything else.",Sci/Tech
Microsoft Doubles Blocking Time For SP2,"Microsoft has doubled the time that businesses can block Windows XP SP2 from downloading automatically, giving them until mid-April to test the update.",Sci/Tech
"Senegal's Wade, AU's Konare in Abuja for talks on Ivory Coast crisis (AFP)","AFP - Senegalese President Abdoulaye Wade and the head of the African Union Commission, Alpha Oumar Konare, arrived in the Nigerian capital for talks on the recent violence in Ivory Coast, according to airport officials.",World
Big brother was Brett's inspiration,"They are young and strong and vibrant, their hair blowing in the wind, their smiles incandescent, their eyes awash with confidence in their own specialness. We call them larger than life. We call them immortal.",Sports
"Tendulkar bats, but hopes look slim","Sachin Tendulkar, left, has a friendly chat with Shane Warne during yesterday #39;s practice session at Mumbai #39;s Brabourne Stadium.",Sports
Bidders line up for Abbey life funds,"Spain #39;s Santander Central Hispano plans to raise an initial 1 billion pounds from the sale of closed-life books owned by Abbey National, the Sunday Times says.",Business
MLB: Schilling cleared for Game 6,"A test of his sore right ankle finds him ready to go, if Red Sox can win Game 5 today. BOSTON - Boston ace Curt Schilling was cleared to pitch a possible Game 6 of the AL Championship Series against the Yankees ",Sports
Microsoft and Sun #39;s difficult dance,"com December 2, 2004, 12:29 PM PT. This priority jumped up two spots into second place as CRM returns into the spotlight among top software initiatives alongside directory services and open source.",Sci/Tech
Iraq in desperate need for international help: PM,Iraqi Prime Minister Iyad Allawi said here Friday that success of democracy in his country requires timely assistance from the outside.,World
Computer-scouring software rivals Google tool,"The Redmond, Washington-based software allows the user to quickly locate files on personal computers -- just like Google #39;s two-month-old rival product.",Sci/Tech
Two U.S. Soldiers Killed by Baghdad Car Bomb," BAGHDAD (Reuters) - A car bomb killed two American soldiers  and wounded eight when it exploded in Baghdad on Saturday, the  U.S. military said in a statement.",World
"Human Gene Total Falls Below 25,000",A new and perhaps final report from the international consortium of laboratories that decoded the human genome has revised the estimated number of human genes sharply downward.,Sci/Tech
Study: Compact Disc Rocks On,"LONDON -- The compact disc has at least another five years as the most popular music format before online downloads chip away at its dominance, a new study said on Tuesday.",Sci/Tech
Hilton hotels in Indonesia hunker down after threat,Hilton hotels in Indonesia ratcheted up security on Thursday but said they were seeing few cancellations amid warnings from Western governments that one of their chain could be attacked by militants.,World
Magna Int'l Names Mark Hogan as President," TORONTO (Reuters) - Canada's Magna International &lt;A HREF=""http://www.investor.reuters.com/FullQuote.aspx?ticker=MGa.TO target=/stocks/quickinfo/fullquote""&gt;MGa.TO&lt;/A&gt;,  the world's seventh-largest auto-parts supplier, named Mark  Hogan as its president on Friday and said he will be based in  Detroit.",Business
IBM Reassures Workers After Milestone China Deal,"During an IBM employee meeting here Wednesday, a worker got up and asked a question that perhaps only 10 years ago would have been unthinkable: If he wanted ",Business
More uses planned for the  quot;Cell quot; processor,We recently reported on Cell processor details that were unveiled to the public. This time around Sony and partners IBM and Toshiba made clear in a joint statement ,Sci/Tech
NL Wrap: Bonds Denied Home-Run Milestone in Giants Win (Reuters),"Reuters - Barry Bonds failed to collect a hit in\his bid to join the 700-homer club, but he did score a run to\help the San Francisco Giants edge the host Milwaukee Brewers\3-2 in National League action on Tuesday.",Sports
Google Phishing Holes Found (NewsFactor),"NewsFactor - Two Google site vulnerabilities that could be used to mount phishing attacks have been reported, says the Internet search giant. It already has fixed one, and expects to patch the second shortly.",Sci/Tech
Israeli Armored Vehicles Mass in Gaza: Witnesses," GAZA (Reuters) - Israeli armored vehicles backed by  helicopters rolled into Palestinian-controlled areas of the  northern Gaza Strip early on Wednesday, Palestinian witnesses  said.",World
Salvation Army donations are down,"Charles Burnett was ringing a bell in front of the Wal-Mart in Fairmount. It was Burnetts first day, but the Salvation Army has stationed volunteers by red kettles for more than a hundred years.",Business
Cheney: Iraq Could Have Been Arms Source (AP),"AP - Vice President Dick Cheney, who acknowledged last week that Iraq had produced no weapons of mass destruction after 1991, said Tuesday that under Saddam Hussein the country likely could have served as a source of weapons for terrorists.",World
Equipment Donated to Convention Is Passed to Schools,Telephones and computers that were donated for use at the Republican National Convention will now be used to improve security and enhance New York City public schools.,Sci/Tech
Top Shiite cleric insists vote be held on time even if America &lt;b&gt;...&lt;/b&gt;,"US warplanes blasted insurgent positions in Sadr City, and American ground troops pushed into the sprawling Baghdad slum Thursday in a ",World
FDA warns on drugs from Canada,"The US government said yesterday that intercepted drugs purportedly sent from Canada, made and shipped elsewhere, had been subject to Canadian recall and had cheaper generic counterparts in the United States.",Business
Google Slashes IPO Price Range," NEW YORK (Reuters) - Google Inc., the world's most popular  Web search engine, on Wednesday slashed the price range on its  eagerly awaited initial public offering (IPO) to between \$85  and \$95 per share from between \$108 and \$135 per share.",Business
"Peru Coca Farmers Break Into Power Plant, Two Dead"," LIMA, Peru (Reuters) - Hundreds of farmers seized a  hydroelectric plant in southern Peru on Tuesday to protest  government coca eradication efforts after a clash with police  in which two people died and 10 were hurt, officials said.",World
Japanese Bonds Fall as US Sales Figures Cool Export Concern,"Japanese 10-year bonds fell after a US report showed retail sales rose more than economists expected last month, damping concern demand for Japan #39;s goods will slow.",Business
FA charges Keegan over referee insults,Kevin Keegan has been charged with verbally abusing a match official following Manchester City #39;s 4-3 defeat by Newcastle United.,Sports
Sharman begins defense in Kazaa case,"Sharman Networks, the company behind the Kazaa peer-to-peer file sharing software, began its defence in a Sydney court room on Tuesday against charges by members of the music industry that the company aided music piracy and copyright infringement.",Sci/Tech
FDA questions Ill. plan to buy drugs from UK ,"WASHINGTON -- The Illinois governor's ambitious plan to help that state's residents buy prescription drugs from Britain also may permit drug imports from Europe's developing nations, the Food and Drug Administration fears.",Business
News Analysis: Global vote of confidence for euro,"FRANKFURT When they introduced the euro in 1999, the European countries that gave up their own money knew they wanted a strong, stable currency that would command their citizens #39; confidence and ease the conditions for cross-border commerce.",Business
Chua: Three free from bird flu,KUALA LUMPUR: The three people warded at the Kota Baru Hospital on Thursday are confirmed to be free from bird flu. Health Minister Datuk Dr Chua Soi Lek said tests conducted by Institute of Medical Research ,World
Vice chairman wants Wenger to stay for life,Arsenal vice-chairman David Dein revealed he hoped Arsene Wenger would stay at the club for life after the manager agreed to extend his stay at Highbury.,Sports
"Thai Govt.: Myanmar PM Ousted, Under House Arrest"," BANGKOK (Reuters) - Myanmar's prime minister has been  ousted and put under house arrest after a lengthy power  struggle in which hard-liners in the military government appear  to have come out on top, Thai officials and diplomats said on  Tuesday.",World
"Singapore Shares End Flat, But Chinese Stocks Volatile","SINGAPORE (Dow Jones)--Singapore shares ended flat Monday, although many Chinese stocks fell on renewed fears about corporate governance sparked by a newspaper report containing unconfirmed allegations about a businessman linked to Singapore-listed United ",Business
Ex-Rite Aid officer gets 10-year jail term,"HARRISBURG, Penn. - A former Rite Aid Corp. vice chairman was sentenced on Thursday to 10 years in prison for his part in an accounting scandal that brought the US drug store chain near bankruptcy.",Business
Israel Plans Large-Scale Gaza Operation,"Israel #39;s defense minister decided Thursday to launch a large-scale military operation in the Gaza Strip to stop Palestinian rocket fire on Israeli border towns, an Israeli radio station reported.",World
Can El Duque stop the bleeding?,"Once comfortable leaders in the AL East, the New York Yankees suddenly find themselves in a potentially disastrous tailspin. Theyll ask unbeaten Orlando Hernandez to help them recover from the worst loss ",Sports
Dollar Slumps on Regional Factory Data," NEW YORK (Reuters) - The dollar sagged on Thursday,  pressured by a sharply weaker-than-expected U.S. regional  manufacturing survey, but the currency remained rangebound as  dealers awaited comments on U.S. inflation due next week from  the Federal Reserve.",Business
Oil: Reason Behind Coup Bid,"THE men exposed as plotting a coup in Equatorial Guinea are the scum of the earth. Next time someone demands that the West should  quot;take over and sort out Africa quot;, remember this scandal and the real face of Western intervention it reveals.",World
TiVo Users to Still See Many Ads (Reuters),"Reuters - TiVo Inc., maker of digital\television video recorders, will next year add ways for viewers\to see advertising and corporate logos even as they try to skip\commercials, the company said on Wednesday.",Sci/Tech
"No. 16 Iowa 17, Iowa St. 10","Ed Hinkel made a diving, fingertip catch for a key touchdown and No. 16 Iowa stiffened on defense when it needed to most to beat Iowa State 17-10 Saturday.",Sports
Samsung SDI develops world's first '3D' mobile display (AFP),"AFP - South Korea's Samsung SDI Co., the world's leading display maker, said that it has developed the first all-angle three-dimensional (3D) display panels for mobile phones.",Sci/Tech
Denver loses as gold-mining merger scuttled,Denver lost out on becoming headquarters of the world #39;s seventh-largest gold company Tuesday after shareholders defeated a proposed \$2.9 billion international mining merger between Canada #39;s Iamgold and South Africa-based Gold Fields Ltd.,Business
Red Sox Erase 86 Years of Futility in 4 Games,"The Red Sox, the team that perfected heartbreak, silenced the Cardinals, 3-0, in Game 4 to win their first World Series since 1918.",World
Playing at the Top of Their Games,"Many area executives are advocating competitive sports as a tool for networking, relieving stress, and improving job performance.",Business
Diplomats: Nuke equipment taken,"Missing nuclear-related equipment in Iraq was removed by experts working systematically over an extended period, diplomats said Thursday, contradicting Iraqi officials ",World
"Some won, some lost, but Greece triumphed over all","ATHENS - We owe them an apology, oh yes we do. The Greeks pulled off the Olympic Games after we said they did not have a prayer, and now there #39;s but one way to make it right: The Summer Games belong here ",Sports
Gatwick baggage handlers striking,"Hundreds of baggage handlers at Gatwick airport have started a 24-hour strike as part of a dispute over workloads. The action, involving around 600 Servisair baggage staff, began at 0300 BST on Saturday.",Business
At your service,"Robots are playing a growing role in family life and industry, and winning over skeptics who doubt their ability. GENEVA - The use of robots around the home to mow lawns, vacuum floors, pull guard duty and ",Sci/Tech
Wonder Bread parent files for bankruptcy,The parent company of the downtown Wonder Bread bakery filed for chapter 11 bankruptcy protection Wednesday in an attempt to restructure its struggling operations.,Business
Fraud charges rock CA,"US regulators yesterday levelled fraud charges against three former executives of Computer Associates (CA), including Sanjay Kumar, the US software companys former head.",Business
China: Yuan Speculation 'Groundless' (Reuters),"Reuters - China poured cold water on Tuesday on\speculation it will strengthen the yuan's value soon, saying\such talk is ""groundless"" and that it will not resort to a\one-off revaluation of the tightly held currency.",Business
Aides Say Arafat Has Taken Turn for Worse,"Palestinian leader Yasser Arafat, aboard a French hospital plane enroute from Amman, Jordan, to Paris, France, where he will seek medical treatment, in this picture released by the Palestinian Authority Friday Oct. 29, 2004.",World
Brown Players Relieved After Davis Leaves (AP),"AP - With music blaring in the suddenly upbeat Cleveland locker room, Browns defensive end Kenard Lang and other players called coach Butch Davis' resignation a welcome change.",Sports
Mate grates Earnhardt,"LOUDON, N.H. -- Well before the green flag dropped on yesterday's Sylvania 300, signaling the start of the Chase for the Nextel Cup, Dale Earnhardt Jr. expressed concern about how the other 33 drivers would race the top 10 in contention for the title.",Sports
"Blue Chips Off, S P 500 Up on Oil Retreat"," NEW YORK (Reuters) - The blue-chip Dow slid back into  negative territory on Monday, but the broader Standard   Poor's  500 index rose after a fall in oil prices eased worries about  corporate profits.",Business
4 studios back Toshiba #39;s HD DVD,"TOKYO: Toshiba said on Monday it had won support for the HD DVD optical disc standard from Paramount Pictures, Universal Pictures, Warner Bros.",Sci/Tech
Arafat breaks Ramadan fast,"A weakened Yasser Arafat broke his Ramadan fast at the urging of doctors Tuesday and was undergoing more medical tests, aides said.",World
Conspiracy Theories Persist on Arafat's Death,"The rapid decline of the 75-year-old Palestinian leader's health, the refusal of his wife and authorities at the French military hospital where he died last Thursday to release his medical records and Israel's threat a year ago to ""remove"" him have spawned a cottage industry of speculation among Palestinians.",World
Lycos Europe To Spammers: It #39;s Pay-Back Time,"Lycos Europe NV is offering Internet users a way to stick it to spammers with its new screen-saver software, called  quot;Make Love, Not Spam.",Sci/Tech
Maldives political reforms cosmetic - opposition (Reuters),Reuters - The chief political opponent of Maldives President Maumoon Abdul Gayoom on Friday accused Asia's longest serving ruler of continuing to stifle democracy despite his pledges of reform.,World
"Patil came to see, hear and understand","LEH, NOVEMBER 8: As Union Home Minister Shivraj Patil wound up his three-day visit to JK today, the Hurriyat Conferences moderate faction remained absent from his itinerary.",World
Schroeder  quot;adopts Russian girl quot;,"BERLIN (Reuters) - German Chancellor Gerhard Schroeder and his wife, Doris, have adopted a 3-year-old Russian girl, German newspapers have reported. ",World
US Stocks Gain as Oil Prices Tumble,"US stocks made strong gains in late-day trading on Wednesday, as a tumble in oil prices boosted investor confidence about the economy, but thin volume meant dealers were skeptical about the strength of the rally.",Business
Allenby predicts Masters surge,Defending champion Robert Allenby is confident of quickly bridging the gap between himself and tournament leader Bradley Hughes in today #39;s third round of the Australian Masters at Huntingdale in Melbourne.,Sports
Photo: Company president holds morale meeting,Tim Farrelly held a meeting for his San Francisco staffing company Wednesday to raise morale after John Kerry lost the presidential election.,Sci/Tech
Americans take the lead in the UBS Cup,"Fred Couples and Tom Watson led the comeback, and the American team moved out to a 61/2-51/2 lead over an international team after Saturday #39;s best-ball competition at the \$3 million UBS Cup.",Sports
Kim increases lead at State Farm Classic,"Springfield, Illinois - Christina Kim followed up her career best round with a six-under 66 here on Friday to increase her lead to four strokes in the \$1,2-million (about R8-million) State Farm Classic.",Sports
Dalhousie scientists first to clone insects,"Hoping other scientists might apply their findings to humans, a team of researchers in Halifax has announced they #39;ve become first in the world to successfully clone insects.",Sci/Tech
Lazard IPO filing imminent?,"Bruce Wasserstein, head of Lazard, hopes to gain board approval for his IPO plan for the bank on Tuesday and register the offering with the US regulator as soon as Wednesday, the Financial Times reported Sunday.",Business
I Want My MSFT-TV,"Microsoft (Quote, Chart) showed off its interactive television platform in Amsterdam at IBC2004, an international conference devoted to the broadcasting industry.",Sci/Tech
The winners and losers in the AT amp;T Wireless deal,"The \$41 billion cash purchase of Redmond-based AT amp;T Wireless by Cingular, likely to close this week, means long-term good news for customers, a decidedly mixed picture for shareholders and employees, and big payout to top AT amp;T Wireless executives.",Business
Maxtor ships multimedia-friendly drive,"The new DiamondMax 10 drives are designed to help people run multiple applications, such as games and music, without overwhelming their PC system.",Sci/Tech
Leader of IRA #39;s political wing  quot;regrets quot; 1974 pub bombings,"Leader of Sinn Fein, the political wing of the Irish Republican Army (IRA), said Sunday he  quot;regrets quot; the Birmingham pub bombings which killed 21 people 30 years ago.",World
A burgeoning billionaires #39; club,"There are now 313 US billionaires, the most ever and a huge jump over last year #39;s 262, according to Forbes magazine, which yesterday released its annual ranking of the 400 richest Americans.",Business
Germans grumpy 15 years after wall #39;s fall,"Germans marked a subdued 15th anniversary of the fall of the Berlin Wall on Tuesday, with high unemployment in the formerly communist east and a sense in people #39;s ",World
Conflicting reports over Iraq release,Conflicting accounts about the possible release of Iraqi detainees -- among them the woman known as  quot;Dr. Germ quot; -- were issued by the US and Iraqi governments Wednesday.,World
Europe Sets Deadline for Iran on Weapons,"BERLIN - Europe's major powers have agreed to set a November deadline on Iran to meet demands meant to resolve concerns that it is secretly trying to make nuclear weapons, in a confidential document made available Saturday to The Associated Press.    The draft resolution was prepared by France, Germany and Britain for Monday's start of a key meeting of the International Atomic Energy Agency, the U.N...",World
Undecided Voter? Try This Quiz,"While most voters have chosen their favorite candidate for president, several sites offer online tests for the undecided. In some cases, the results can be quite contradictory. By Joanna Glasner.",Business
Battling biotechs,"Why can't they just get along? David Platt, the scientist and controversy-magnet who runs Pro Pharmaceuticals Inc. of Newton, doesn't see eye to eye with his old employer, GlycoGenesys Inc. of Boston, on just about any subject. Certainly not chemistry or patents.",Business
Labor Conflict Looms at VW,Carmaker Volkswagen could become the next venue for strikes after personnel chief Peter Hartz called for a two-year wage freeze Monday.,World
Pain of War Draws Bead on New York Region,"Since Nov. 7, 19 servicemen from New York, New Jersey and Connecticut have been killed in Iraq.",World
Job growth continues but unemployment rate remains unchanged,"OTTAWA - The economy created another 34,300 jobs in October but the unemployment rate remained at 7.1 per cent as more people entered the labour force, Statistics Canada said Friday.",Business
Update 3: Treasury Bond Prices Fall at Midday,"The price of the Treasury #39;s 10-year note was down 1/2 point, or \$5 per \$1,000 in face value, while its yield rose to 4.18 percent from 4.12 percent late Thursday.",Business
BlackBerry 7100t and SureType,The smart phone market will grow more crowded Wednesday with the debut of two devices directed at opposite ends of the customer spectrum: a BlackBerry for consumers with a newfangled keyboard and a Nokia phone-organizer for mobile business professionals.,Sci/Tech
Settlement reached on Sumitomo copper suit,"Japanese conglomerate Sumitomo Corp and UK metals broker Credit Lyonnais Rouse today settled their \$1.1bn (600m) action, drawing a line under a rogue trader scandal that shook the world #39;s biggest metals market in the 1990s.",Business
Mass. girls defend,NORTH ANDOVER -- Massachusetts defended its Hockey Night in Boston Girls Summer Showcase title yesterday with a 9-3 victory over Minnesota in the championship game at Merrimack College.,Sports
Bush Touts Unemployment Rate Drop,President Bush says recent statistics showing a slight drop in the US unemployment rate show America #39;s economy is strong and growing stronger.,Business
Stocks Set for Firmer Open; Retail Eyed,"Stock futures rose sharply on Monday, pointing to a strong open, as investors pinned hopes on a solid start to the holiday shopping season, while the dollar pulled back from record lows and oil eased slightly.",Business
Oil Under \$53 as Fuel Costs Hit Economy," LONDON (Reuters) - Oil prices fell again on Tuesday, easing  U.S. crude below \$53 a barrel, on signs that energy costs are  slowing the economic growth that fueled this year's sharp  increase in world petroleum consumption.",Business
Merrill Exec to Testify in Sex Bias Case, LONDON (Reuters) - A top Merrill Lynch official is due to  testify on Wednesday over a 7.5 million pound (\$13.4 million)  sex discrimination lawsuit brought against the U.S.-based  investment bank by former executive Stephanie Villalba.,Business
"Caterpillar, Union Reach Tentative Pact","Caterpillar Inc. and its largest union, the United Auto Workers, said late on Wednesday they had tentatively agreed on a new six-year labor contract, ending a four-month stalemate.",Business
Ask Jeeves and Lycos Enter the Search Engine Optimization Field,"Ask Jeeves and Lycos Enter the Search Engine Optimization Field\\In a highly surprising move, two well known smaller search engines have entered the organic search engine optimization market!  Ask Jeeves and Lycos are both offering services in a sector has traditionally maintained a symbiotic but arm's-length relationship with search ...",Sci/Tech
Ban hits Half-Life 2 pirates hard,"About 20,000 pirate players of Half-Life 2 have been banned from the game.",World
Stores reconsider sales strategies after sluggish weekend (USATODAY.com),"USATODAY.com - In spite of a burst of Friday spending, the holiday shopping season got off to a sluggish start, forcing retailers to reassess their strategies for luring buyers. Slow sales reported by three retail sales trackers on Tuesday were blamed on higher fuel costs and an overall lack of confidence in the economy.",Business
Celtic move eight points in front,"GLASGOW, Scotland -- Henri Camara scored twice as Celtic beat Dundee 3-0 to move eight points clear of Rangers in the Scottish Premier League.",Sports
"Ramirez, Red Sox Batter White Sox",Manny Ramirez homered and drove in five runs as the Red Sox earned their fifth straight victory.,Sports
Padres Clobber Cardinals 7-3,SAN DIEGO - Ryan Klesko singled in the go-ahead run with none out in the eighth inning and the San Diego Padres beat St. Louis 7-3 Monday night to keep alive their slim playoff hopes and end the Cardinals' nine-game winning streak...,World
High Hog Prices Boost Smithfield Foods,"Smithfield Foods Inc. (SFD), the largest US pork producer, on Tuesday reported quarterly earnings jumped 61 percent on high hog prices, strong pork exports and the acquisition of a pork processor.",Business
A #39;s may be headed for off-season,"And if not, well, there are no water-holding explanations other than the one Monte Poole already provided yesterday, which is that the A #39;s and Boston Red Sox are about as similarly potent as whiskey and milk.",Sports
Stocks Open Slightly Higher as Oil Eases,US stocks showed small gains at the open on Monday as easing oil prices alleviated investors #39; worry about the effect of higher fuel costs on corporations and consumers.,Business
DVD player profits down to \$1,Want to get into the market for DVD players? Intense competition and standardization mean that you might make more as a mime.,Sci/Tech
Oracle signs deal to buy PeopleSoft for \$10.3B,"DECEMBER 13, 2004 (IDG NEWS SERVICE) - Oracle Corp. has signed a definitive agreement to acquire PeopleSoft Inc. for \$26.50 per share, or about \$10.3 billion, the companies said today, ending an acrimonious ",Business
BMW to Launch Its New 3-Series in March (AP),"AP - German automaker BMW will launch a crucial redesign of its mainstay 3-Series in March, the company said Tuesday. The new line is expected to challenge German rival Mercedes and its C-Class cars.",World
"Microsoft Unveils New Communication, Blog Tools (Reuters)","Reuters - Microsoft Corp.  unveiled on\Wednesday a new set of Web-based services allowing users of its\MSN service to publish and track each other's blogs, or online\journals.",Sci/Tech
Australia #39;s Oct. 9 Election Marathon Begins,Australian politicians set off on a marathon campaign Monday for an election that will focus on the way forward for one of the world #39;s strongest economies ,World
Firm Guilty Of Declaring False Shelter,"A federal judge ruled yesterday that Long Term Capital Management, the giant investment fund that nearly imploded in 1998 and received a \$3.",Business
"Amazon 3Q Profit Rises, Misses Estimates","Amazon.com Inc., the online retailing giant, on Thursday reported profits that surpassed year-ago results but came in below analyst expectations.",Business
Knicks Nudge Rockets 93-92 at Buzzer,"New York Knicks #39; Jamal Crawford (11) goes up to shoot the game-winning three-point shot as Houston Rockets #39; Jim Jackson (21) defends during the fourth quarter Thursday, Nov. 18, 2004 in Houston.",Sports
Denmark Hopes to Claim North Pole (AP),AP - Denmark is joining Russia and Canada to see if it can lay a claim to the North Pole  #151; and whatever natural riches may lie beneath it.,Sci/Tech
US jobless claims fall,"New US applications for unemployment benefits dropped last week partly as a result of Hurricane Charley, the Labor Department reported Thursday.",Business
US hostage wife pleads for mercy,"BBC, London, September 19: The wife of an American taken hostage with two others in Baghdad has appealed on television for their release.",World
Google sued by nude photo website,A California-based pornographer says it is suing  Google for providing illegal access to its website.,Sci/Tech
"Typhoon Megi Slams North Japan, Death Toll Hits 13"," TOKYO (Reuters) - Typhoon Megi killed one person as it  slammed ashore in northern Japan on Friday, bringing the death  toll to at least 13 and cutting power to thousands of homes  before heading out into the Pacific.",World
"Mizuho Securities, Japanese farmers #39; bank to boost ties","TOKYO : The brokerage arm of Japan #39;s biggest lender, the Mizuho Financial Group, and Norinchukin Bank, the umbrella bank for farmers #39; cooperatives, are considering expanding their ties, an official said.",Business
"Nets: If a title is in their future, stars don #39;t show it",with physical problems to overcome and no certainty that they can do it -- and the heady optimism has been replaced by a harsh realism.,Sports
Editor's Picks: The Best of our Web Services Coverage,"A guide to Computerworld's recent coverage of Web services and service-oriented architectures, including user applications, security issues and predictions.",Sci/Tech
Japan to maintain troops in Iraq,"Japan has said it will keep its troops in Iraq, despite the beheading of a Japanese hostage by Islamic militants. Officials had earlier confirmed that a body found in Baghdad yesterday was that of Shosei Koda ",World
Down and out,"A GIANT roared, a nation was crushed and debate over the ethics of an ancient game flared at the Gabba yesterday. After a sluggish start to the first Test Australia flexed their ",Sports
Hurricane Frances Inches Toward SE U.S.,"MIAMI - A menacing Hurricane Frances crept closer to the southeastern United States on Wednesday, with forecasters calling Florida - still cleaning up after Charley - a ""prime candidate"" to be hit as early as Friday. It would be the worst double hurricane strike on one state in at least a century...",World
US need not fear India and China: Bill Gates,"BERKELEY: The US has nothing to fear from rapidly growing technology markets in India and China, Bill Gates, chairman and chief software architect of Microsoft said.",Business
"Khokhrapar-Munabao rail link to reopen, no timeframe:","World News: Islamabad, Dec 3 : Pakistan and India agreed Friday to an early resumption of the Khokhrapar-Munabao rail link but failed to agree on a time frame for this, Online news agency reported.",World
Sony to launch its first MP3 hard-disk music player,"Sony is broadening support for the MP3 file format in its portable music player range. It will introduce a new hard disk-based MP3 player in December, and will produce ",Sci/Tech
Embassy bomb chief escaped with bribe #39;,INDONESIAN police have arrested another four men over the September carbombing of the Australian Embassy amid suggestions the bomb mastermind - and most wanted -r ,World
Oil Up as Ivan Threatens Oil Patch, LONDON (Reuters) - World oil prices shot higher on Monday  as companies operating in the U.S. Gulf of Mexico braced for  output disruptions from powerful Hurricane Ivan.,Business
Google news site hit by access problems in China,"An effort by Beijing authorities to bar access to the Chinese Google News website would be a considerable setback for the US internet search company, which is seeking to expand its ",Sci/Tech
Season over for Seattle #39;s Jacobsen,"Seattle, WA (Sports Network) - The Seattle Mariners announced prior to Wednesday #39;s game against Cleveland that first baseman/designated hitter Bucky Jacobsen will undergo surgery next week, ending the rookie #39;s 2004 campaign.",Sports
Cracker Barrel Announces \$8.7M Settlement,"NASHVILLE, Tenn. Sept. 9, 2004 - Cracker Barrel has agreed to an \$8.7 million settlement to resolve lawsuits accusing the restaurant chain of mistreating and segregating black customers and discriminating ",Business
Stern #39;s Move Is a Signal Event,"Though Howard Stern #39;s defection from broadcast to satellite radio is still 16 months off, the industry is already trying to figure out what will fill the crater in ad revenue and listenership that he is expected to leave behind.",Business
Google Tests New Desktop Search App,"OCTOBER 25, 2004 (COMPUTERWORLD) - Google Inc. this month began offering a beta version of a desktop search application that catalogs files, e-mail messages and other information stored on PCs and then enables end users to run searches against the data.",Business
Manchester United Reports Big Drop in Annual Profits,English football (soccer) team Manchester United has reported a nearly 30 percent fall in its annual profits and warned that future results would be affected by a drop in media revenues.,Business
News: Cash Bounties For Spammers Win Limited FTC Backing,"The Federal Trade Commission yesterday gave limited endorsement to offering cash rewards to people who help track down e-mail spammers, suggesting that such\bounties might work but in fewer circumstances than had been pushed by some anti-spam activists.\",Sci/Tech
CEO defends Merck on Vioxx,Merck  amp; Co.'s chairman and chief executive Raymond Gilmartin yesterday defended his firm's handling of earlier health warnings about Vioxx and said he was  quot;stunned quot; when he learned two weeks ago that a Merck clinical trial had confirmed the drug could cause strokes and heart attacks.,Business
Trade war erupts over aero subsidies,WASHINGTON - A decades-long struggle between the world #39;s two largest aircraftmakers escalated into a new trade war between the United States and Europe.,Business
Celtics hold off charging Jazz,BOSTON (Ticker) -- Gary Payton #39;s hot start helped the Boston Celtics rebound from a tough loss. Payton scored 18 of his season-high 27 points in the first half to lead the Celtics to a 114-106 victory over the struggling Utah Jazz.,Sports
Fannie Mae Elects Not to Issue Benchmark Notes(R) in November,"WASHINGTON, Nov. 12 /PRNewswire-FirstCall/ -- Fannie Mae (NYSE:FNM) has elected not to issue Benchmark Notes in November. The company currently intends to issue Benchmark securities in accordance with its ",Business
U.S. Economic Gauge Signals Weakness (Reuters),"Reuters - A key gauge of future economic\activity weakened for a third straight month in August as\costlier oil spread worry among consumers and businesses, a\report from a business research group showed on Thursday .",Business
Putting Nature on the Pill,Wildlife managers are looking to contraception as a way to control nuisance animals.,Sci/Tech
The Marathon Man,"In less than 20 hours, Chile #39;s Nicolas Massu fought his way to gold in men #39;s singles and doubles tennis. Four years ago the 24-year-old Chilean carried his county #39;s flag into the opening ceremonies in Sydney.",Sports
Group to focus on fund management,HONG KONG (CBS.MW) -- London-based financial services group HHG surged Friday after agreeing to sell its life insurance and pensions business to private equity investors for 1.025 billion pounds (\$1.96 billion) in cash.,Business
Koizumi dismisses Chinese leader #39;s criticism of visits to Yasukuni &lt;b&gt;...&lt;/b&gt;,"SANTIAGO -- Prime Minister Junichiro Koizumi on Sunday dismissed Chinese President Hu Jintao #39;s criticism of his controversial visits to Tokyo #39;s Yasukuni Shrine where the war dead, including Class-A war criminals, are enshrined.",World
Darfur rebels put forward peace plan at talks in Nigeria,": Rebel groups proposed a new peace agreement at talks aimed at restoring calm to Sudan #39;s Darfur region, calling for international peacekeepers and full access for aid groups to all of Darfur.",World
Radcliffe  #39;was not injured #39;,"Paula Radcliffe #39;s failure to add the Olympic marathon crown to her collection of achievements was not due to injury, the British team confirmed today.",Sports
UBS in private banking deal,"Baer #39;s North American wealth management business employs 55 people and manages more than \$4 billion in client assets. It is based in Manhattan and has additional offices in Los Angeles, Palm Beach and Montreal.",Business
Two Lebanese Hostages Released in Iraq (AP),"AP - Two Lebanese hostages have been released after more than three weeks in captivity in Iraq, a Lebanese Foreign Ministry official said Wednesday.",World
Maria a smash hit in tennis #39; fishbowl,"It #39;s one thing to win Wimbledon, the biggest trophy in tennis. Quite another to live with it. By Anja Niedringhaus, AP. That is the tricky road of risk ",Sports
" quot;My Body Was Done quot;, Says Retiring Pinsent",Four-time Olympic gold medallist Matthew Pinsent this morning announced his retirement from rowing three months after his final triumph in Athens in the coxless fours.,Sports
Company Settles Charges on Funds Sold to Soldiers,First Command Financial Services agreed to pay \$12 million to settle accusations that it used misleading information to sell mutual funds to military officers.,Business
Big five set their sights on mobile TV,"The world #39;s top five handset vendors, Nokia, Motorola, Siemens, NEC and Sony Erics, have announced a co-operative deal to investigate mobile broadcast services.",Sci/Tech
Injured Federer pulls out of hometown tourney,"Basel, Switzerland (Sports Network) - World No. 1 star Roger Federer was forced to pull out of his hometown Swiss Indoors tennis event after suffering a thigh injury while warming up on Tuesday.",Sports
Losses mourned in an insurgent stronghold ,BAGHDAD -- US and Iraqi forces took control of the central Iraqi city of Samarra yesterday but engaged in sporadic clashes with insurgents who had dispersed into the narrowest of its closely packed streets to continue fighting in small bands.,World
Music Industry Spurned by Court,"WASHINGTON -- The Supreme Court on Tuesday let stand a lower court decision holding that the recording industry can #39;t force internet service providers to turn over the names of users trading music files online, effectively stopping one of the legal ",Sci/Tech
Expos' Former Limited Partners Seek Block (AP),AP - Lawyers for the former limited partners of the Montreal Expos plan to ask a federal judge to block major league baseball from moving the team.,Sports
"No retirement yet for Agassi, says wife Graf","Former world number one Andre Agassi will carry on playing professional tennis for at least another year, says his wife Steffi Graf.",Sports
SBC Offers Wi-Fi Service to DSL Users for \$1.99/mo," WASHINGTON (Reuters) - SBC Communications Inc. &lt;A HREF=""http://www.reuters.co.uk/financeQuoteLookup.jhtml?ticker=SBC.N qtype=sym infotype=info qcat=news""&gt;SBC.N&lt;/A&gt; said  on Monday it would offer access to its network of 3,900 public  Wi-Fi Internet access points to its high-speed Internet  subscribers for \$1.99 per month.",Sci/Tech
"SBC, Microsoft in  #36;400 Million Deal (AP)","AP - SBC Communications Inc., the second-largest local phone company in the United States, said Wednesday it signed a 10-year,  #36;400 million agreement with Microsoft Corp. to provide next-generation television services using Microsoft's TV Internet protocol television edition software platform.",Sci/Tech
Intel Corp. Makes Marketing Push for Centrino Chip (Reuters),"Reuters - Intel Corp.  on Monday\launched a global advertising campaign for its Centrino\notebook computer chips, aiming to boost sales of a brand that\has brought the world's largest chip maker more than  #36;3 billion\in revenue since its start last year.",Sci/Tech
"Urges nations to aid Iraq, promote rights","President Bush stood before an annual gathering of world leaders yesterday and forcefully defended his decision to invade Iraq, urging all ",World
France given rough ride,What seemed an ideal time to be playing France turned out to be exactly that. In fact with a shade more composure in front of goal the Republic of Ireland might even have ,Sports
Copernic desktop search takes aim at Microsoft,The privately held company today released free desktop search software in a move some see as a test of the product's market viability in what is becoming a crowded field.,Sci/Tech
Lycos withdraws vigilante anti-spam screensaver,"Lycos UK has withdrawn its anti-spam screensaver download from its portal following criticism that the vigilante-style programme had been too successful against spammers websites, shutting down a range of sites.",Sci/Tech
Gasol extends Grizzlies contract,"The Spanish player was pivotal for the Grizzlies last year, averaging 17.7 points, 7.7 rebounds and 1.69 blocks per game. The 7-foot Gasol came in an impressive 20th overall in the NBA in field goal percentage, and 18th in blocks.",Sports
Canon Unveils a Cavalcade of Printers,Topping the list of new models is a \$999 color laser multifunction printer.,Sci/Tech
U.S. Makes Spy Images Inside U.S.,"In the name of homeland security, a little known branch of the Defense Department -- the National Geospatial-Intelligence Agency, or America's spy imagery agency -- is keeping a close eye on the United States.",Sci/Tech
Search Engine Marketing For Travel-Related Sites,"Search marketing in the travel industry is brutally competitive, with intense jockeying between travel agencies, affiliates, wholesalers and travel products companies themselves vying for top positioning. What's the most effective approach to search marketing in this cutthroat environment?",Sci/Tech
Kabul tense after truck bombing of US security firm kills seven,"KABUL : A heavy security clampdown was enforced in the Afghan capital after the bombing of a US firm left at least seven dead and 28 wounded, and raised new fears about security just weeks before elections.",World
Top jockey Kieren Fallon arrested,"Champion jockey Kieren Fallon is among 16 people arrested in an investigation into corruption within horse racing, sources said. Two other jockeys and a trainer were also held in the probe into alleged race fixing.",Sports
History on Their Side?,"It is the Yankees, not the ""cursed"" Red Sox, who have a chance for the worst October collapse in history.",Sports
Russia School Standoff Ends With 250 Dead,"BESLAN, Russia - The three-day hostage siege at a school in southern Russia ended in chaos and bloodshed Friday, after witnesses said Chechen militants set off bombs and Russian commandos stormed the building. Hostages fled in terror, many of them children who were half-naked and covered in blood...",World
Dollar Rebounds But Data May Cap Gains," NEW YORK (Reuters) - The dollar rebounded on Monday after a  heavy selloff last week, but analysts were uncertain if the  rally could hold as the drumbeat of expectation began for to  the December U.S. jobs report due Friday.",Business
Karzai pledges to check warlords,"Hamid Karzai formally accepted his election as president of Afghanistan Thursday, a day after a joint UN-Afghan electoral board proclaimed him the victor in the October 9 vote, and said he would not condone the existence of  quot;private militia forces ",World
"Oil, Profit Reports to Weigh on Stocks"," NEW YORK (Reuters) - A new reporting period for company  earnings kicks into gear this week, giving investors a bit of  hard data to chew on, and markets could be volatile if the  price of crude oil stays north of \$50 a barrel.",Business
New Grand Theft Auto Video Game Heads to Xbox," LOS ANGELES (Reuters) - Video game hit ""Grand Theft Auto:  San Andreas"" is coming to the Xbox and personal computer  platforms next June, publisher Take-Two Interactive Software  Inc.&lt;A HREF=""http://www.reuters.co.uk/financeQuoteLookup.jhtml?ticker=TTWO.O qtype=sym infotype=info qcat=news""&gt;TTWO.O&lt;/A&gt; said on Thursday.",Sci/Tech
Reynolds American reports first earnings since merger with B amp;W,"Tobacco company Reynolds American Inc., reporting earnings for the first time since the combination of RJ Reynolds and the US operations of Brown  amp; Williamson Tobacco, posted a third-quarter profit of \$339 million Monday.",Business
"Perfect season over, unbeaten streak still alive for Arsenal","London, England (Sports Network) - For the first time during this young Premiership campaign, Arsenal took the field and did not emerge victorious.",Sports
"Intel, wireless pioneer McCaw team up on WiMax",The chipmaker and Craig McCaw's latest company partner on WiMax--a significant move for the emerging industry.,Sci/Tech
"Novell posts 3rd-quarter profit, revenue rises","Novell Thursday posted a quarterly profit as revenue rose, but the company warned that spending on information technology by companies remained weak.",Sci/Tech
Big Anti-Bush Protests Expected in NYC,"NEW YORK - Demonstrators took to the streets on Sunday to protest President Bush's foreign and domestic policies as Republican delegates gathered to nominate the president for a second term.    A day ahead of the start of the Republican National Convention, up to 250,000 demonstrators were expected to march up Seventh Ave...",World
Fed hikes benchmark rate by a quarter point,"NEW YORK, December 15 (newratings.com) - The US Federal Reserve announced yesterday a widely expected quarter point hike in its overnight lending rate, the fifth hike since June this year.",Business
Apple iTunes Rocks Europe," quot;We #39;re excited to bring the iTunes Music Store to even more music fans across Europe, and with this expansion we now reach customers in almost 70 percent of the global music market, quot; Apple #39;s Vice President of Applications Eddy Cue said.",Sci/Tech
Retail Sales Drop in August,"Shoppers turned tightfisted in August, dropping sales at the nation's retailers by 0.3 percent, providing fresh evidence of an erratic pace of consumer spending in recent months.",Business
Truckers begin All-India strike,"With the All India Motor Transport Congress rejecting the government #39;s last-minute bid for a negotiated settlement, truck owners have gone on an indefinite strike demanding the scrapping of service tax.",Business
Ben Bova: Exciting new era dawns in space flight,"Oct. 4, 2004, on the 47th anniversary of Russia #39;s launch of the first artificial satellite, Sputnik, history was again made in space.",Sci/Tech
Court reverses some Falun Gong convictions,HONG KONG -- A Hong Kong appeals court cleared some convictions yesterday against 16 Falun Gong followers for protesting outside China's liaison office but upheld more serious verdicts in a case seen as a test of this territory's freedoms under Chinese rule.,World
South Africa win Tri-Nations,A SECOND-HALF Springbok blitz gave South Africa their first Tri-Nations rugby title in six years with a win over Australia at Kings Park.,Sports
Former CA chief Sanjay Kumar charged with securities fraud,"Two ex-Computer Associates executives, including former chief executive Sanjay Kumar, have been charged with securities fraud, conspiracy and obstruction of justice relating to their alleged involvement in a multi-billion dollar accountancy scandal.",Business
"Recreational Fishing Puts Bite on US Fish Stocks, Study Says","Researchers behind the study say fishing for fun now makes up almost a quarter of the total take of overfished populations. These include seafood favorites such as red snapper, red drum, and bocacciospecies ",Sci/Tech
Oil Prices Fall to \$45 as Iraq Oil Flows," LONDON (Reuters) - Oil prices fell sharply to \$45 on  Tuesday, extending losses to a third day as a more optimistic  Iraq export picture helped unwind some of the supply worries  that have lifted the market to historic levels.",Business
Inflation inches up in August ,"Consumer prices rose slightly in August, easing fears that inflation, which surged earlier this year, would rapidly pick up steam.",Business
Waiting for relief amid the ruins,"Screaming and pounding her chest, Gerta Stefan pointed to a pool of mud from which protruded a mattress, a bicycle tire, a few bricks and a sheet of corrugated metal.",World
Crude futures bounce around \$46 per barrel range,Crude futures prices traded near two-month lows on Wednesday after the US government reported that commercially available oil supplies increased for the eighth straight week.,Business
Preliminary pact reached on Iran nukes,"TEHRAN, Iran - Iran and European nations reached a preliminary agreement about Iran #39;s nuclear program at talks hoped to avoid a UN showdown, but all countries involved still must approve it, Iran #39;s chief negotiator said Sunday.",World
"Frances blows down Federated sales, profits","Hurricane Frances will hurt sales and profits at Federated Department Stores Inc., the retailer said Tuesday. The Lazarus-Macy #39;s parent estimates it will lose \$20 million in sales, while ",Business
"Shortfall sparks downgrades, overshadows Q4 results",SAN FRANCISCO (CBS.MW) -- Agilent Technologies Inc. saw its shares fall more than 12 percent Friday after the testing and measurement equipment maker disclosed a first-quarter forecast that failed to meet analysts #39; expectations.,Business
Doctors Debate the Safety of Celebrex,"Concerns that Celebrex may increase the risk of heart attack could keep what is still a relatively safe medication away from patients who suffer from arthritis and other painful ailments, some doctors say.",Business
OSDL introduces improved Linux kernel development tool,"Open Source Development Lab has upgraded a key Linux kernel development tool, the Scalable Test Platform, with new features to improve simulations of enterprise data centers on the Linux kernel.",Sci/Tech
"Gap Profit Off, Sees More Store Closings (Reuters)","Reuters - Gap Inc. (GPS.N), the largest U.S.\specialty apparel retailer, on Thursday reported a 7 percent\decline in quarterly profit, meeting lowered forecasts, after\summer clearance sales drew surprisingly small crowds.",Business
Gaza Plan May Bring Palestinian State-Sharon Aide," JERUSALEM (Reuters) - Israeli Prime Minister Ariel Sharon's  chief of staff on Thursday called a Gaza withdrawal plan a  possible step toward a Palestinian state, in a clear sign of  softening following Yasser Arafat's death.",World
'Doom 3' Game Unlikely for Xbox This Year - id CEO (Reuters),"Reuters - The Xbox version of ""Doom 3,"" the\long-awaited PC video game recently released to wide acclaim,\is not likely to be released in 2004 dealing a blow to\enthusiastic game players who are anxiously awaiting it.",Sci/Tech
Warner again underwhelming,"Kurt Warner #39;s woeful performance, combined with the Giants #39; enormous monetary commitment to Eli Manning, made their quintessential quarterback question inevitable in this  #39;What have you done for me today?",Sports
Part of the ECT News Network,"The discovery of a skeleton of a woman barely three feet tall who hunted tiny elephants and huge rats 18,000 years ago could rewrite the story of human evolution, scientists say.",Sci/Tech
Devastating locusts spreading in Africa,"ROME -- Swarms of locusts that have devastated crops and pastures across West Africa may hit countries as far away as Pakistan, a UN agency said yesterday as it announced an intensified control campaign. The desert locusts are moving into southwest Libya, southern Algeria, and the borders of Morocco, the Rome-based UN Food and Agriculture Organization said. Other swarms were ...",World
Arafat #39;s wife sends message to leaders,Paris - Yasser Arafat #39;s wife on Sunday despatched a key Palestinian official to the West Bank with a mysterious message for the leadership concerning the health of her husband and its political consequences.,World
Jordan #39;s crown prince is dismissed,"Jordan #39;s Hashemite royal family was thrown into turmoil last night when King Abdullah abruptly dismissed his half-brother, Prince Hamzeh, as Crown Prince and heir apparent.",World
Googles library project makes books available online,"Google Inc., a web-search services leader, will offer books and documents online from four universities and the New York Public Library.",Sci/Tech
"Stricken Canadian submarine arrives in Scotland, five days after &lt;b&gt;...&lt;/b&gt;","FASLANE, Scotland (CP) - The stricken Canadian submarine HMCS Chicoutimi finally arrived safely to port Sunday, its weary crew heralded as heroes by a British commander five days after a devastating fire killed one of their crewmates and left their vessel ",World
Pro-hunt demo at Labour gathering,Thousands of angry pro-hunting protesters are to stage a rally at the Labour Party conference in Brighton.,World
Brazil accounts for 3 percent of emissions of greenhouse gases in &lt;b&gt;...&lt;/b&gt;,"_ The burning and deforestation of Brazil #39;s vast Amazon rain forest causes nearly 3 percent of the world #39;s greenhouse gas emissions, according to a government report released Wednesday.",Sci/Tech
U.S. Agrees to Send Terror Detainee to Saudi Arabia,"The agreement clears the way for Yaser Esam Hamdi, who was born in the U.S. and raised in Saudi Arabia, to return there.",World
FX Asia: Kiwi To Add To 9-Yr High Vs Aussie On Rate Gap,"WELLINGTON (Dow Jones)--The New Zealand dollar is likely to add to its nine-year high against its Australian counterpart if, as expected, the two countries ",Business
Kidd Takes Another Shot at Nets,"The first week of training camp is not over and the Nets #39; best player, Jason Kidd, has sounded off twice. On Thursday, the issue was whether Kidd, who is rehabilitating ",Sports
Indian droughts 'may hit economy',The Indian central bank warns that drought and the high global price of oil may force it to lower its GDP forecasts.,Business
Palm #39;s Tungsten Gains More Memory,PalmOne Inc. is beefing up its new Tungsten T5 handheld with more memory in an attempt to make the device more appealing to business users who need access to data-intensive applications.,Sci/Tech
US leading indicator slides again,"The US Index of Leading Economic Indicators, a key gauge of where the nation #39;s economy is headed, fell for the fourth time in a row last month, according to a report Thursday.",Business
Karzai well ahead in Afghan tally,"KABUL, Afghanistan -- Preliminary results from Afghanistan #39;s landmark elections show President Hamid Karzai well ahead of his rivals and on course to become the country #39;s first popularly elected leader.",World
Insecurity: (Or Why Americans Aren't Feeling The Recovery),"The New Republic's website is currently carrying an interesting piece which tries to explain the anomaly that although the US economy is growing, a lot of its citizens are still feeling worse off. The article explains the results of a 40 year panel study which has shown that although mean incomes have increased, income variability has increased massively, causing many Americans to feel less well off, despite the growing economy.      ",Sci/Tech
"Bird flu kills one in Thailand, resurfaces in Indonesia","Bird flu has killed a nine-year-old Thai girl, raising the country #39;s toll from the deadly disease to 11 this year, a Health Ministry spokeswoman said on Monday.",World
Dyer up for sale on ebay,"The 23-year-old midfielder has been all over the back pages this week, following a reported bust-up with Sir Bobby Robson - and one supporter had has enough. ",Sports
Celtic v Inverness CT,Celtic manager Martin O #39;Neill has rubbished talks of a crisis after his side came in for criticism recently. With the success he has had since his arrival he has become immune to having his team scrutinised following defeat.,Sports
Nasa jet flies at  #39;10 times speed of sound #39;,"A tiny unmanned Nasa  quot;scramjet quot; set a new world speed record after flying at nearly 10 times the speed of sound. The 12ft supersonic combustion ramjet flew at just under 7,000mph - or around Mach 9.6.",Sci/Tech
S.E.C. Warns Amex Leaders It May File Civil Charges,The S.E.C. notified the top three executives of the American Stock Exchange that they may face civil charges of failing to properly enforce the exchange's rules.,Business
Early results show Karzai victory,Early results from the Afghan election suggest interim president Hamid Karzai has won enough votes for victory.,World
"British Troops, Militants Clash in Iraq (AP)","AP - British troops took control of the offices of Muqtada al-Sadr in the southern city of Basra on Friday after clashing with militants loyal to the rebel cleric, witnesses said.",World
Java Mustang following Tiger,"Sun Microsystems Inc is courting community views for the next version of Java 2 Standard Edition, the foundation stone of Java scheduled for spring 2006.",Sci/Tech
Edwards Hits Bush on Overtime Pay Rules,"RACINE, Wis. Aug. 23, 2004 - John Edwards chose the almost evenly divided state of Wisconsin to tout the Democratic presidential ticket #39;s economic plans and criticize the Bush administration #39;s new rules for overtime pay.",Business
"Microsoft, Intel Ads Coming to a Screen Near You","Microsoft and Intel have joined forces in the hope of advancing a strategy both companies have been plotting for some time, saying they will work together to promote cutting edge digital home entertainment options.",Sci/Tech
"Prime minister announces new 1,700-kilometre security zone off Australia (Canadian Press)","Canadian Press - SYDNEY, Australia (AP) - Australia plans to enforce a maritime security zone more than 1,700 kilometres out to sea, far beyond its territorial waters, in a move to boost defences against possible terror attacks on its soil and offshore oil and gas facilities, Prime Minister John Howard said Wednesday.",World
SCO sees a little sense,"SCO #39;s decision to rethink its scoinfo.com website, which the company had floated as a way of providing an archive of legal filings, hearing dates and SCO positions on various matters, is perhaps the first sign of common sense from the company for three ",Sci/Tech
More Robot Grunts Ready for Duty,"At an Army tech conference, companies show off new machines that do the work of flesh-and-blood soldiers. One sports machine guns to hunt down enemies. Another is an unmanned ambulance to take the wounded off the battlefield. Noah Shachtman reports from Orlando, Florida.",Sci/Tech
"Vick, Falcons thrown to the Lions","For all the highlights he #39;s provided in a 33-game career, Michael Vick reminded the Atlanta Falcons that he can lay an occasional egg, too.",Sports
India-Pakistan working for  #39;acceptable #39; solution of Kashmir,NEW DELHI (India): Prime Minister Dr Manmohan Singh Sunday said India and Pakistan were working towards achieving  quot;credible and mutually acceptable quot; solution of all outstanding problems including Kashmir issue.,World
Where Are the Superinvestors?,Whitney Tilson argues that the exceptional money managers are in hedge funds.,Business
Islamist Groups Vow to Spread Fight Across Iraq,Islamist groups including one led by al Qaeda ally Abu Musab al-Zarqawi vowed in a video obtained on Saturday to take their battle in the rebel city of Falluja to all corners of Iraq.,World
HP updates Openview to meet business needs,Hewlett-Packard will use this week #39;s Software Universe conference in Madrid to announce a revamp of its Openview enterprise systems management software.,Sci/Tech
Replay in Play,Baseball will put instant replay on the agenda for Thursday at the GM meetings and there seems to be growing support among teams.,Sports
Cavs #39; ground game grinds up Tigers,Theresa special bookcase in Al Grohs office completely full of game plans from his days in the NFL. Green ones are from the Jets.,Sports
Japan 2005 Expo to Display Frozen Mammoth (AP),"AP - Shuttle buses without drivers, trains floating on magnetic fields and other visions of the future will be on display at Japan's world fair next year. But Expo 2005's centerpiece will be rooted deep in the past  #151; the frozen remains of a woolly mammoth.",Sci/Tech
FedEx Earnings More Than Double," NEW YORK (Reuters) - FedEx Corp. &lt;A HREF=""http://www.investor.reuters.com/FullQuote.aspx?ticker=FDX.N target=/stocks/quickinfo/fullquote""&gt;FDX.N&lt;/A&gt;, the world's top  air-express shipper, on Wednesday said quarterly earnings more  than doubled on strong growth in its international, ground and  freight services.",Business
Stocks Seen Higher; Oil Prices Slipping," NEW YORK (Reuters) - U.S. stocks looked to open higher on  Friday, as the fourth quarter begins on Wall Street with oil  prices holding below \$50 a barrel.",Business
PARALYMPICS SOMBRE CLOSING CEREMONY,"Instead of the fireworks and all night partying that usually accompanies such an event, it was a scaled back closing ceremony for the Athens Paralympics in tribute to seven teenagers killed in a bus crash on their way to the Games.",Sports
WORLD CUP QUALIFIER,"Republic of Ireland reaction:  #39;good defending, good organisation and good understanding #39;- in fact a pretty good day, all round!",Sports
Newsview: Flawed Candidates Neck and Neck (AP),"AP - After two debates, voters have seen President Bush look peevish and heard him pass the buck. They've watched Sen. John Kerry deny he's a flip-flopper and then argue that Saddam Hussein was a threat  #151; and wasn't. It's no wonder so few minds have changed.",World
Orange crush hopes,"Damien Rhodes scored on a 2-yard run in the second overtime, then Syracuse's defense stopped Pittsburgh on fourth and 1, sending the Orange to a 38-31 victory yesterday in Syracuse, N.Y.",Sports
Stocks Climb Despite Rise in Oil Prices,"NEW YORK - Buyers put a positive spin on the equity markets Wednesday, shrugging off rising crude futures as Google Inc. prepared to sell its stock in an initial public offering, albeit it at a far lower price than previously forecast...",World
AL Wrap: Molina Leads Angels to Sweep of Yankees," NEW YORK (Reuters) - Bengie Molina had four hits, including  a three-run homer, as the Anaheim Angels completed a three-game  series sweep with a 4-3 win over the New York Yankees on  Sunday.",Sports
Dolphins Too Have Born Socialites (Reuters),Reuters - Some people are born to be the life and\soul of the party -- and so it seems are some dolphins.,Sci/Tech
Manning Falls Short in Debut for Giants,"Michael Vick ran for 104 yards and threw two first-half touchdown passes to Alge Crumpler, spoiling Eli Manning's first start.",Sports
100GB notebook drives arrive,"Hitachi Global Storage Technologies (HGST) will ship new 2.5-inch hard drives with capacities up to 100GB for notebooks by the end of 2004, the company said today.",Sci/Tech
JUST TOO COOL: Handhelds  PDA can store data,"Handheld computer maker PalmOne Inc. unveiled a personal digital assistant Monday that doubles as a portable data storage drive. The Tungsten T5 handheld has 256 megabytes of built-in flash memory, of which 215 MB will be available to the user.",Sci/Tech
Powell due in West Bank next week: Shaath,Palestinian Foreign Minister Nabil Shaath said Monday that US Secretary of State Colin Powell is expected to visit the West Bank next week to hold talks with the new Palestinian ,World
"Tests Show No Mad Cow, Cattle Prices Rise"," WASHINGTON/CHICAGO (Reuters) - An animal suspected of  having mad cow disease was given a clean bill of health in a  second round of sophisticated testing, the U.S. Agriculture  Department said on Tuesday after cattle prices soared in  expectation of the news.",Business
No. 9 Texas Holds Off Missouri 28-20 (AP),AP - Cedric Benson rushed for 150 yards and two touchdowns and No. 9 Texas shook off a post-Oklahoma hangover Saturday with a 28-20 win over Missouri.,Sports
First Gamma Ray Image,"Summary - (Nov 4, 2004) European astronomers have produced the first image of an object using high energy gamma rays - the most penetrating form of radiation known.",Sci/Tech
Apple iMac G5,"1.8-GHz PowerPC G5 processor, 512MB DDR SDRAM, 160GB SATA hard drive (7,200-rpm), nVidia GeForce FX 5200 Ultra graphics, 20-inch widescreen LCD, DVD-R optical drive, three USB 2.0 ports, two FireWire ports, integrated speakers, AirPort Extreme (802.",Sci/Tech
Tech Firm to Acquire Intelligence Contractor,"SI International Inc. announced plans Wednesday to purchase for \$30 million in cash a Columbia company that specializes in technology work for defense intelligence agencies.&lt;FONT face=""verdana,MS Sans Serif,arial,helvetica"" size=""-2"" color=""#666666""&gt;&lt;B&gt;-The Washington Post&lt;/B&gt;&lt;/FONT&gt;",Sci/Tech
White House Takes Cool Stance Toward Annan (AP),"AP - The Bush administration, cool to U.N. Secretary-General Kofi Annan as he copes with calls for his resignation, has a track record of trying to oust heads of U.N. agencies.",World
Wal-Mart Sales Slump Keeps Stocks Muddled,Wal-Mart Stores Inc. #39;s disappointing sales forecast sent stocks fluctuating Monday as investors #39; concerns about a slowing economy eclipsed their relief over a drop in oil prices.,Business
Burnout offers racing with attitude,The latest instalment of the Burnout gaming franchise offers a good mix of speed and attitude.,Sci/Tech
Colts' Freeney Rushes to Get Most Sacks (AP),AP - Dwight Freeney always has gotten the attention of offenses.,Sports
"Hu tours Rio hot spots, to meet with ethnic Chinese, on Brazil &lt;b&gt;...&lt;/b&gt;",RIO DE JANEIRO : Chinese President Hu Jintao toured some of Rio de Janeiro #39;s fabled sights Sunday ahead of a meeting with Brazil #39;s Chinese community on a busy Latin American tour.,Business
Sox fans dress up to celebrate,"(Hartford-WTNH, Oct. 28, 2004 12:15 PM ) _ Connecticut Red Sox fans are already grabbing up those World Series shirts and hats. People are swarming local stores to get a piece of memorabilia.",Sports
"Ravens Pummel Browns, 27-13 (AP)","AP - Burned for a touchdown on the game's first play, it was hard to imagine the Baltimore Ravens would win on the strength of their special teams. A spirited defensive stand, capped by an NFL-record 106-yard interception return by Ed Reed, didn't hurt, either.",Sports
Coach Earnings Surge 60 Percent," NEW YORK (Reuters) - Coach Inc. &lt;A HREF=""http://www.investor.reuters.com/FullQuote.aspx?ticker=COH.N target=/stocks/quickinfo/fullquote""&gt;COH.N&lt;/A&gt; on Tuesday posted a  higher-than-expected quarterly profit and forecast a robust  holiday season for sales of its luxury handbags and  accessories, sending its shares up as much as 8 percent.",Business
Hurricanes blow by UMass,"CORAL GABLES, Fla. -- After his team's dramatic victory over No. 7 Connecticut last week, Minuteman Anthony Anderson said,  quot;We've been saying this is our year. quot;",Sports
German Security Firm Hires Hacker Awaiting Trial,"A German security firm has hired the teen accused of writing the Sasser and Netsky worms, a move that sends a dangerous message to hackers, anti-virus firms said Monday.",Sci/Tech
Cybersecurity Czar bails,"Amit Yoran has now become the fourth US cybersecurity chief in a year to quit in frustration today, giving the government only a day #39;s notice.",Sci/Tech
Iraq woman prisoner 'to be freed',"Reports suggest an Iraqi woman scientist may be freed, as militants reportedly kill a second US hostage.",World
BT Group to buy Infonet,"LONDON - BT Group, the British telecommunications company, said Monday that it #39;s buying US-based Infonet Services in a deal that values Infonet at \$965 million.",Business
Shifting Channel May Benefit Lighthouse (AP),AP - A shifting channel eroding the end of a beach may be helping the threatened Morris Island Lighthouse.,Sci/Tech
Pitcairn OAP on rape charge,"A 78-YEAR-OLD man has been accused of twice raping a woman more than 30 years ago, amid an alleged culture of sex attacks on the tiny island of Pitcairn.",World
Madrid Bomb Suspect's Remains Identified (Reuters),"Reuters - An Algerian suspected of being a leader\of the Madrid train bombers has been identified as one of seven\people who blew themselves up in April to avoid arrest, Spain's\Interior Ministry said on Friday.",World
Oil Spurts Up as U.S. Inventories Dwindle, NEW YORK (Reuters) - Oil prices jumped nearly two dollars  on Thursday after the U.S. government said crude stocks fell to  a fresh five-month low last week and distillate fuel  inventories barely grew ahead of winter.,Business
Update 2: Reports: Alitalia Signs Deal With Italy,"Struggling Italian flagship carrier Alitalia signed an agreement overnight with the government and labor unions on helping employees whose jobs will be slashed under a plan to save the airline, news reports said Wednesday.",Business
Economy in Many Regions Slowed in Summer," WASHINGTON (Reuters) - The economy in many areas of the  United States grew at a slower pace in late July and August as  household spending softened, the Federal Reserve said in a  report on Wednesday.",Business
Lawmaker says he #146;s been barred,"A top Hong Kong opposition lawmaker said he was barred from entering China yesterday, an incident that may fuel anti-Beijing sentiment in upcoming legislative elections. Law Chi-kwong of the Democratic Party said the mainland government assured him he could visit for six days, in what seemed to be a conciliatory gesture by the authorities, who have branded pro-democracy figures here ...",World
"Activision, Nielsen Study Impact of Video Game Ads","Video game publisher Activision Inc. and Nielsen Entertainment, on Monday said they were collaborating to produce a measurement system for corporate advertisers to compare the reach ",Business
Israel diverts Lufthansa jet to Cyprus,Israel has turned away a Lufthansa passenger plane bound for Tel Aviv due to a bomb threat. The plane landed safely in Cyprus on Tuesday after it was escorted by Israeli air force fighters.,World
Sharapova to face tough challenge from in-form Hantuchova,"DANIELA HANTUCHOVA, of Slovakia, defeated Vera Douchevina, the Russian wild card, 6-1, 6-4 yesterday in the opening round of the Swisscom Challenge in Zurich.",Sports
"Where it all began, Noguchi wins marathon","ATHENS The marathon was inspired by suffering, and on the day an event that is as much a test of character as a test of endurance returned to its Olympic roots and the evocative marble horseshoe that is Panathanaiko stadium, the suffering returned, too.",Sports
Chinese computer science major sentenced for Internet porn (AFP),AFP - A Chinese university student in eastern Zhejiang province was sentenced to a year in jail for selling pornography on the Internet.,Sci/Tech
Dell Adapters a Flaming Hit,The computer company recalls nearly a 1 million power adapters that could start fires. Also: Microsoft continues pursuit towards the computer television   hellip;. Nextel   rsquo;s phone is a mapquest in your hand   hellip;. and more.,Business
Great Lakes leaders pledge peace,Presidents of the Great Lakes region in Africa have signed a declaration designed bring peace to the region.,World
Chechen lists details of attack on school,"MOSCOW Shamil Basayev, the elusive Chechen guerrilla commander who has become Russia #39;s most wanted man, has claimed responsibility for planning terror attacks that have killed more than 440 people here in recent weeks and is threatening to strike anew, a ",World
Cyber crime #39;s worth? 215 million dollars!,"The US Justice Department #39;s crackdown on cyber crime has brought to light illegal activities, including credit-card fraud, to the tune of over US \$215 million and resulted in dozens of arrests, a senior official said in Washington.",Sci/Tech
China to modernise rail routes,Three overseas firms win contracts to improve speeds on China's intercity rail routes to ease freight bottlenecks.,Business
Reds decide to part ways with Barry Larkin,Barry Larkin #39;s stellar 19-year career with his hometown team ended Tuesday with a one-sided phone call. The Cincinnati Reds informed their captain they aren #39;t interested in keeping him around for another season.,Sports
Protection plea for reef fish,"A rare reef fish called the humphead wrasse should be guarded from the trade that is threatening its future, conservationists say.",Sci/Tech
Indian hostages set to return home,"After 42 days in captivity, the three Indian truckers are all set to fly back home today. They are currently in Kuwait and would be taking a special flight back home later tonight.",World
Turin Winter Games Chief Defends Budget Gap,"Turin #39;s Olympic Committee needs to raise another 65 million euros from sponsors to meet targets for the 2006 Winter Games, its chief said on Monday after reports of a huge ",Sports
"For schools, Apple offers special iMac G5, eMac","With the release of the new iMac G5, some educational technology departments might want to check Apple's online education store, where they'll find an additional model available only to education institutions. Cheaper eMacs are there, too.",Sci/Tech
"Oil Extends Falls, Supply Fears Lessen"," LONDON (Reuters) - Oil prices eased further on Tuesday, as  the head of the OPEC cartel said markets were well-supplied  with crude and traders continued to take profits from this  year's 40 percent rally.",Business
Record Oil Prices Weigh on Asian Shares," SINGAPORE (Reuters) - Oil prices hit record highs on  Thursday, fueling gains in some energy stocks, but fears that  high power costs will dent household incomes, raise firms'  expenses and hurt global growth weighed on Asian share markets.",Business
Controversy Again: Owens #39; ABC Spot Catches Heat,WR Terrell Owens found himself in the middle of yet another controversy this week. Owens agreed to a request by ABC to take part in a two-minute intro to the Eagles #39; Monday Night Football appearance against the Dallas Cowboys.,Sports
"Vodafone, Optus agree on shared 3G network in Australia","The Australian mobile carrier units of Vodafone Group PLC and Singapore Telecommunications Ltd. have agreed to roll out a combined third-generation (3G) cellular network in the country, they said Friday.",Business
Toyota makes record first half profit of 866 billion yen,"Toyota Motor Corp., Japan #39;s top automaker, made a record operating profit of 866.2 billion yen in the first half of this business year, the company said.",Business
Premier faces Bucharest mayor in Romania,"Romanians returned to the polls Sunday for a presidential runoff between their leftist prime minister, formerly a member of the communist elite, and the capital #39;s Western-leaning mayor.",World
Tributes touch DNA pioneer's family,The family of DNA pioneer Professor Maurice Wilkins has been touched by floods of tributes from around the world.,Sci/Tech
Dozens Killed as Violence Escalates in Iraq,"Insurgents escalated the violence in Iraq Thursday morning as separate bombing incidents killed dozens of people, including three American soldiers.",World
Schwab cuts fees for trades,"After cutting trading commissions for bigger and moreactive customers in mid-June, Charles Schwab Corp. said Monday it will cut them for the rest of its customers effective Nov. 1. Schwab will reduce its standard online stock-trading commission from \$29.",Business
Correction: Of-Mutual-Interest Story (AP),"AP - In a Dec. 7 mutual fund column about global allocation funds, The Associated Press erronously reported the expense ratio of First Eagle Global. It is 1.32 percent, not 1.72 percent, which is the fund's yield.",Business
EU assembly to describe Darfur crisis as genocide By Reuters &lt;b&gt;...&lt;/b&gt;,"The European Parliament is set to call violence in Sudan #39;s Darfur region  quot;tantamount to genocide quot; later this week, echoing strong statements from the United States and toughening the EU stance.",World
Sky count to track orang numbers,"Using helicopters to count endangered orang-utans gives very accurate estimates of the great apes' numbers, researchers report in Plos Biology.",World
Choosing Domain Names for Professional Sites,"Choosing Domain Names for Professional Sites\\A professional or business site is one where the primary purpose of the site is to facilitate business transactions. You can sell items directly online or exclusively offline, but the result is the same. You want customers to buy products and/or service directly from you.\\To ...",Sci/Tech
Intel puts Windows and Linux on even keel,"Intel has released a Quick Start Kit for Linux in Asia, giving a leg-up to system builders offering Linux-based desktop PCs. The kit is similar to those that Intel produces for Windows, said an Intel spokesman.",Sci/Tech
Cable's Rivals Lure Customers With Packages,Cables two hungry rivals  phone companies and satellite providers  are stealing cables disgruntled customers with cheaper all-in-one packages that bundle TV with Internet and phone services.,Business
Convicted Sex Offender Can Stay on Ballot (AP),"AP - A Green Party candidate for Congress can stay on the ballot despite being on probation for a sex offense conviction, the state attorney's general office said Friday.",World
"In Mosul, Kurdish militia helps keep order","MOSUL, Iraq -- Real power on Iraq's streets often lies in the hands of men like Sadi Ahmed Pire.",World
Stocks Open Flat; Pressure on Drugmakers,"US stocks opened flat on Friday, with higher oil prices and shares of drugmakers weighing on Wall Street after Thursday #39;s late-session rally.",Business
Big stakes in holiday game scramble,Game publishers and hardware makers will battle for consumers' holiday dollars with a slew of high-profile releases.,Sci/Tech
Dell grapples with Apple in Mini arena,Pocket DJ 5 undercuts price of iPod Mini music player. Consumer push also includes plasma-screen TVs.,Sci/Tech
"US posts warning for Nordic, Baltic states","The US government has warned its citizens in Nordic and Baltic states of the threat of imminent terrorist attacks, the BBC said Monday.",World
Security concerns put MSN Messenger beta on hold,"Microsoft has suspended the beta testing of the next version of its MSN Messenger client because of a potential security problem, a company spokeswoman said Wednesday.",Sci/Tech
Minors In So. Maryland?,A group pushing to bring minor league baseball to Charles County said Tuesday that it hopes to build a \$18 million stadium and put a team on the field in 2006.,Sports
Cards RB Smith leaves game with toe injury,"TEMPE, Ariz. (Nov. 28, 2004) -- Emmitt Smith was knocked out of the game against the New York Jets in the first quarter with a toe injury.",Sports
Don #39;t Blame Berti - Brown,Former Scotland manager Craig Brown insists Berti Vogts is not to blame for a lack of motivation in the international team. The future of the German is the subject of intense speculation with the Scottish ,Sports
Yukos makes plea to US court in bid to avoid sale,"By Andrew Osborn in Moscow and Katherine Griffiths in New York. Yukos emitted what appeared to be its final death rattle yesterday, filing for Chapter 11 bankruptcy in the United States just four days before ",Business
"ETA Suspects Held in France, Spain","Police detained 21 suspects, including an ETA leader, and seized a large arms cache on Sunday in a sweep against the Basque guerrilla group in France and Spain, officials said.",World
McDonald #39;s tests MasterCard PayPass,"NEW YORK (CNN/Money) - McDonald #39;s Corp. announced Wednesday it would launch later this year a new  quot;contactless quot; payment option called MasterCard PayPass, which lets customers simply wave or tap the card to complete a quick transaction. ",Business
MechAssault 2 gets limited edition,"Premiere pressing of Microsoft Game Studios #39; robot war sequel will feature exclusive maps, making-of video. Microsoft Game Studios today announced that it will release a limited edition package for MechAssault ",Sci/Tech
"Video Shows Militants Killing Italian-Iraqi, Turk (Reuters)",Reuters - Islamic militants on Monday distributed\a video in Iraq showing the killings of two men who identified\themselves as an Italian of Iraqi origin and a Turk.,World
Anti-Moore movies to be screened,Two films attacking Fahrenheit 9/11 director Michael Moore will debut at a conservative US film festival.,World
Over 60 Iraqi policemen kidnapped after training in Jordan,"More than 60 Iraqi policemen were kidnapped by unknown gunmen after the officers finished a training course in Jordan, said Iraqi police.",World
"Seeking to refocus, Intel names nonengineer CEO","SAN JOSE, Calif. -- Despite a recent series of product missteps, Intel Corp.'s board yesterday selected the semiconductor giant's day-to-day operations chief to replace chief executive Craig Barrett, who is stepping aside to become chairman in May.",Business
Satellite radio competitors engaged in a star search,"The competition between the country #39;s two satellite radio companies began as a race to the stars, with each fighting to be the first to launch satellites into space.",Business
Liverpool captain Gerrard ready to return,"Liverpool, England (Sports Network) - Liverpool skipper Steven Gerrard is expected to return from a two-month absence Saturday at Middlesbrough.",Sports
"Warriors, Mavs close on five-player trade","The Warriors and Mavericks are close to completing a five-player trade that would bring forwards Eduardo Najera and Christian Laettner to Golden State and send centers Erick Dampier, Evan Eschmeyer and guard Dan Dickau to Dallas, an NBA source aware of ...",Sports
 #39;Halo 2 Flu #39; Overtakes The Country As Game Goes On Sale,"NEW YORK - If there was an increase in the number of people who took the day off from work or stayed home from school Tuesday, it may not have been the flu that kept them at home and on the couch.",Sci/Tech
Two big PeopleSoft shareholders split vote on Oracle bid,"Reflecting the uncertainty that has always swirled around Oracle's hostile bid for control of PeopleSoft, two major PeopleSoft shareholders have reached opposite conclusions about how to cast their votes on Oracle's buyout offer.",Sci/Tech
Pope Celebrates Mass Near Hilltop Shrine (AP),AP - Pope John Paul II traveled to a hilltop shrine near the Adriatic Sea Sunday to celebrate an open-air Mass attended by tens of thousands of pilgrims.,World
Jakarta raises alert on terror attacks,JAKARTA The Indonesian authorities ordered a nationwide security crackdown Thursday after several foreign governments warned that terrorists were preparing to attack Western targets before Christmas.,World
Yankees May Get Johnson As Deals Continue,"On a day of big movement in baseball, the New York Yankees are on the verge of claiming the biggest prize of all. The Yankees closed in on completing a blockbuster three-team trade that would send Randy Johnson ",Sports
Black  amp; Blue Review: Week 10,"Randy Moss has burned the Packers over the years, but it doesnt look like hell be able to suit up Sunday, when the rivals meet at Lambeau Field for the division lead.",Sports
A vow and an appeal,"IN A long-awaited victory speech yesterday, Indonesia #39;s President-elect Susilo Bambang Yudhoyono vowed to get down to business immediately after taking office to revive the economy, end regional conflicts and stamp out corruption.",World
"Tough loss for Pavano, Marlins","ATLANTA -- All-Star pitcher Carl Pavano won #39;t be a 20-game winner this year. After his tough-luck loss Saturday night, he might wonder if he #39;ll even win 18.",Sports
NBC Gives Martha Stewart an After-Prison Show,"Martha Stewart will host an hour-long, daily syndicated show with a live audience when she gets out of prison, her company said today.",Business
"India, Pakistan to discuss troop pullback from Kashmir glacier","Nuclear-armed rivals India and Pakistan will hold talks on the withdrawal of troops from a glacier in disputed Kashmir known as the world #39;s highest battlefield, a defence official said Wednesday.",World
Advanced Marketing Lowers  #39;04 Estimates,"Advanced Marketing Services Inc., which provides customized wholesaling and distribution services for the publishing industry, on Monday slashed earnings expectations for fiscal 2004.",Business
"US Air Shares Sink, Pilots Reject Deal"," CHICAGO (Reuters) - Shares of US Airways Group Inc.  &lt;A HREF=""http://www.investor.reuters.com/FullQuote.aspx?ticker=UAIR.O target=/stocks/quickinfo/fullquote""&gt;UAIR.O&lt;/A&gt; slid as much as 23 percent on Tuesday after leaders of  its pilots union rejected the company's latest contract  proposal, dealing a blow to its attempt to avoid a second trip  through bankruptcy.",Business
Arab allies discuss Lebanon vote,Egypt #39;s President Hosni Mubarak is on an unscheduled trip to Syria after a divisive Arab League debate over Syria #39;s military presence in Lebanon.,World
Giants will give Eli first start Thursday,"No. 1 draft pick Eli Manning will make his first start at quarterback for the New York Giants in their exhibition game Thursday against the Carolina Panthers, coach Tom Coughlin announced Thursday, according to ESPN. ",Sports
Belgian and Italian Banks Talk of Partnership,"Dexia, the Belgian financial services firm, and Sanpaolo IMI, the Italian bank, confirmed that they were in discussions about a partnership.",Business
Health ; Arafat #39;s condition described  #39;very serious #39; (LEAD &lt;b&gt;...&lt;/b&gt;,"Health News, Clamart (France),Amid wildly contradicting rumours Tuesday about the condition of Palestinian leader Yasser Arafat, a French official said Arafat was not dead as of 3:30 pm (14:30 GMT).",World
Coughlin to meet with Green,New York Giants coach Tom Coughlin wants to talk with Barrett Green before discussing the status of the benched linebacker for this week #39;s game with Minnesota.,Sports
Boeing Not Looking for Trans-Atlantic Spat,"The boss of Boeing Co. insisted Thursday that he is not looking for a trans-Atlantic spat in a dispute over subsidies for Airbus, but also said that aid for the rival aircraft maker #39;s new programs should stop.",Business
Adobe Eyes Linux Desktop Strategy,"Signs are pointing to a growing interest in desktop Linux and open-source software at Adobe Systems Inc., the maker of popular imaging and graphics software and the standard-bearer of PDF.",Sci/Tech
"UPDATE 1-Haas holds halfway lead, Woods lurks",Veteran Jay Haas edged closer to his first PGA Tour win for more than 10 years on Friday with a four-under-par 66 for the halfway lead at the Tour Championship.,Sports
Cyclist fails test for blood,"Tyler Hamilton, the Olympic time-trial champion, faces the possible loss of his gold medal depending on the outcome of a second sample analysis after confirmation yesterday that he had failed a test intended to detect the use of blood transfusions to ",Sports
N. Korea said likely improving technology,"TOKYO -- North Korea is likely improving its missile technology, and recent signs that it may be preparing to test a ballistic missile are troubling, a top US military official said Sunday.",World
Aussie assault on pitch,"MUMBAI, Nov. 5. - Even if they had won, which they nearly did, they would have had a dig at the track. But losing made the vehemence even more.",Sports
"TN STF chief keeps vow, tonsures head","DHARMAPURI: After hunting down his prize catch, Tamil Nadu Special Task Force chief K. Vijaykumar rushed straight to the Bannari Amman temple in Sathyamangalam in Erode district.",World
IBM Claims Top Spot in World #39;s Fastest Supercomputer Listing,"International Business Machines Corp. has assembled the world #39;s most powerful computer, unseating Japan #39;s NEC Corp. after more than two years, according to an industry ranking.",Sci/Tech
"Seoul, Tokyo to push for North Korea talks",South Korea and Japan agreed Saturday to try to restart stalled six-party talks concerning North Korea #39;s nuclear ambitions. North Korea should return to the multilateral ,World
Bush Declares Genocide in Sudan's Darfur, WASHINGTON (Reuters) - The United States declared on  Thursday that the violence in Sudan's Darfur region amounted to  genocide and urged the world to back an expanded African  peacekeeping force to halt the bloodshed.,World
Militants kill 12 policemen in southern Baghdad,"A group of militants raided two police stations in Baghdad on Friday, killing 12 policemen and wounding several others, police said.",World
It's do or die time for Sun and Solaris x86,&lt;strong&gt;Analysis&lt;/strong&gt; The two year question,Sci/Tech
Iran Rejects Kerry #39;s Nuclear Proposal,"Iran has dismissed a proposal by US presidential candidate John Kerry, that Tehran be provided nuclear fuel if it agrees to give up its fuel-making capabilities.",World
" #39;San Andreas #39; poised for big sales, big debate","Video gaming #39;s most felonious franchise is back, and it #39;s threatening to hijack the holidays. Grand Theft Auto: San Andreas, the latest in a line that has sold 32 million games and ",Sci/Tech
U.S.C. Extends Lead Over Oklahoma in A.P. Poll,"On the eve of the season's first B.C.S. standings, No. 1 Southern California increased its lead on No. 2 Oklahoma in The A.P. Top 25.",Sports
Schilling checks in with some heaters,"He wasn't  quot;Curt on the car phone quot; yesterday. He was  quot;Curt in the hotel room, quot; taking part in an online chat with the Boston Dirt Dogs and calling WEEI to chat on  quot;The Big Show quot; before last night's Game 4.",Sports
Internet task force rejects Microsoft e-mail ID plan,SEATTLE: Microsoft Corp was dealt a setback on Tuesday after the Internet Engineering Task Force (IETF) decided not to adopt its e-mail sender ID standard that would make it easier for Internet service providers to block unwanted junk e-mail.,Sci/Tech
Washington State Opens Digital Archives,"Washington has opened what is believed to be the nation's first digital archives for state government, holding everything from birth records to the first election results in Washington Territory in 1854.",Sci/Tech
Amanda Beard Finally Comes of Age in Athens, ATHENS (Reuters) - Amanda Beard credited her new-found  maturity for ending an eight-year wait for a second Olympic  gold medal in Athens Thursday.,Sports
DreamWorks #39; share price soars in debut trading,"NEW YORK, October 28 (newratings.com) - DreamWorks Animation SKG Inc (ticker: DWA), the creator of famous animation films including Shrek and Shark Tale, witnessed a robust rally in its share price this morning, during its debut trading at the Wall ",Business
Caught in a phishing trap,Rise in online identity fraud has companies on the hook: Educate customers or lose them. ,Sci/Tech
Polls open in Afghanistan,"KABUL, 10/09 - Afghanistans first direct presidential election began at 7 aM (local time) Saturday amid tight security. More than 10.",World
"NL Wrap: Easy Win for Marlins, Bonds Hits 699th Homer", NEW YORK (Reuters) - Juan Pierre had three hits and AJ  Burnett pitched eight solid innings to help the Florida Marlins  salvage a split of their four-game series against the Chicago  Cubs with an 11-1 rout in the National League (NL) Sunday.,Sports
Justice Dept. Halts Effort to Block Oracle-PeopleSoft Merger,"The news comes on the same day that business software maker PeopleSoft Inc. fired CEO Craig Conway, the feisty leader who engineered the company's dogged resistance to a \$7.7 billion takeover bid by rival Oracle.",Sci/Tech
India Vows to Flush Out Northeast Rebels," GUWAHATI, India (Reuters) - Indian troops prepared to flush  out guerrillas from thick jungles of Assam on Sunday after a  fresh wave of bombs ripped through streets and marketplaces  killing four people and wounding 40, officials said.",World
Justice Dept. to Announce Cyber-Crime Crackdown (washingtonpost.com),"washingtonpost.com - The Justice Department is set to announce a major crackdown on cyber-crime that will include arrests, subpoenas and property seizures of alleged e-mail spammers and online scam artists, according to law enforcement and industry sources.",Sci/Tech
Peru Splits Up Jailed Lovers Who Led Shining Path," LIMA, Peru (Reuters) - Peru has separated the top two  leaders of Shining Path after more than a decade in jail,  moving Abimael Guzman's longtime lover to a different prison as  it gets tough with rebels who made a mockery of their retrial.",World
Bloomberg Columnists,Wal-Mart Stores Inc. isn #39;t just working to woo Japanese shoppers -- it #39;s doing a little shopping of its own in the No. 2 economy.,Business
"Now, Owens a little skittish","While Terrell Owens would never say he's sorry for his flashy touchdown celebrations, he did apologize yesterday to anyone offended by his role in a steamy segment with actress Nicollette Sheridan for the intro to  quot;Monday Night Football. quot;",Sports
Is Google Page Rank Still Important?,"Is Google Page Rank Still Important?\\Since 1998 when Sergey Brin and Larry Page developed the Google search engine, it has relied (and continues to rely) on the Page Rank Algorithm. Googles reasoning behind this is, the higher the number of inbould links pointing to a website, the more valuable that ...",Sci/Tech
New Method May Predict Quakes Weeks Ahead (AP),"AP - Swedish geologists may have found a way to predict earthquakes weeks before they happen by monitoring the amount of metals like zinc and copper in subsoil water near earthquake sites, scientists said Wednesday.",Sci/Tech
"PM, Pervez address Kashmir issue","After 57 years of hostility and mutual suspicion, India and Pakistan today made a new beginning in their relations when they decided to consider all possible options for a peaceful negotiated settlement of the Jammu and Kashmir issue and explore the ",World
Courts not convinced in Apple DRM battle,Virgin #39;s attempt to force Apple to open up its digital rights management (DRM) technology has failed. The French Competition Council has dismissed a Virgin France case that alleged Apple had abused market dominance.,Sci/Tech
Pair say strip cheats,INTERNATIONAL Olympic Committee members Susie O #39;Neill and Kevan Gosper have called for the IOC to strip Sydney triple gold medallist Marion Jones of her medals if she is proven to be a drug cheat.,Sports
"This year, the computers can be outvoted","It's over. For now. At least that's the hope of the people who have tried to make the Bowl Championship Series run the right way the past few years. Six BCS title games have been played, and three times they matched up the wrong teams. Last season was the ultimate fiasco when Southern Cal, ranked No. 1 in both the ...",Sports
AFA-CWA Wins Review of Bankruptcy Judge Decision,The federal judge overseeing US Airways #39; bankruptcy petition is reconsidering his decision to allow the airline to cut wages for flight attendants by 21 percent for four months.,Business
Digital Agenda: 10 facts you should know about broadband,President Bush and Sen. John Kerry's positions on the issue are closer than anticipated.,Sci/Tech
Adu Hurts Shoulder,United medical staffers confirm that Freddy Aduhas  first degree sprain to his right shoulder after a hard fall in last Sunday's regular season finale.,Sports
"Owens, Lewis Explain",Ravens linebacker Ray Lewis insists he is done talking about Terrell Owens and the deal that almost brought the wideout to Baltimore.,Sports
"Astros, Marlins keep pressure on Cubs",The Chicago Cubs found a good way to make up for their poor hitting -- a shutdown pitching performance by Kerry Wood. Wood #39;s eight shutout innings made up for another listless performance by the Cubs #39; offense ,Sports
All Australians accounted for in Iraq: Downer (AFP),"AFP - Australia has accounted for all its nationals known to be working in Iraq following a claim by a radical Islamic group to have kidnapped two Australians, Foreign Affairs Minister Alexander Downer said.",World
UPDATE 2-Gibernau beats Rossi in Czech GP revenge,"Spaniard Sete Gibernau cruised to his third win of the season in the Czech MotoGP Grand Prix on Sunday, holding off a tough challenge from championship leader Valentino Rossi.",Sports
Intel TV Chip Is Delayed,"Intel said it will delay its highly anticipated television chips, based on Liquid Crystal on Silicon, or LCOS, technology, which promises to deliver large screen TVs at a price point half of what they cost today. The chipmaker said the ...",Sci/Tech
US soldier guilty of murdering unarmed Iraqi,"BAGHDAD (AFP) - A US soldier is expected to be sentenced after being found guilty of murder for shooting to death a severely wounded Iraqi civilian, while the US army pressed its sole supplier of armored Humvees to increase production amid a growing ",World
Defense picks up slack for Abraham,Shaun Ellis has a high standard for the Jets #39; defense. He says he and his teammates try to do more than just limit the damage opposing offenses do.,Sports
Stocks Down on Coke Warning," NEW YORK (Reuters) - U.S. stocks were lower on Wednesday  after a profit warning from Coca-Cola Co. &lt;A HREF=""http://www.investor.reuters.com/FullQuote.aspx?ticker=KO.N target=/stocks/quickinfo/fullquote""&gt;KO.N&lt;/A&gt; renewed  investors' doubts about earnings growth in the second half of  the year.",Business
Tech firms announce video anti-piracy technology,"Global leading technology firms NDS, STMicroelectronics and Thomson say they will develop new encryption technology to foil video piracy, a 3.5 billion US dollars problem for broadcasters and movie studios.",Sci/Tech
Security Tight for Anniversary of Bali Bombings," KUTA BEACH, Indonesia (Reuters) - Security was tight in  this tourist center on the island of Bali as ceremonies began  on Tuesday to mark the second anniversary of bomb blasts that  killed 202 people, mostly foreigners.",World
Radcliffe #39;s risky recovery strategy,Paula Radcliffe has never faced the kind of pressure she will encounter when she runs in the New York City Marathon here today. Just 10 weeks after failing so dramatically to complete the Olympic marathon ,Sports
S amp;P raises outlook on Ingersoll-Rand,"Standard  amp; Poor #39;s on Thursday raised its outlook on Ingersoll-Rand Co. to  quot;positive quot; from  quot;stable, quot; citing the proposed sale of its Dresser-Rand business unit.",Business
JOHNSON  amp; JOHNSON REPORTEDLY IN TALKS TO ACQUIRE GUIDANT,"Johnson  amp; Johnson is in advanced talks to acquire Guidant Corp. for more than \$24 billion, according to a New York Times report.",Business
Damaged Wire Delays Trains En Route to RNC (AP),"AP - Train service to Penn Station in New York halted Saturday afternoon, creating delays and forcing NJ Transit customers to take PATH trains into the city, officials said.",World
Update 2: Gambro to Pay \$350M to Settle Fraud Case,"The nation #39;s third-largest operator of renal-dialysis clinics has agreed to pay the federal government \$350 million to settle civil and criminal charges that it defrauded Medicare, a US attorney said Thursday.",Business
USDA Expands Healthy Lunch Program,"By ALLISON SCHLESINGER    PITTSBURGH (AP) -- An expansion of a federal pilot program that provides schools with funding for fruits and vegetables might help students get as enthusiastic about brussels sprouts and broccoli as they are about pizza and ice cream, a U.S. Agriculture Department official said on Thursday...",Sci/Tech
"Boeing #39;s quarterly profits increase 78 per cent, raises 2004 &lt;b&gt;...&lt;/b&gt;","US aerospace giant Boeing Co. reported a 78 per cent jump in third-quarter profits, buoyed by a strong defence business, as the company raised its estimate for full-year profits because of a favourable tax outlook.",Business
Glaus Agrees to 4-Year Deal With Arizona (AP),"AP - All-Star third baseman Troy Glaus agreed Thursday to a four-year contract with the Arizona Diamondbacks, who hope the 2002 World Series MVP will rebound from a season cut short by an injured shoulder.",Sports
"Notebook: Burress, Kriewaldt ruled out for Sunday",Steelers receiver Plaxico Burress (hamstring) and linebacker Clint Kriewaldt (hamstring) have been downgraded from questionable to out for Saturday #39;s game at the New York Giants.,Sports
Arroyo mulls declaring  #39;state of fiscal crisis #39;,MANILA -- President Arroyo ordered Monday a study into the proposal of Albay Rep. Jose Maria Salceda to declare the Philippines in a  quot;state of fiscal crisis quot;.,Business
Kmart Swings to Second-Quarter Profit (AP),"AP - Discount retailer Kmart Holding Corp. reported Monday that the company swung to a profit in the second quarter, but same-store sales were still in decline.",Business
"Genesis Crash a Disappointment, But Was a Better Simulation",Some science may have been lost as the Genesis space capsule landed in the Utah desert with a thud. But there might be a glimmer of good news in the failed NASA mission.,Sci/Tech
"Cy Coleman, Broadway Composer, Dies at 75","The debonair jazz pianist and composer of such legendary Broadway tunes as ""Witchcraft,"" ""Big Spender,"" and ""The Best is Yet to Come,"" died on Thursday night.",World
"For ATA, it all boils down to cash","While the entire airline industry #39;s finances are under water, ATA Airlines will have to hold its breath longer than its competitors to keep from going belly up.",Business
UPDATE 3-Cyberonics gets FDA OK for small study,"US regulators, who rejected Cyberonics Inc. #39;s (CYBX.O: Quote, Profile, Research) device to treat depression in August, cleared the therapy ",Business
"NBA Today: Jefferson, Kidd Rock Raptors","EAST RUTHERFORD, NJ --Richard Jefferson scored 26 points and hit a go-ahead jumper with seven seconds left to lift the New Jersey Nets to an 88-86 win over the Toronto Raptors at Continental Airlines Arena.",Sports
Vargas valiant in loss,"ATHENS -- The tears rolled down the bruised cheek of Devin Vargas last night. They were not there because his injured left knee was throbbing, although it was. Vargas cried for a dream, and a fight, lost.",Sports
Siberian cubs get radio collars,A third generation of Siberian tigers are the youngest to be tracked with transmitters by conservationists.,World
Pakistan Downplays CIA Report on Leaks (AP),AP - Pakistan on Saturday downplayed suggestions that a new CIA report indicates that a renegade scientist provided more help to Iran's nuclear weapons program than previously disclosed.,World
Rights 'catastrophe' in Chechnya,"The Council of Europe says human rights in Chechnya are ""catastrophic"" - not the view of the region's president.",World
We Test Drive Sony's PSP,"The portable gaming device is finally available, and looks to be worth the wait.",Sci/Tech
Hostage says he #146;s being treated well ,"BAGHDAD -- A US journalist with Boston-area ties who was abducted by militants in Iraq and threatened with death said in a video aired yesterday that his captors were treating him well, while an Italian journalist also was reported missing in the war-torn country.",World
UK Seeking to Corroborate Reports of Bigley #39;s Death (Update2),UK government officials said they were seeking to corroborate reports by Abu Dhabi television that British hostage Kenneth Bigley has been killed.,World
A New Drug for Lung Cancer,Genentech and OSI's launch of Tarceva brings a new choice in the treatment of lung cancer.,Business
Microsoft to deliver SP1 for Windows Server by year's end,Microsoft plans to ship the first release candidate of Service Pack 1 for Windows Server 2003 by year's end and will release a developer's kit for the high-performance computing version of Windows Server next month.,Sci/Tech
US retail sales remain strong in Nov,"Retail sales rose 0.1pc in November, for the third straight monthly increase. Auto sales declined 1.3pc in the month, after falling 0.5pc in the previous month.",Business
"Oil little changed, ponders winter weather","SINGAPORE, NOV 19: Oil prices were little changed on Friday as traders waited to see whether the onset of the northern winter will put a squeeze on low heating fuel stocks.",Business
Myanmar junta seeks India's help to build democracy (AFP),"AFP - Myanmar's military ruler Senior General Than Shwe met with the Indian leadership saying democracy was the only path to peace and prosperity, just days after he sacked the country's premier.",World
"Venezuelan, Colombian Leaders Hold Talks (AP)","AP - Venezuelan President Hugo Chavez, after meeting with his Colombian counterpart in this Spanish colonial city, swore to treat any illegal, armed Colombian group that enters his country as an enemy of state.",World
Gazprom to bid for production unit of Yukos,"Gazprom, Russia #39;s state-controlled gas monopoly, on Tuesday said it would bid for the main production unit of Yukos, the country #39;s embattled oil ",Business
Harvard Scientists Want to Clone Human Embryos,"CAMBRIDGE, Mass. (AP) -- Harvard University scientists have asked the university's ethical review board for permission to produce cloned human embryos for disease research, potentially becoming the first researchers in the nation to wade into a divisive area of study that has become a presidential campaign issue...",Sci/Tech
Gunmen in Haiti wound UN peacekeeper,"PORT-AU-PRINCE, Haiti - A gunbattle broke out between UN peacekeepers and supporters of ousted Haitian President Jean-Bertrand Aristide yesterday, wounding a peacekeeper for the first time in the force #39;s 4-month-old mission.",World
Former US attorney to probe Boston police pepper ball shooting,An independent panel headed by former US Attorney Donald K. Stern will investigate the death of a college student who was shot by police using pepper pellet guns to subdue rowdy Red Sox fans after the team won the American League pennant.,Sports
Stocks Seen Higher as Oil Eases Its Grip," NEW YORK (Reuters) - Stock futures pointed to a slightly  higher market open on Tuesday as crude oil prices eased for a  third day, giving hope to investors that costly oil was  loosening its grip on the stock market.",Business
"Roundup: Wisconsin routs Penn; UConn, Kentucky roll",Mike Wilkinson scored all but two of his 19 points in the second half and Brian Butch had a memorable debut in No. 20 Wisconsin #39;s 77-44 rout of Penn on Saturday night.,Sports
William Hill slips on punters #39; winning streak,Shares in William Hill have dipped after it warned growth in its winnings had slipped in July and August as customers enjoyed a lucky streak on horse races.,Business
"KU, OU to play in KC in  #39;05",For more than a month it has been public knowledge that Kansas was considering moving next season #39;s home football game against Oklahoma to Kansas City #39;s Arrowhead Stadium.,Sports
"Sun woos Wall Street with pricing, features","Before what appeared to be a receptive audience, Sun Microsystems Inc. Tuesday fired off a barrage of product promotions, upgrades and service announcements in an attempt to retake its traditional stronghold in the financial community in New York.",Business
Mass. launches insurance probes ,Massachusetts Attorney General Thomas F. Reilly and the state Division of Insurance have each opened separate investigations of insurance companies and brokers to determine if any engaged in price fixing or other illegal sales practices that cheated customers out of the best prices for policies.,Business
Neimen Marcus Selling Zeppelin for \$10M,"DALLAS - What do you get for that special someone who has just about everything? How about a personal zeppelin? The 12-seater could be yours for a mere \$10 million from the 2004 Neiman Marcus Christmas Book.    Other gifts in the book include a \$1.7 million winged submarine, jeweled Mr...",World
Anaheim had placed Jenks on waivers,Chicago White Sox: The White Sox claimed right-hander Bobby Jenks off waivers from Anaheim on Friday and designated righty Eduardo Villacis for assignment.,Sports
Israel Offers Cash to Jewish Settlers,Israel is offering cash advances of up to 115-thousand dollars to Jewish settlers willing to leave the Gaza Strip and West Bank. It #39;s the first concrete step toward carrying out Prime Minister Ariel Sharon #39;s contentious pullout plan.,World
"Capriati Hangs On to Stay in WTA Championships Race, Sharapova &lt;b&gt;...&lt;/b&gt;",All three seeds in action won Wednesday at the WTA stop in Philadelphia in (3) Maria  quot;Cell Phone Mannequin quot; Sharapova (d.,Sports
Sunday #39;s Golf Capsules,Woody Austin made a 6-foot birdie putt on the first playoff hole to beat Tim Herron and win the inaugural Buick Championship on Sunday.,Sports
NHLPA requests meeting with NHL next week,"Not likely, but at least it looks like there might finally be some negotiations about ending the NHL lockout. The National Hockey League Players #39; Association confirmed that NHLPA executive director Bob Goodenow ",Sports
A's Want Kendall,Three-time All-Star catcher Jason Kendall has waved a no-trade that could send him from the Pittsburgh Pirates to the Oakland Athletics.,Sports
2 major PeopleSoft shareholders split on Oracle deal (USATODAY.com),"USATODAY.com - Two of PeopleSoft's largest shareholders indicated Tuesday that they would split on supporting Oracle's  #36;8.8 billion takeover bid for its business software rival, plunging the deal into uncertainty.",Sci/Tech
Chiefs Stop Ravens 27-24 for First Victory,"In the NFL its best to keep a sleeping giant down but despite a stellar offensive performance by the Chiefs, the Baltimore Ravens were very opportunistic but in the end the Chiefs defense made the plays and Kansas City wins their first game of the season ",Sports
Cerberus to Buy LNR Property for Cash,"Riley Property Holdings LLC, a new company majority owned by affiliates of New York-based investment firm Cerberus Capital Management LP, agreed to purchase LNR Property Corp.",Business
U.S. Stocks Rise as Oil Prices Tumble, NEW YORK (Reuters) - U.S. stocks rose on Wednesday on  investor relief that oil prices fell sharply after a  higher-than-expected rise in crude stocks last week.,Business
Racism on trial in La Liga,The behaviour of Barcelona fans at Saturday #39;s game against archrivals Real Madrid will be in sharp focus after Spanish football fans covered themselves in shame with their racist chanting against the black England players on Wednesday.,Sports
Computer analysis shows scientists could reconstruct the genome of &lt;b&gt;...&lt;/b&gt;,"Contrary to the movie Jurassic Park, in which scientists recreate dinosaurs from ancient DNA, genetic material more than about 50 thousand years old cannot be reliably recovered.",Sci/Tech
Iraq Delegates Say Sadr Agrees to End Najaf Crisis, BAGHDAD (Reuters) - Iraqi delegates to a conference  choosing a national assembly said Wednesday that radical  Shi'ite cleric Moqtada al-Sadr had agreed to demands to end an  uprising in the holy city of Najaf.,World
"Ex-General Defeats Indonesia's Megawati, Test Awaits"," JAKARTA (Reuters) - Former general Susilo Bambang Yudhoyono  has triumphed over incumbent Megawati Sukarnoputri in  Indonesia's first direct presidential vote, but now must  deliver promised tighter security, better government and more  jobs.",World
Hokies Squeak Past Tar Heels,"Mike Imoh ran for 236 yards and two touchdowns Saturday as No. 18 Virginia Tech edged North Carolina, which missed a 54-yard field goal with about a minute left.",Sports
The Dotted Line,"The Colorado Rapids fired coach TimHankinson, two weeks after the team was eliminated from the MLS playoffs. Hankinson, who led the team to a 39-45-30 record in four seasons, led the team to three postseason appearances overall.",Sports
"Microsoft, Dassault Systemes in Strategic Alliance (Reuters)","Reuters - Microsoft Corp., the world's largest\software maker, and France's Dassault Systemes have forged a\global, 5-year strategic alliance to deliver Dassault's 3D\software to firms using the Microsoft software platform.",Sci/Tech
Xserve G5 Supercluster,"When the Hypersonic Missile Technology team at COLSA Corporation and the U.S. Army need to model hypersonic flight on a computer system, they #146;ll no longer have to wait two months to get results. They now can use one of the world #146;s largest and most powerful computers: a supercluster of 1,566 64-bit, dual-processor Apple Xserve G5 servers. Sep 14",Sci/Tech
Cambodia PM Urges Fast Search for New King,"Cambodian Prime Minister Hun Sen listens to a reporter #39;s questions at Phnom Penh airport Sunday, Oct. 10, 2004. Hun Sen said Sunday that Cambodian lawmakers must work day and night to complete the process ",World
"Bush Rejects Bin Laden Tape, Hits Kerry (Reuters)","Reuters - President Bush vowed on Friday\the United States will not be intimidated by a pre-election\warning from Osama Bin Laden and called Democrat John Kerry\""shameful"" for accusing him of bungling the search for the al\Qaeda leader.",World
Music Companies Embrace P2P File-Sharing,"Even as the RIAA continues to sue downloaders of illegal music over file-sharing networks, some music companies are finally finding ways to use P2P to their advantage.",Sci/Tech
Indian Rhino Born at Buffalo Zoo (AP),"AP - An Indian rhino was born at the Buffalo Zoo this week, one of less than a dozen births in North America in the last decade, zoo officials said.",Sci/Tech
Likely many of this rank could soon be filing,"The championship euphoria has hardly abated. However it's never too early to start thinking about free agency. Not so much who's coming, but which Red Sox may not be around to bask in the Fenway love when the 2004 World Series flag is raised in April.",Sports
PM #39;s visit to focus on reconstruction of Kashmir,"New Delhi: The two-day visit of Prime Minister Manmohan Singh to Jammu and Kashmir, starting on Wednesday will focus more on reconstruction and development of the state, Parliamentary Affairs Minister Ghulam Nabi Azad has said.",World
Best Asian Tourism Destinations,"The new APMF survey of the best Asian tourism destinations has just kicked off, but it's crowded at the top, with Chiang Mai in Thailand just leading from perennial favourites Hong Kong, Bangkok and Phuket in Thailand, and Bali in  Indonesia. Be one of the first to vote and let us know your reasons.",Business
Musharraf ally elected as new Pakistan PM,ISLAMABAD - Pakistan #39;s Parliament elected former Finance Minister Shaukat Aziz as Prime Minister yesterday amid an opposition boycott of the vote.,World
France Faces EU Fight Over Tax Rates,European Union officials Monday rejected a French proposal to cut funding to poor nations in Eastern Europe with low tax rates that tempt investment away from their richer western neighbors.,Business
Intels extreme step for Gamers,AMD released two extremely powerful chips recently after Intel had to back down from the plan of manufacturing a 4GHz version of their Pentium 4 processor.,Sci/Tech
Transmeta bets on LongRun2,"While Intel Corp. and Advanced Micro Devices Inc. continue bringing low-power mobile chips to market, Transmeta Corp. is faced with the possibility of shifting its focus from operations and toward licensing its technologies.",Sci/Tech
Williams dejected after latest injury setback,"Serena Williams #39;s clash with Maria Sharapova in the WTA Tour Championships final was billed as a Wimbledon grudge match, but by the end Williams was too worried about the future to be looking back.",Sports
Damascus feels Beirut #39;s ripple effect,"HE is jowly, uninspiring and favours shiny, wide-knotted ties. He has served for six quiet years as President, yet his modest proposal last week that he be re-elected was enough to unleash a constitutional and political crisis.",World
"US beats Russia, advances to semis",Keith Tkachuk had four goals and an assist to lead the United States into the World Cup of Hockey semifinals with a 5-3 victory last night over Russia in St.,Sports
Cricket: Lara backs Bangladesh to make progress,"SOUTHAMPTON, England : West Indies captain Brian Lara believes Bangladesh are making improvements as a cricketing nation, despite another heavy defeat at the Rose Bowl in the ICC Champions Trophy.",Sports
"Sears, Kmart match could pinch rivals, experts say","The coupling of Martha Stewart housewares and Kenmore #39;s appliances could make the combination of Kmart Holdings Corp (KMRT.O: Quote, Profile, Research ",Business
J. Lewis pleads guilty in drug case,Baltimore Ravens Pro Bowl running back Jamal Lewis pleaded guilty yesterday in federal court in Atlanta to trying to set up a drug deal.,Sports
Lawmakers seek to mandate Dutch-trained Muslim clerics,THE HAGUE -- The Dutch parliament asked the government yesterday to draft legislation compelling mosques to employ only imams who have studied Islamic religion in the Netherlands.,World
"Google, Set for Offering, Cuts Share Price by About a Quarter","Google cut its price range to between \$85 and \$95 a share, down from \$108 to \$135, valuing the company at as much as \$25.8 billion.",Business
Cambodia #39;s King Says He Is Stepping Down,"Cambodia #39;s ailing King Norodom Sihanouk has issued a statement of abdication following nearly a year of self-imposed exile. Citing previous health concerns and a  quot;new and serious ailment, quot; the long-ruling ",World
China Hikes Interest Rates,"China on Thursday announced it would hike interest rates for most deposits and loans by 0.27 percentage points, the first rise in nine years.",Business
Shaq turns up Heat at home,Shaquille O'Neal made sure the arena was filled. Dwyane Wade took care of sending the record crowd home happy.,Sports
Intel Cuts Prices in Preparation for New Product Line,Intel is moving to reduce its chip inventory and make way for new products by deeply discounting some of its Pentium 4 and Itanium processors.,Sci/Tech
BRA plan pushes condos in Fenway,"Seeking to encourage condo development in a neighborhood of mostly renters and institutions such as Northeastern University and the Museum of Fine Arts, the Boston Redevelopment Authority is set to vote tomorrow on new zoning rules for most of the Fenway.",Business
"Republicans Open Convention, Plan 9/11 Tribute (Reuters)","Reuters - Republicans opened their national\convention on Monday to nominate President Bush for a second\term with plans for four days of tributes to his wartime\leadership and his response to the Sept. 11, 2001, attacks.",World
New York crude smashes past 48 dollars for first time,"NEW YORK : New York crude oil smashed past 48 dollars a barrel for the first time, menacing the 50-dollar mark, as heavy fighting gripped the Iraqi city of Najaf. ",Business
US missile defence test fails,"WASHINGTON - The first full test in nearly two years of a multibillion-dollar US anti-missile shield failed Wednesday when one missile launched but a second shut down before leaving the ground, the Pentagon says.",Business
Hurricane Ivan Continues To Churn Towards The Caribbean,"MIAMI, FL, Tues. Sept. 7: Dangerous Hurricane Ivan maintained its intensity at 11 pm last night churning just about 210 miles... A hurricane warning remained in effect for Barbados last night along with St.",World
Kodak wins patent lawsuit against Sun,"A federal jury in New York has dealt a legal blow to Sun Microsystems Inc., ruling that Sun violated several patents held by Eastman Kodak Co. when it developed its Java technology, a Kodak spokeswoman confirmed on Monday.",Sci/Tech
"U.S. Bombs Rain on Falluja, Rebels Attack in Samarra"," FALLUJA, Iraq (Reuters) - U.S. forces poised to assault  Falluja bombarded the rebel stronghold on Saturday, while  insurgents launched deadly attacks that killed 34 people in  Samarra, another city in Iraq's Sunni Muslim heartland.",World
Berlusconi condemns reported killing of Italian hostage in Iraq,Premier Silvio Berlusconi vowed Italian troops would not leave Iraq even and condemned the reported killing of an Italian hostage as an act ,World
Greece to be warned on euro data,The European Commission is to warn Greece about publishing false information about its public finances.,Business
Product Review: iPaq 6315 Smartphone (NewsFactor),"NewsFactor - The iPaq H6315 from Hewlett-Packard is the first all-in-one wireless device to combine GPRS wireless data, Wi-Fi (802.11b) and Bluetooth functionality in a single package.",Sci/Tech
Charging Els moves to the top,"Wild weather seems to bring out the best in Ernie Els, who was both steady and spectacular yesterday in a cool rain, warm sunshine, and blustery conditions for an 8-under-par 64 that gave him a two-shot lead in the American Express Championship at Thomastown, Ireland.",Sports
Three Palestinians killed in Gaza,"Armed Hamas activist, two teenagers killed during Israeli army raid into north of Gaza Strip. GAZA CITY - Three Palestinians, including an armed Hamas activist, were killed Wednesday during an Israeli army ",World
Sharon Says Rejected U.S. Bid for Talks with Syria," JERUSALEM (Reuters) - Israeli Prime Minister Ariel Sharon  poured cold water on Tuesday on recent international efforts to  restart stalled peace talks with Syria, saying there was ""no  possibility"" of returning to previous discussions.",World
US experts to examine filtering Web songs: Court,"Sydney, December 4: US technical experts will fly to Australia to examine whether song files swapped by users of Kazaa, the world #39;s most popular Internet file-swapping system, can be filtered, a judge hearing a copyright case has ruled.",Sci/Tech
Els Eases Ahead,"Ernie Els posts a tidy round of 4-under 68, giving him a two-shot lead heading into the final round of the American Express Championship.",Sports
NASA Administrator Steps Down,Sean O'Keefe quit Monday to pursue a job as chancellor of Louisiana State University Baton Rouge campus.,Sci/Tech
Virus poses as Christmas e-mail,Security firms are warning about a Windows virus disguising itself as an electronic Christmas card. The Zafi.D virus translates the Christmas greeting on its subject line into the language of the person receiving infected e-mail.,Sci/Tech
Airbus sees big demand for huge jets,LONDON Airbus has predicted that an average of 830 passenger aircraft will be built each year for the next two decades and that the new Airbus jumbo A380 will be so successful that Boeing will be forced to develop a competitor.,Business
Yankees Lead BoSox 1-0 in Game 2 of ALCS,"NEW YORK - Gary Sheffield hit an RBI single, and the New York Yankees took a 1-0 lead over Pedro Martinez and the Boston Red Sox in Game 2 of the AL championship series Wednesday night.    New York starter Jon Lieber allowed only one hit and a walk, stifling Boston's sluggers just as Mike Mussina did the night before...",World
Symantec Unveils Security Strategy (NewsFactor),NewsFactor - Symantec (Nasdaq: SYMC) has launched a new strategy for enterprise I.T. security that is designed to help businesses manage and protect the massive\amounts of digital information on their networks.,Sci/Tech
"McDonald #39;s testing deli sandwiches in Louisville, other markets","McDonald #39;s Corp. (NYSE: MCD) plans to expand a test market of five types of deli-style sandwiches to Louisville and three other cities, according to reports. ",Business
Dodgers can clinch division title Friday,"BRISTOL, Connecticut (Ticker) - The Los Angeles Dodgers are closing in on their first playoff berth in eight years. Beating the San Francisco Giants for the National League West title would make it that much sweeter.",Sports
Spanish offer a token of regret,"The Spanish Football Federation led the way, sending a letter of apology to the Football Association. General secretary Jorge P Arias condemned the fans #39; behaviour and reiterated his federation #39;s position against racism in football.",Sports
Photos: Gateway's wind-tunnel design,Gateway's new motherboard design helps machines run cooler and more quietly than other Gateway desktops.,Sci/Tech
Suicide Car Bomb Kills 37 at Pakistan Religious Rally," MULTAN, Pakistan (Reuters) - A suicide car bomb exploded in  central Pakistan, killing at least 37 people and wounding more  than 50 at a rally for an assassinated militant religious  leader early on Thursday, police said.",World
Kmart snaps up Sears for \$11bn,"The discount retailer Kmart announced yesterday an \$11bn (5.9bn) acquisition of Sears Roebuck, bringing two of the best-known names in American retailing under one roof.",Business
Macys name goes national,"Recognizing the power of its single largest retailing name, Federated Department Stores Monday said it will re-brand all of its regional chains into Macy #39;s stores.",Business
The Genesis Payload: Just How Dangerous are its Contents?,"When NASAs Genesis solar-wind sample return capsule skyrockets from space next week and drops into the Utah Test and Training Range, that landmark in civilian space draws upon a once classified satellite snooping program.",Sci/Tech
COURT HEARING Abuse Judge May Give Immunity for Testimony by &lt;b&gt;...&lt;/b&gt;,The judge in the Abu Ghraib prison abuse case said Tuesday that he might award immunity from prosecution in exchange for the testimony of several senior military ,World
Fannie Mae chief defends accounting,WASHINGTON - Fannie Mae chief Franklin Raines told Congress on Wednesday that the huge mortgage company did not intentionally manipulate earnings to boost executives #39; bonuses.,Business
Report: IBM's PC business up for sale,"IBM has put its PC business up for sale, according to a story published on Friday on Web site of The New York Times.",Sci/Tech
A chat check list for IT managers,"There are hundreds of considerations when selecting and implementing an IM management solution -- from product features and technology to pricing. Still, IM security consultants and vendors agree that the following points apply across the board.",Sci/Tech
EU bid to catch US economy 'a big failure': Prodi (AFP),"AFP - Europe's efforts to catch up to and then outpace the US economy have been  quot;a big failure, quot; the outgoing head of the European Union executive commission, Romano Prodi, told the Financial Times in an interview.",World
Levi shoots 64 to lead Champions Tour event,"HUNT VALLEY, Md. - Wayne Levi tied a tournament record with an 8-under 64 and held a one-shot lead over Rodger Davis after the first round of the Constellation Energy Classic on Friday.",Sports
AOL Fraud Claim Settled,Time Warner will be paying \$210 million as part of a settlement for securities fraud charges leveled by the US Department of Justice.,Business
Media Mogul Black  #39;Lined his Pockets Every Day #39;,"Not once or twice, but on dozens of occasions Hollinger was victimised by its controlling shareholders as they transferred to themselves and their affiliates more than US dollars 400 million (22 M) in the last seven years, according to the report ",Business
Sudanese Aid Workers Released by Rebels (AP),"AP - Rebels released six Sudanese aid workers early Wednesday in Darfur, four days after they went missing during a trip to register refugees fleeing a brutal campaign of killings in the war-ravaged region, a U.N. official said.",World
Blowout crushes Terps #39; bowl bid,Maryland #39;s long-shot hopes for a bowl bid and winning season ended with the worst loss in coach Ralph Friedgen #39;s four seasons.,Sports
Pacific Hydro Appoints Advisers for Possible Sale (Update2),"Pacific Hydro Ltd., Australia #39;s biggest listed renewable energy company, hired advisers after receiving approaches that may lead to a takeover.",Business
UPDATE 2-Anthem gets subpoena from Connecticut atty general,"Anthem Inc. (ATH.N: Quote, Profile, Research) has received a subpoena from the Connecticut attorney general in connection with the state #39;s probe into insurance broker fees, the health insurer said on Tuesday.",Business
Blast at Bangladesh Opposition Meeting Kills 4," DHAKA (Reuters) - At least four people were killed when one  or more bombs exploded as former Bangladesh prime minister  Sheikh Hasina Wajed addressed a public meeting outside her  party headquarters on Saturday, police and witnesses said.",World
UK #39;s Brown Says There Can Be No Guarantees #39; on Tax Increases,"UK Chancellor of the Exchequer Gordon Brown said it would be irresponsible #39; #39; to offer guarantees that there won #39;t be tax increases, while refuting accusations his spending plans aren #39;t affordable.",Business
Report: China to Release Jailed Dissident (AP),"AP - China plans to release a prominent imprisoned dissident this week, cutting short his sentence in an apparent ""conciliatory gesture"" by the government of President Hu Jintao, a human rights group said Tuesday.",World
DreamWorks Animation IPO Raises  #36;812 Mln (Reuters),Reuters - DreamWorks Animation SKG\Inc.'s initial public offering raised a more-than-expected  #36;812\million on Wednesday in a deal that marked the first IPO by a\major movie studio in seven years.,Business
Sears Canada fires CEO in abrupt move,"Sears Canada Inc., which has struggled with declining sales over the past few years, said Thursday it fired chairman and chief executive officer Mark Cohen because of strategic differences over the future direction of the business.",Business
Las Vegas Sands Prices Its IPO at \$29,"Las Vegas Sands Corp. priced its initial public offering at \$29 per share Tuesday night, up dramatically from the company #39;s previous targets.",Business
Bonds Gets Day Off in Finale Vs. Padres (AP),"AP - Barry Bonds rested Sunday, staying out of the starting lineup in the San Francisco Giants' series finale against the San Diego Padres.",Sports
Kidnappers in Iraq Free Seven Truckers (AP),"AP - Militants released seven foreign hostages Wednesday after their employer paid  #36;500,000 ransom, while France mustered support from Muslims at home and abroad to push for the release of two French journalists still held captive in Iraq.",World
New Jersey Nets 2004-05 Season Preview,Free agent; Rodney Buford (G) - New Jersey; Nenad Krstic (C/F) - 2002 first round draft pick; Ron Mercer (G) - Free Agent; Jacque ,Sports
30 killed in insurgent attacks in Baghdad; Two US soldiers die in &lt;b&gt;...&lt;/b&gt;,"In the deadliest insurgent violence in weeks, militants stormed two police stations and a mosque in Baghdad on Friday, killing 30 people.",World
Davis #39; days could be numbered with Browns,"One more loss with the Browns and Butch Davis could be going back to college. Cleveland #39;s embattled coach might be running out of time to keep his NFL job, which has been slipping away with every defeat.",Sports
Palestinian gunmen free CNN producer kidnapped in Gaza strip,Palestinian gunmen have released an Israeli Arab producer working for the CNN television network who was kidnapped yesterday in the Gaza Strip.,World
ISPs File Suits Against Spammers (washingtonpost.com),"washingtonpost.com - Four of the nation's largest online providers yesterday announced a new round of lawsuits aimed at e-mail spammers, including the first major case involving spam sent via an instant messaging service.",Sci/Tech
College Football: Tailback U takes on new meaning at Southern Cal &lt;b&gt;...&lt;/b&gt;,"LANDOVER, Maryland It was a test of character not many people expected top-ranked Southern California would face so early in the season.",Sports
"After a Decade, Philips Makes PCs Again (Reuters)","Reuters - After an absence of a decade, Philips\Electronics is making personal computers again, the company\said on Thursday.  The Netherlands-based electronics\conglomerate, which abandoned the PC business in the early\1990s after suffering big losses, quietly introduced six models\together with British retailer Dixons earlier this week.",Sci/Tech
CA bundles storage apps,Officials at Computer Associates International Inc. are trying to upgrade their image in the storage market with a bundled solution that contains many applications that were previously available individually ,Sci/Tech
Sony Begins Mass Production of OLED Displays,Sony announced today that they will start mass production of a full-color Organic Light Emitting Diode (OLED) display. The new displayed will be first used in their new CLIE PEG-VZ90 handheld.,Sci/Tech
"Goldman, Lehman Post Strong Results"," NEW YORK (Reuters) - Investment bank stocks rose strongly  Tuesday after Goldman Sachs Group Inc. &lt;A HREF=""http://www.investor.reuters.com/FullQuote.aspx?ticker=GS.N target=/stocks/quickinfo/fullquote""&gt;GS.N&lt;/A&gt; and Lehman  Brothers Holding Inc. &lt;A HREF=""http://www.investor.reuters.com/FullQuote.aspx?ticker=LEH.N target=/stocks/quickinfo/fullquote""&gt;LEH.N&lt;/A&gt; reported surprisingly strong  third-quarter results, indicating that sluggish market  conditions this summer did not dent Wall Street earnings.",Business
Google Profit Up in 1st Reported Quarter (Reuters),"Reuters - Web search leader Google Inc.\, in its first earnings report as a publicly held\company, on Thursday posted a profit of  #36;52.0 million in the\third quarter on strong Web search advertising.",Business
Euro Disney Eyes  #36;180 Mln 'Tower of Terror'-Source (Reuters),"Reuters - Euro Disney wants to use part of a\planned rights issue to build a gut-wrenching new ""Tower of\Terror"" ride that could cost some 150 million euros ( #36;182.2\million), sources familiar with the situation said.",Sci/Tech
Briefly: Maxtor loses its CFO--again,"roundup Plus: Profits, revenue climb at Rambus...Apple iTunes sales quicken...Nortel pushes back Flextronics deal.",Sci/Tech
Southern Cal Wary of Colorado State QB (AP),AP - Southern California tailback LenDale White remembers Justin Holland from high school. The Colorado State quarterback made quite an impression.,Sports
US Airways names vice president of restructuring,"US Airways Group Inc. named a vice president to oversee its restructuring efforts, the airline said Thursday. James Schear will handle US Airways #39; organizational restructuring responsibilities and work with ",Business
Salt Lake gets expansion team; divisions realigned for 2005,The Arena Football League Board of Directors approved Salt Lake City #39;s expansion bid on Monday and realigned divisions for 2005 after dropping three teams.,Sports
Running 'key to human evolution',US researchers say humans began endurance running about 2 million years ago to help hunt for prey.,Sci/Tech
Youhana #39;s efforts in vain,"It was a fine occasion, but it could have been a grand one without a touch of avarice. There were plenty of empty seats here despite the presence of two of the most charismatic sides in the world.",Sports
Nintendo Says 12 DS Games to Debut in Japan," TOKYO (Reuters) - Japan's Nintendo Co. Ltd. said on  Thursday it will make available 12 software titles for its new  ""DS"" handheld game console when the dual-screen machine debuts  in Japan on Dec. 2.",Sci/Tech
Peace returns to Najaf,"Amid the twisted metal and rubble of downtown storefronts and homes, in the side streets where residents tentatively ventured out, and even among the rebels in retreat, the word ",World
Treasuries Down After 'Ugly' Auction, CHICAGO (Reuters) - Treasuries prices fell on Thursday  after results of an auction of U.S. government debt were weaker  than expected and drew almost no private demand.,Business
George Solomon,"In a career that spanned 75 years of writing for The Washington Post, the late columnist Shirley Povich covered some of the most memorable sporting events of the century.",Sports
Best Buy #39;s 3Q Earnings Climb 21 Percent,"MINNEAPOLIS - Best Buy Company Inc., the nation #39;s largest electronics retailer, said on Wednesday that third-quarter earnings rose 21 percent, but gave hints that profits during the holiday selling season may not be quite what analysts were hoping for.",Business
3 Inmates Questioned on Alleged Spain Plot (AP),"AP - Three Algerians who are considered close to a suspected ringleader of the Madrid train bombings are being questioned about an alleged plot to kill judges investigating Islamic terrorists, officials said Thursday.",World
Howard accuses Government of lacking  #39;real #39; post-war Iraq plan,Conservative leader Michael Howard has accused the Government for going to war with Iraq devoid of a comprehensive plan to restore stability to the country.,World
Funk loses sole lead after bogey,"ZACH JOHNSON, a rookie on the PGA Tour, and Fred Funk share the lead after the second round. Johnson is tied with Funk atop the leaderboard when Funk bogeyed the par-4 18th hole.",Sports
Do Not Rule Out Lower-Priced Apple iMac--Analyst," SAN FRANCISCO (Reuters) - Apple Computer Inc. &lt;A HREF=""http://www.reuters.co.uk/financeQuoteLookup.jhtml?ticker=AAPL.O qtype=sym infotype=info qcat=news""&gt;AAPL.O&lt;/A&gt;  could decide to sell a lower-priced of its Macintosh computer  to attract consumers already enamored of its iPod music player  and annoyed by security problems with Windows PCs, Piper  Jaffray analyst Gene Munster said on Thursday.",Sci/Tech
Stocks to Watch Tuesday, The Web search company said it will commence its share  buyback offer today for the 23.4 million common shares it may  have issued improperly to previous and current employees and  consultants.,Business
AT amp;T lowers price of VoIP phone service,AT amp;T has lowered the price of its CallVantage telephone service to \$29.99 per month. It includes unlimited local and long distance calling within the US and Canada.,Sci/Tech
The Final Capitalist Frontier,Future space explorers might bring back more than just pictures from their excursions -- they could mine the planets for profit. By Mark Baard.,Sci/Tech
Majority of FCC OKs Cingular-AT amp;T Wireless-Source,A majority of the US Federal Communications Commission has voted to conditionally approve Cingular Wireless #39; proposed acquisition of AT amp;T Wireless Services Inc.,Business
"Stocks Slump on Higher Oil, Fannie Mae",Stocks fell sharply on Wednesday after oil prices jumped more than a dollar and a US government review questioned home finance company Fannie Mae #39;s (FNM.,Business
Microsoft Schedules Second Longhorn Event,"Microsoft has set a date for a second Longhorn-themed Professional Developers Conference (PDC). The event will be held in September 2005, almost two years after the company first detailed the Windows XP successor at the 2003 PDC.",Sci/Tech
Henman manages to see off Moodie,Britain #39;s Tim Henman had to work hard before overcoming South African Wesley Moodie in the second round of the Swiss Indoors in Basle.,Sports
Walgreen posts higher quarterly profit,"Walgreen says its fiscal fourth-quarter earnings topped forecasts, rising 18 percent on higher prescription sales at stores open at least one year.",Business
US Troops Occupy All of Fallujah,"A US Marine arrests Iraqi men in the western part of Fallujah, Iraq, Saturday, Nov. 13, 2004. About 80 percent of the city was said to be under US control, with insurgents pushed into a narrow corner.",World
PeopleSoft #39;s Schizophrenia,"Craig Conway was fired from PeopleSoft (nasdaq: PSFT - news - people ) today, the same day the company announced that its third-quarter license revenue will be much better than expected.",Business
Uncharted territory,Jets players were already thinking ahead to their showdown in New England next weekend before theyd toweled off from their showers after dodging a major disaster Sunday.,Sports
Bush can #39;t hide from UK surfers,Surfers that have been unable to visit the official re-election site of President George W Bush all week can access the site through an alternative address.,Sci/Tech
FOOTBALL: BLATTER: I #39;LL BACK WALK-OFF,FIFA president Sepp Blatter last night said he would have supported England #39;s players had they staged a walk-off in Madrid last week.,Sports
Howard Stern to Broadcast on Sirius Radio in 2006,"Howard Stern, one of the most popular US radio personalities, on Wednesday said he will broadcast his show on Sirius Satellite Radio Inc.",Business
EU Sees Russia Backsliding on Democracy," BRUSSELS (Reuters) - Russia is backsliding on democracy and  the EU must take Moscow to task while bringing other former  Soviet republics closer to the West, the bloc's incoming  External Relations Commissioner said on Tuesday.",World
Detained man links Azahari to blast,"JAKARTA: Indonesian police have detained a man who was with notorious JI operative Azahari bin Husin in the minutes before the Jakarta embassy blast, national police chief Dai Bachtiar said yesterday, directly linking Azahari to the bombing for the first ",World
Bonds more than a mere MVP,"It may be time to retire the National League Most Valuable Player Award, or at least put it in hibernation until Barry Bonds retires.",Sports
Falluja Rebels Had Enough Arms to Rule Iraq -U.S. (Reuters),"Reuters - Arab militants and\insurgents who ruled the volatile city of Falluja before a\U.S.-led offensive this month had enough weapons to take over\all of Iraq, Marine officers said on Wednesday.",World
The Dollar Loses Ground," LONDON (Reuters) - The dollar lost ground on Friday after a  stronger than expected German business sentiment survey boosted  the euro, but thin pre-holiday trade made moves erratic.",Business
Restated 2004 Nortel results set for release,"Nortel Network Corp. #39;s board of directors was scheduled to meet last night to approve financial data that will be released this morning, giving the public its first look at the company #39;s 2004 performance. ",Business
Comfortable Win Earns Ajax First Points,"Ajax threw themselves a qualification lifeline at the Amsterdam ArenA with an emphatic 3-0 victory over Maccabi Tel Aviv in Champions League Group C. First-half goals from Wesley Sonck, Nigel De Jong and skipper ",Sports
Taiwan sparks Japan-China row,China warns Japan its granting of a sight-seeing visa to former Taiwan president Lee Teng-hui will harm ties.,World
"From Behind the Scenes, Rice on Stage",Administration officials said President Bush might name Condoleezza Rice as secretary of state as early as Tuesday.,World
AD says university did nothing wrong,Ohio State wants to interview former players who have corroborated Maurice Clarett #39;s allegations of improprieties within the football program.,Sports
S.Korea on Alert for Possible Infiltration (AP),AP - South Korea went on high alert over possible infiltration by North Korean agents Tuesday after border guards found a hole cut in a fence. The alert came as Secretary of State Colin Powell urged the North to return to nuclear talks if it wants international assistance.,World
Battalions go in troops shake-up,"Geoff Hoon announces a major restructuring of the Army, which will see four battalions cut and regiments merged.",World
Typhoon kills 3 in Taiwan,"Typhoon Nock-Ten killed three people and injured several others in Taiwan, according to a Hong Kong radio station on Monday. The dead include a male TV reporter and a fireman and another person still remained missing.",World
Diplomats Question Ukraine on Election (AP),AP - The United States urged the Ukrainian government on Tuesday not to certify pro-Russia Prime Minister Viktor Yanukovych as winner of disputed presidential elections in the former Soviet republic because of suspected widespread fraud.,World
Wall St. Seen Mixed; Retailers Eyed (Reuters),Reuters - A mixed opening is seen for U.S. on\Tuesday as markets await earnings from retail giants Wal-Mart\Stores  and Home Depot  and inflation data to\evaluate the impact of high oil prices on the economy.,Business
SI.com,"OAKLAND, California (Ticker) -- Those who wrote off the Texas Rangers in recent weeks soon may be forced to adjust their thinking.",Sports
Bio Data-Cruncher Hits Jackpot,"A Harvard biologist scores on three fronts with a genetic discovery in diabetes, an advance toward curing a rare children's disease and a \$500,000 award for scientific creativity. Fifth in a series profiling the MacArthur Foundation 'genius award' winners. By Kari Lynn Dean.",Sci/Tech
Halloween Evolves Into High-Tech Holiday (AP),"AP - As a child, Tom McGannon always had the most decorated house on the block during the Halloween season. At 36, he still does, but the decorations are more high-tech.",Sci/Tech
More Pain Coming at Tenet,"Tenet (THC:NYSE - news - research) continued to test the nerves of its daring shareholder corps Monday, predicting a wider-than-expected fourth quarter loss, a billion-dollar writedown and another weak year in 2005.",Business
Damage at Kennedy Space Center from Frances,KENNEDY SPACE CENTER No storm in history has done more damage to the Kennedy Space Center than Hurricane Frances did. Officials at the Florida facility say the storm tore about a-thousand exterior panels from the Vehicle Assembly Building.,Sci/Tech
MOTOGP NEWS Rossi feels pressure to clinch crown.,"Valentino Rossi and Sete Gibernau will go head to head in the Australian Grand Prix on Sunday, and they began the battle by dominating the first qualifying session at Phillip Island this afternoon.",Sports
UPDATE: Australia #39;s Fairfax Eyes Role In Media Shake-Up,"SYDNEY (Dow Jones)--As investors speculate about the future landscape of the Australian media industry, newspaper publisher John Fairfax Holdings Ltd.",Business
"Arkansas Could Receive \$337,500 in Securities Settlement","The state #39;s securities commissioner says a settlement between securities regulators and two firms likely means \$337,500 for Arkansas.",Business
Prosecutors Drop Kobe Bryant Rape Case,The Kobe Bryant rape case was dismissed after the prosecution said the woman who had accused Mr. Bryant of sexual assault would no longer cooperate.,Sports
Fox hunt protest turns violent,"LONDON -- In the second major security breach in London this week, five fox hunting enthusiasts stormed onto the floor of the House of Commons yesterday to disrupt a debate on banning the centuries-old sport.",World
Backing for sale of AT amp;T Wireless,Federal Communications Commission Chairman Michael Powell yesterday unofficially recommended that the agency approve Cingular Wireless #39; proposed \$41 billion purchase of Redmond #39;s AT amp;T Wireless.,Business
Jury Rules for Kodak in Java Patent Dispute,Eastman Kodak Co. won the first round of a Java lawsuit against Sun Microsystems Inc. that could impact Sun #39;s bottom line and possibly threaten Microsoft #39;s .,Sci/Tech
Sprint and Nextel Announce a \$35 Billion Merger,"While the combined company makes a formidable No.3 player in the wireless market, it may be hard pressed to match the firepower of its larger rivals.",Business
Brief: Siemens warns of ear damage from loud mobile tune,Siemens warned customers of a software defect in a range of mobile phones that could cause hearing damage.,Sci/Tech
Germany #39;s Lufthansa to boost flights to Asia,"BERLIN : German flag carrier Lufthansa plans to boost by 50 percent its flights to China by 2007, company chairman Wolfgang Mayrhuber said.",Sci/Tech
Shell clears Nigeria bases,"OIL giant Royal Dutch/Shell has evacuated two platforms in Nigerias southern region, following clashes between troops and militia fighters.",World
"Kodak, Sun settle potential \$1B lawsuit","(October 7, 2004) - Eastman Kodak Co. and Sun Microsystems Inc. have settled their contentious legal dispute over Java programming language, skirting a trial on financial damages that could have brought Kodak more than \$1 billion.",Sci/Tech
Enter your e-mail:,"This has been a rumor for awhile now, but now it #39;s fact: Netflix and Tivo are teaming up for a service that will let Tivo owners download movies onto their Tivo boxes via a broadband connection.",Business
US economy buffeted by record high oil prices,"High oil prices, which have een a factor in virtually all US recessions over the past three decades, are surging again this year. And the higher crude oil prices climb, the more risk energy ",Business
Loaded for Bears,Defensive coordinator Greg Blache spent the last five seasons in the same position in Chicago and has Washington prepared for Sunday.,Sports
Champions League: Group B - Roma drop out and Real Madrid cling on &lt;b&gt;...&lt;/b&gt;,"Things are getting pretty tight in Group B, after Dynamo Kiev and Real Madrid played out a 2-2 draw in Ukraine. The Spanish giants came from two goals down to earn their point, after goals from Yussuf and Verpakovskis for Kiev.",Sports
"Analyst: CRM, Supply-Chain Software To Lead Spending (NewsFactor)","NewsFactor - Over the next several years, an increasingly larger share of I.T. budgets will go toward externally facing applications, according to Yankee Group.",Sci/Tech
Six bodies found in two group suicides in Japan,"Six people were found dead in two deserted cars over the weekend in Japan #39;s latest group suicides, police said Monday. A woman and two men in their 20s were found slumped over in a car parked ",World
"For Hall, a splash and dash to another gold","ATHENS -- The defending champ took the blocks as if he were Apollo Creed last night, dressed in a star-spangled robe and trunks and brandishing his clasped hands like a prizefighter. And then Gary Hall Jr. went out and knocked the rest of the swimming world on its backside again, winning the 50-meter freestyle by a hundredth of a second ...",Sports
Stone Gone,"CHICAGO - After a season full of frustration and several well-documented hissy fits from Cub players, veteran broadcaster Steve Stone announced his resignation Thursday night on WGN AM Radio.",Sports
Dodgers land Ledee for depth,"The Dodgers made their first acquisition of the offseason Monday, signing reserve outfielder Ricky Ledee to a two-year, \$2.5 million contract.",Sports
Day 6 Roundup: China back on winning track,"After two days of gloom, China was back on the winning rails on Thursday with Liu Chunhong winning a weightlifting title on her record-shattering binge and its shuttlers contributing two golds in the cliff-hanging finals. ",Sports
Afghan President: Bin Laden Is Nearby (AP),"AP - Afghan President Hamid Karzai said Sunday that Osama bin Laden is ""definitely"" in the region and eventually will be caught, even though American and Pakistani generals admit the trail is cold.",World
Sirius Satellite Radio: Jewtopia Comics on  quot;Radio Playbill quot; Oct.,"Special guests on  quot;Radio Playbill quot; Oct. 25-Nov. 7 are Bryan Fogel and Sam Wolfson, the authors and stars of the new Off-Broadway comedy, Jewtopia, which arrived in New York after a record-setting run in Los Angeles.",Business
Mobile phone use linked to benign tumors,"STOCKHOLM - Oct. 15, 2004 -en or more years of mobile phone use increases the risk of a rare type of non-cancerous tumor according to a new study.",Sci/Tech
Jordan To Head Scouting,The Orioles name former Florida Marlins scout Joe Jordan director of scouting on Tuesday. Jordan worked with VP Jim Beattie from 1997 to 2001 with the Expos.,Sports
All eyes turn to Old Trafford as Rooney returns,"Wayne Rooney, the hero of England #39;s European Championship campaign in Portugal in June, makes his long-awaited return to action, probably as a substitute in Manchester United #39;s tricky Champions ",Sports
"Volcano Erupts in Southern Colombia, Ignites Fires (Reuters)","Reuters - The Galeras volcano in\southern Colombia erupted on Sunday, spraying rocks and\starting short-lived forest fires, but no injuries were\reported, the government said.",Sci/Tech
US cracks down on cybercrime,"WASHINGTON The Justice Department has announced that more than 150 people have been arrested, charged or convicted in the past three months in a crackdown on criminal activity on the Internet.",Sci/Tech
Stocks Open Flat as Oil Prices Weigh," NEW YORK (Reuters) - U.S. stocks opened flat on Wednesday,  with high oil prices and a spate of profit warnings weighing on  the market.",Business
"American Hits Wrong Target, Loses Gold Medal", ATHENS (Reuters) - Matthew Emmons is a trained accountant  but he got his numbers terribly wrong on Sunday.,Sports
Athens #39; image bolstered by Olympics,"Early fears of an Olympics disaster failed to materialize here in Athens, where the heightened security may have been obtrusive, but was not enough to keep away the crowds.",Sports
US reveals anti-piracy proposals,"A new report calls for the creation of new anti-piracy offices across the US, Europe and Asia.",Sci/Tech
Buying a necktie with Joseph Abboud,"Stripes are back. Solid red is out. And purple (indigo, to you, buddy) is the new power blue.",Business
Yahoo gets Travel Savvy,"Yahoo has said that it would soon begin testing a search engine called FareChase that allows travel shoppers to compare prices. The site, available to the general public since late Tuesday is meant to help ",Sci/Tech
Fledgling Thunderbird takes on Outlook,"Not content with eating into Microsoft #39;s share of the browser market with Firefox, the Mozilla Foundation has released an open-source email client to rival Outlook.",Sci/Tech
"Microsoft Plans Russian Hotmail, Network","Microsoft Corporation plans to create Russian versions of its Hotmail e-mail program and Microsoft Network online service, Associated Press reports.",Business
On Wall Street: Dominic Rushe: The slammer is no deterrent for the &lt;b&gt;...&lt;/b&gt;,"JEREMY JAYNES is about to make history. As the first spammer to be sent to the slammer, Jaynes was described by prosecutors last week as a modern-day snake oil salesman.",Sci/Tech
"Disney quarterly profit up 24, beating expectations",LOS ANGELES - Walt Disney (DIS) quarterly profit rose 24 as cable TV results and a tax benefit more than offset a drought at its movie studio.,Business
"Tivo, Netflix Close to Internet Movie Deal - Newsweek","&lt;p&gt;\&lt;/p&gt;&lt;p&gt; WASHINGTON (Reuters) - Online DVD renter Netflix Inc.\&lt;NFLX.O&gt; and television recorder maker TiVo Inc. &lt;TIVO.O&gt; are\close to a deal to allow Netflix subscribers to download movies\over the Internet to their TiVo devices, according to the\latest issue of Newsweek magazine.&lt;/p&gt;",Sci/Tech
Notre Dame #39;s Willingham just had too many bad Saturdays,There has been much talk over the past 36 hours about how Notre Dame and its football program are now no different from any number of other college football  #39;factories #39; littering the landscape.,Sports
Saddam Hussein Sowed Confusion About Iraq's Arsenal as a Tactic of War,"Saddam Hussein hid behind ambiguities and evasions about whether Iraq possessed illicit weapons, partly as a deterrent to Iran.",World
Farina Elia moves on in Luxembourg,"LUXEMBOURG (Ticker) - No. 3 Silvia Farina Elia of Italy became the first seeded player to advance at the SEAT Open Luxembourg. Farina Elia, ranked 21st in the world, made quick work of Frenchwoman Stephanie ",Sports
CSC lands \$52 million biometrics deal,Contract with Department of Defense is part of homeland security boom.,Sci/Tech
Thinking of Winchester,"Navy coaches remember Ron Winchester's gregarious personality Monday, four days after the former Midshipmen tackle was killed in the Al Anbar province in western Iraq.",Sports
"Trend Micro offers cellphone, PDA security","CUPERTINO, Calif., Dec. 7 - Trend Micro has announced the availability of Trend Micro Mobile Security, providing antivirus and anti-spam protection for SMS messaging customers using data-centric mobile phones and PDAs.",Sci/Tech
Violence continues in Fallujah,A witness said one of the wounded was a taxi driver who was allegedly shot by American soldiers as he was driving a family back from Baghdad.,World
Swiss referendum tests virtual democracy,Swiss authorities have hailed as a success what they said was the world #39;s first binding internet vote in a national referendum.,Sci/Tech
UN says children suffering the most,"GENEVA -- The fighting in Iraq is ''wreaking havoc quot; on the children, all but preventing relief groups from working in the country, the UN children's agency said yesterday.",World
"Health Highlights: Aug. 18, 2004","Here are some of the latest health and medical news developments, compiled by editors of HealthDay:    -----       Greek Athletes Who Missed Drug Test Quit Games      The two Greek athletes who missed a drug test on Aug. 12 have withdrawn from the Olympic Games...",Sci/Tech
Nintendo and Sony execs trade barbs over PSP/DS battle,"The ink #39;s not yet dry on the PSP price tags, but the fallout from yesterday #39;s surprising announcements has already begun. Bloomberg Japan reported today on Nintendo #39;s reaction to Sony #39;s price point for the ",Sci/Tech
S.Koreans Clash with Police on Iraq Troop Dispatch (Reuters),"Reuters - South Korean police used water cannon in\central Seoul Sunday to disperse at least 7,000 protesters\urging the government to reverse a controversial decision to\send more troops to Iraq.",World
Gas Price Up Near \$1.88 a Gallon -Survey," NEW YORK (Reuters) - The average U.S. retail price of  gasoline rose slightly over the last two weeks to almost \$1.88  a gallon -- the first increase reported since late May,  according to the nationwide Lundberg survey of about 8,000 gas  stations.",Business
US economic growth brakes to 2.8 percent pace in second quarter (AFP),"AFP - The US economy braked harder than first thought in the second quarter, skidding to a 2.8 percent annual growth rate as consumers gripped their purses, a government report showed.",Business
"Bush Signs Internet Tax, Special Ed Bills (AP)",AP - State and local governments will be barred from taxing connections that link people to the Internet for the next three years under legislation signed Friday by President Bush.,Sci/Tech
PLO chief urges end to armed intifada,"West Bank: New PLO chairman Mahmud Abbas called for an end to the armed uprising, as Israeli tanks Tuesday rolled into Gaza in the aftermath of the most lethal Palestinian attack since Yasser Arafat #39;s death.",World
Wal-Mart Starts Rare Newspaper Ad Blitz," NEW YORK (Reuters) - Wal-Mart Stores Inc. &lt;A HREF=""http://www.investor.reuters.com/FullQuote.aspx?ticker=WMT.N target=/stocks/quickinfo/fullquote""&gt;WMT.N&lt;/A&gt;, hurt by  sluggish sales over the Thanksgiving holiday weekend, on Friday  launched a rare advertising blitz in newspapers across the  United States touting price cuts.",Business
Stocks 2005: Make Sure Risks Are Compensated!,Bill Mann looks back at the returns from the three previous years of our annual stock guide.,Business
Football: Mutu crisis talks ,Adrian Mutu will meet his Chelsea bosses on Monday after allegations that he failed a drug test.,World
Update 1: Orbitz Profit Soars on Revenue Surge,"Orbitz Inc., the Internet travel agency that is being bought by Cendant Corp., Wednesday posted a 30 percent jump in third-quarter profit, aided by a surge in hotel business.",Business
"Medarex, Pfizer team up for \$510M project","Medarex Inc., a Princeton, NJ, biotechnology company, could receive up to \$510 million under a global collaboration deal it signed with New York-based Pfizer Inc.",Business
Open sourcers revolt against Microsoft antispam plan,"Two prominent open-source software groups have rejected a proposed technology standard backed by Microsoft Corp. that would close a loophole used to send unsolicited commercial (""spam"") e-mail, citing unresolved patent and licensing issues with the standard known as Sender ID.",Sci/Tech
Families Mark Third Anniversary of 9/11,"NEW YORK - With quavering voices, parents and grandparents of those killed at the World Trade Center slowly read the names of the victims early Saturday to mark the third anniversary of the attacks that brought down the twin towers.    Moments of silence were observed at 8:46 and 9:03 a.m., the times two planes slammed into the trade center towers on Sept...",World
Australia  #39;Lethal #39; Missile Plans Ruffle Feathers,"Australia is moving toward having the region #39;s most advanced missile strike capability, but the plan has prompted concerns in a region where the country ",World
England Cricket Player Steve Harmison Declines to Tour Zimbabwe,"England #39;s Steve Harmison, the No. 1 ranked bowler in Test cricket, won #39;t tour Zimbabwe in November, the England and Wales Cricket Board said in a statement.",Sports
"Yanks Qualify, and Elvis Has Left for Boston","ven the most-heralded Yankee rookies are hazed. Last September, Hideki Matsui slipped into a leopard-skin suit with a matching wide-brimmed hat.",Sports
RCMP search Montreal #39;s Imperial Tobacco,"MONTREAL - The RCMP searched through documents at Imperial Tobacco on Friday related to the contraband trade in cigarettes in the 1990s, Radio-Canada #39;s all-news channel reported.",Business
PayPal Slammed by Payments Glitch,"PayPal, the online payment service owned by auction firm eBay, has been suffering intermittent glitches since Friday. Some users have been locked out of their accounts for long periods, and ",Sci/Tech
Review: 'San Andreas' Among Best Games (AP),"AP - ""Grand Theft Auto: San Andreas"" is an epic homage to the West Coast gang culture of the early 1990s. Yes, parents, there's way too much violence and profanity here for the kids. For those of us 18 and older, though, it's among the best video games this year.",Sci/Tech
NCAA Places Mississippi State on Probation (AP),"AP - Mississippi State was placed on probation by the NCAA for four years, stripped of eight scholarships over the next two seasons and banned from postseason play this season because of recruiting violations.",Sports
Drawn and Quartered,It wasn #39;t supposed to end like this for Pau Gasol and Spain. Not after the way things were going in this Olympics. The Spaniards finished group play an undefeated 5-0 ,Sports
Cyclones Blow Chance,"Iowa State makes a slew of late-game errors and falls to Missouri, 17-14, in overtime. The loss sends Colorado to the Big 12 title game against Oklahoma.",Sports
Former Boeing official sentenced in Air Force contract conspiracy,"ALEXANDRIA, Va. A former Air Force official apologized today as she was sentenced to nine months in prison for helping the Chicago-based Boeing Company obtain an inflated price on a 23-(B)billion-dollar contract.",Business
Utah Woman's Body Found in Landfill,SALT LAKE CITY - The body of a young Utah woman allegedly killed by her husband has turned up in a landfill that police had been searching since her disappearance in late July. The state medical examiner's office used dental records to identify Lori Hacking's remains about six hours after they were discovered Friday...,World
Update 3: Tokyo Stocks Decline in Midday Trading,Tokyo #39;s key stock index edged lower Tuesday morning as investors took profits from hefty gains the day before. The dollar was up against the Japanese yen.,Business
Janus Capital earnings dip on lower revenue,DENVER -- Third-quarter revenue fell 7 percent at Janus Capital Group Inc. as assets under management and investment-management fees fell.,Business
W.T.O. Authorizes Anti-Dumping Sanctions on U.S.,The W.T.O. decided today to authorize sanctions against the United States in response to illegal antidumping rules.,Business
"Karzai Leads, 99 Pct of Afghan Votes to Be Counted"," KABUL (Reuters) - With 99 percent of the votes still to be  counted in Afghanistan's presidential election, incumbent Hamid  Karzai has taken a lead many observers expect him to retain  right to the end of a marathon count.",World
Mets Beat Braves 2-1 to Open Twinbill,"ATLANTA - Gerald Williams and Eric Valent hit solo home runs to give the New York Mets a 2-1 victory over the Atlanta Braves in the first game of a doubleheader Tuesday.    Williams broke a scoreless tie in the third with his fourth home run, a deep drive to center off Paul Byrd...",World
TELECOM '04 - Changing telecom industry meets in Vegas,"LAS VEGAS - U.S. carriers and infrastructure providers are gathering this week at the Telecom '04 trade show in Las Vegas amid rapid changes in the telecommunications industry, including cable companies roaring into the voice business and phone companies switching on TV services.",Sci/Tech
Peacekeepers airlifted into Darfur,The first Rwandan peacekeeping troops have been airlifted into the Sudanese region of Darfur aboard two US transport planes. Sixty-five Rwandan officers and soldiers arrived with their supplies.,World
Creative Technology reports sharp drop in quarterly net profit (AFP),"AFP - Singapore consumer electronics maker Creative Technology net profit in the September quarter fell 83.5 percent to 4.8 million US dollars, with last year's huge one-time gains magnifying the decline.",Sci/Tech
"Bush, Kerry gear up for final debate as polls show race too close to call (AFP)","AFP - The rival campaigns of President George W. Bush and Democrat John Kerry have hit the Southwest, where they are to face off in their final televised debate in two days, with polls showing the race still too close to call.",World
Telekom Malaysia Spreads Its Wings But No Quick Returns,"KUALA LUMPUR (Dow Jones)--Telekom Malaysia Bhd. (4863.KU) has begun to spread its wings overseas, but it will be awhile before its Indian and Indonesian investments begin to pay off in substantially stronger earnings.",Business
Iraq Leader Tells Congress That Sacrifice Won't Be in Vain,"Offering a simple, ""Thank you America,"" Iraqi interim Prime Minister Ayad Allawi addressed a joint meeting of Congress .",World
Steroid users will get slap on wrist,"Who is Barry Bonds trying to kid? The San Francisco Giants #39; slugger, who in 2001 whacked 73 home runs to set a new, single-season record, reportedly told investigators that he unknowingly took ",Sports
Feeling relaxed not Hartley #39;s style,"ATHENS -- Her coach calls it  quot;Blythish. quot; Blythe Hartley says it #39;s just the way she operates. Whatever it is, it was working for the Edmonton-born diver yesterday in the preliminaries of the women #39;s three-metre springboard event.",Sports
Gold Fields Shareholders Reject a Merger,"Shareholders of the South African mining company Gold Fields rejected a bid to merge with Iamgold of Toronto Tuesday, a development that shifted investors #39; focus back to Harmony Gold Mining #39;s hostile bid for Gold Fields.",Business
US Treasuries Drop After Newspaper Says China Cut Holdings,"US 10-year Treasury notes had their biggest drop in a week in London, heading for a fifth week of declines, after a newspaper reported that China, the second- largest overseas holder of the securities, reduced its holdings.",Business
"Introducing the big, bad BOFH polo shirt",&lt;strong&gt;Cash'n'Carrion&lt;/strong&gt; Essential kit for the marauding sysdamin,Sci/Tech
Researchers Spot XP SP2 Security Weakness,Microsoft believes that any hacker looking to exploit this issue would have to rely on considerable help from users. The company said an attacker would need to first entice the user to visit a specific Web site and then entice them to drag ...,Sci/Tech
"MedImmune Loss Widens on Charges, R D"," NEW YORK (Reuters) - MedImmune Inc. &lt;A HREF=""http://www.investor.reuters.com/FullQuote.aspx?ticker=MEDI.O target=/stocks/quickinfo/fullquote""&gt;MEDI.O&lt;/A&gt;, maker of the  nasal spray flu vaccine FluMist, on Thursday said its  third-quarter loss widened on higher costs and one-time  charges.",Business
IBM sales exec John Swainson to become CA CEO,"Computer Associates is set to name IBM sales executive John Swainson as its new CEO, completing a long search to replace indicted former CEO Sanjay Kumar, industry sources said.",Sci/Tech
Toshiba Develops Hybrid DVD,Toshiba Ltd. and Memory-Tech said this week that they plan to bring to market a hybrid DVD disc that can be used both for standard-definition and HD content.,Sci/Tech
Cos. to Sell Songs on File-Share Service (AP),AP - Three major recording companies have agreed to make their music available to be shared and sold over a new online file-swapping service that aims to lure music fans away from rival services where trading of music and movies remains unfettered.,Sci/Tech
"Firefox users ignore online ads, report says","Internet Explorer users are at least four times as likely to click on Web ads than Firefox users, a German advertising technology company said last week.",Sci/Tech
Hilfiger to Acquire Lagerfeld Trademarks,NEW YORK - Tommy Hilfiger Corp. - whose once-hot preppy clothing business has cooled - is making a play to rekindle growth by buying luxury brand Karl Lagerfeld.,Business
Newly discovered dinosaur reached out and chomped its prey,"WASHINGTON -- A newly discovered fossil might be the remains of one of the first stealth hunters, a swimming dinosaur that could use its long neck to sneak up on prey and strike without warning.",Sci/Tech
Antidepressants and Suicidal Kids,"Because some antidepressant drugs have been shown to lead to suicidal thoughts among children and teens, the FDA decrees that all manufacturers must carry a warning on their labels.",Sci/Tech
Corporate tax perks await final Senate OK,WASHINGTON - A corporate tax bill that would dole out nearly \$140 billion in business breaks over the next decade is scheduled for a Senate vote today after an unexpected delay Sunday over its failure to include a tax credit for employers who keep active ,Business
"AT T, Vonage Cut Prices on Internet Calling","&lt;p&gt;&lt;/p&gt;&lt;p&gt; By Justin Hyde&lt;/p&gt;&lt;p&gt; WASHINGTON (Reuters) - AT T Corp.  and Internet telephoneprovider Vonage said on Thursday they were cutting prices fortheir residential Internet calling services by \$5 per month,the strongest signs yet of a price war in the nascent market.&lt;/p&gt;",Sci/Tech
Leave it to Mets to also ax the candidates,"Art Howe, a good man, solid baseball man, but, at the same time, a dead man walking, was a sound bite of  quot;no comment quot; last night at Shea as he faced the media hordes, grilling him on the report in yesterday #39;s editions of the Daily News that had him fired ",Sports
U.S. to File WTO Case Against Airbus Subsidies," WASHINGTON (Reuters) - The United States said it will file  on Wednesday a World Trade Organization complaint over what it  called ""unfair"" European subsidies to aircraft manufacturer  Airbus, the European rival of U.S.-based Boeing.",Business
Christmastime Consumerism,Even self-proclaimed penny-pinching folks like me who loathe the way Christmas has become so commercialized can lose their common sense.,Business
Gas stoppage may have caused deadly Belgian blast: TV report (AFP),"AFP - A Belgian gas explosion in which 20 people were killed may have resulted from a combination of a halt in the gas circulation in a pipeline and existing damage to the main, Belgian television said.",World
Amgen Quarterly Profit Falls," NEW YORK (Reuters) - Amgen Inc. &lt;A HREF=""http://www.investor.reuters.com/FullQuote.aspx?ticker=AMGN.O target=/stocks/quickinfo/fullquote""&gt;AMGN.O&lt;/A&gt;, the world's  biggest biotechnology company, on Wednesday reported a lower  third-quarter profit related to the acquisition of another  biotech company.",Business
Calm returns to Haitian,"Port-Au-Prince - Calm settled over the Haitian capital early on Sunday after two days of political unrest left 10 dead, as aid continued to arrive in flood-ravaged areas in the north.",World
Fallujah assault brings no Zarqawi lead,"The Fallujah assault has failed to secure any information leading to the possible arrest of key insurgent Abu Musab al-Zarqawi, a US major has admitted.",World
UN to Increase Its Staff in Iraq for Elections,The United Nations announced Wednesday that it was expanding its presence in Iraq outside Baghdad to the cities of Erbil in the Kurdish north and Basra in the south ,World
Some Twists in Music Piracy Lawsuits,"A woman in Milwaukee and her ex-boyfriend are under orders to pay thousands to the recording industry. A man in California refinanced his home to pay an \$11,000 settlement. A year after it began, the industry's legal campaign against Internet music piracy is inching through the federal courts, producing some unexpected twists.",Sci/Tech
Once a spammer?,The lawyer who headed a lawsuit that ended Sanford Wallaces reign as the worlds  quot;Spam King quot; six years ago said he cannot believe Wallace now faces several spyware charges in US District Court.,Sci/Tech
Sadr calls for Najaf ceasefire,"NAJAF, Iraq (Reuters) - Radical Shi #39;ite cleric Moqtada al-Sadr has agreed to disarm his Iraqi militia and leave a holy shrine but only after a truce with encircling US marines. ",World
Peoplesoft rejects new Oracle bid,"Peoplesoft rejects a takeover bid from rival Oracle for the sixth time in the last 18 months calling the offer ""inadequate"".",Business
Bryant judge questions prosecution #39;s late challenge to DNA &lt;b&gt;...&lt;/b&gt;,"On the eve of the Kobe Bryant sexual assault trial, a frustrated judge chastised prosecutors Thursday for waiting until the last minute to challenge DNA evidence the defense ",Sports
MLB: Anaheim Angels #39; Guerrero Wins MVP Award,Major League Baseball #39;s Vladimir Guerrero of the Anaheim Angels has wrapped up his inaugural season in the American League by winning the Most Valuable Player Award.,Sports
President calls truce with northern rebels,"KAMPALA, Uganda President Yoweri Museveni of Uganda announced on Sunday a unilateral one-week halt in military operations against northern rebels of the Lord #39;s Resistance Army, one of Africa #39;s most brutal and forgotten conflicts.",World
Chiron: Richard Wills Resigns from Board,"Flu vaccine maker Chiron Corp. (CHIR.O: Quote, Profile, Research) on Friday announced that Richard Wills has resigned from the company #39;s board of directors, effective immediately.",Business
Ghana Gets a Fab Lab,"Fab Labs -- facilities built by MIT researchers to provide technology to make just about anything -- are springing up worldwide. At the newest one, in Ghana, newcomers were most enthused by the ability to make pink plastic key chains. By Michelle Delio.",Sci/Tech
ACC game gets home,"BLACKSBURG -- Jacksonville, Fla., will be the home for the ACC #39;s first two championship games in football in 2005 and  #39;06, the Atlantic Coast Conference announced Thursday. ",Sports
Amazon A9 Search Engine Offers Shopping Discount,"Amazon A9 Search Engine Offers Shopping Discount\\In an effort to boost Amazon's A9 search engine usage and draw searchers away from Yahoo, Google and MSN, Amazon/A9 is offering a discount plan for A9 searchers on Amazon.com. Amazon is discounting purchases by 1.5 for A9 users as long as they register ...",Sci/Tech
Owners turn Singletary into party animal,"Singletary #39;s owners didn #39;t wear their Chicago Bears jerseys to Lone Star Park to watch the colt run in the \$1.5 million Breeders #39; Cup Mile on Saturday, trainer Don Chatlos ",Sports
Players' Fears Rising,Baseball players and their families have become increasingly concerned about theft and kidnapping in Venezuela after the recent abduction of Ugueth Urbina's mother.,Sports
Region to Add Thousands Of Seasonal Employees,"Sometimes, the part-time jobs can lead to permanent positions. But for many seasonal workers, the job simply means income and nice discounts at a time of year when many people want the extra cash.",Business
Racers Rely on High-Octane Data,"For today's IndyCar drivers, risking their lives on over 200-mph turns isn't enough to guarantee a shot at victory. Racers also rely on sophisticated data-analysis software to constantly monitor their car's inner workings. By Patrick Karle.",Sci/Tech
Croom's Bulldogs Stun Zook's Gators (AP),"AP - The latest low point in Ron Zook's tenure at Florida even has the coach wondering what went wrong. Meanwhile, Sylvester Croom's first big win at Mississippi State has given the Bulldogs and their fans a reason to believe in their first-year leader. Jerious Norwood's 37-yard touchdown run with 32 seconds remaining lifted the Bulldogs to a 38-31 upset of the 20th-ranked Gators on Saturday.",Sports
New Orleans Center Breaks Finger (AP),AP - New Orleans center Jamaal Magloire broke his right ring finger in the final minute of Friday night's 95-86 loss to the Phoenix Suns.,Sports
Tasteless JFK video game hits the Internet,"Just in time for today #39;s 41st anniversary of President John F. Kennedy #39;s assassination, a tasteless Internet game is being launched that lets players be Lee Harvey Oswald.",Sci/Tech
"270,000 for settlers to quit Gaza Strip","Jewish settlers in the occupied territories will soon be able to claim compensation, sometimes of more than 270,000, under guidelines approved yesterday by Israel #39;s security cabinet for the Gaza withdrawal plan.",World
SES Astra Welcomes NTL to Client List,"BETZDORF, Luxembourg - (BUSINESS WIRE) -ept. 15, 2004  - UK and Europes foremost direct-to-home (DTH) satellite company, SES ASTRA, an SES GLOBAL company (Euronext:SESG) (FWB:SESG)is delighted ",Sci/Tech
Fighting for file-swapping on Capitol Hill,"Philip Corwin has one of the least enviable jobs in Washington, DC: He defends file-swapping networks. That #39;s not a trivial task for Corwin, the lobbyist for Kazaa #39;s parent company.",Sci/Tech
Dravid falls for 160; India 413/7,"Chittagong, Dec. 18. Rahul Dravid fell for 160 while Sachin Tendulkar exited after making 36 runs on the second day of the second and final test between India and Bangladesh here today.",Sports
Sony Close to Acquiring MGM,"Sony is a step closer to acquiring famed Hollywood studio Metro-Goldwyn-Mayer in a \$3 billion deal that would give it a considerable library of more than 4,100 titles.",Business
"No. 21 Oklahoma 76, Texas St. 57","_ No. 21 Oklahoma had its good moments against Texas State, but coach Sherri Coale wants there to be a lot more. Erin Higgins scored 12 points and Chelsi Welch and Casey Walker added 10 ",Sports
Internet Emerges As Potent Terror Tool,"The images coming out of the latest hostage crisis in Iraq - capped by dramatic video of British captive Kenneth Bigley begging for his life - have transfixed Britons, left governments looking helpless, and revived a classic dilemma about whether to negotiate with terrorists.",Sci/Tech
Consumers Give up Land-Lines for Cell Phones (NewsFactor),"NewsFactor - Consumers increasingly are moving away from using fixed-line phones together with cell phones to using cell phones for all or most of their voice calls, according to a study carried out for Nokia (NYSE: NOK) by UK market research company MORI.",Sci/Tech
Chechen Rebel Leader Blames Rival for School Massacre,"Chechen rebel leader Aslan Maskhadov has denied being involved in the Russian school hostage-taking and said another rebel chief, Shamil Basayev, should stand trial for staging it.",World
Trend Micro Offers Free Mobile Security Solution,"Trend Micro, Inc., a player in network anti-virus and Internet content security software and services, has announced the availability of Trend Micro Mobile Security- a free solution that protects wireless devices from spams and viruses.",Sci/Tech
Pension Funds Want Voice in Disney Board," NEW YORK (Reuters) - Four of the biggest U.S. public  pension funds said on Tuesday they would press for the right to  have shareholders nominate directors to Walt Disney Co.'s  &lt;A HREF=""http://www.investor.reuters.com/FullQuote.aspx?ticker=DIS.N target=/stocks/quickinfo/fullquote""&gt;DIS.N&lt;/A&gt; board of directors.",Business
Mine blast: Death toll rises,"Beijing - The death toll in a gas explosion in a Chinese coal mine rose to 66 on Friday with 82 still missing, the government said, as another 41 miners were reported killed or missing in two other accidents.",World
Virus ends season for former number one,"BRUSSELS, Belgium Former top-ranked Justine Henin-Hardenne (EH #39;-nah ar-DEHN #39;) has ended her competitive tennis season because of an energy-draining virus.",Sports
Do the BRDC really have a plan B?,The BRDC are looking to finalise a deal with Formula One Management (FOM) that will ensure that the British Grand Prix takes place next year on July 3rd and in 2005.,Sports
Iran cracks down on Internet: rights watchdog (AFP),"AFP - Iran is cracking down on Internet communications, one of the country's last forums for free speech and a crucial tool for local social activists, Human Rights Watch said.",Sci/Tech
"MLB, D.C. Talk",Major League Baseball negotiators held day-long sessions with District officials Tuesday and toured RFK Stadium as part of efforts to find a new home for the Montreal Expos.,Sports
IRAQ U.S. Air Strike Kills Two in Iraq's Falluja," BAGHDAD (Reuters) - U.S. planes bombed the Iraqi city of  Falluja overnight, killing two people, in a new strike on  rebels digging in for an expected U.S.-led offensive.",World
Kofi Annan: Globally Popular Mainstay of the UN,"Having dedicated more than 40 years to the United Nations, the seventh Secretary General Kofi Annan is a well-liked and admired global figure.",World
Nokia to make handsets in India,"Nokia, the world's biggest mobile phone manufacturer, is to start making handsets in India.",Business
NASA seeks methods to repair shuttles in flight,The US National Aeronautics and Space Administration or NASA is hoping to develop techniques to allow a crew to repair damages to Space Shuttle in flight.,Sci/Tech
Robben One of Europe #39;s Best - Kezman,Mateja Kezman today hailed Chelsea team-mate Arjen Robben as one of Europes leading players after his matchwinning performance in Moscow.,Sports
Notorious Indian criminal killed,"India #39;s most wanted fugitive, accused of more than 100 murders and on the run for decades, has been shot dead after driving into an elaborate police trap.",World
Baseball Today (AP),AP - San Francisco at San Diego (10:05 p.m. EDT). Jason Schmidt goes for his 17th win against Brian Lawrence and the Padres.,Sports
Satellite TV Spreads Its Signals Across the Landscape,"In the last 10 years, pizza-sized dishes have sprouted on homes all over the country. But how does satellite TV actually work?",Sci/Tech
RealNetworks to Offer Deeply Discounted Music Deals,SEATTLE (AP) -- RealNetworks Inc. (RNWK) will begin offering some university students its digital music subscription service at a steep discount in an effort to stem illegal downloads and attract long-term customers...,Sci/Tech
Bomb Explosion in Nepal's Capital Wounds 38," KATHMANDU (Reuters) - A bomb tore through a government  office in the Nepali capital on Tuesday, wounding at least 38  people in an attack police suspect was carried out by Maoist  rebels.",World
"McGrady Sits Out With Groin, Hip Strains (AP)",AP - Houston Rockets guard Tracy McGrady sat out Thursday night's game against the Minnesota Timberwolves because of nagging hip and groin strains.,Sports
SOCCER: Teen keeps an old dream alive,"Her heroes gave her a gift four years ago, and Heather O #39;Reilly repaid them handsomely Monday at Pankritio Stadium on the island of Crete.",Sports
Iraqi president on landmark visit to Kuwait,KUWAIT CITY : Iraqi President Ghazi al-Yawar was received by Kuwait #39;s ruler after arriving in the oil-rich emirate on the first ever official visit by an Iraqi head of state.,World
New Mexico Coach Gets 2009 Extension,"ALBUQUERQUE, NM Nov 16, 2004 - New Mexico signed coach Rocky Long a contract extension through 2009 on Tuesday. While details of the new contract are still being worked out, Long is getting a pay raise of ",Sports
Cards Top Astros 6-4 to Take 2-0 NLCS Lead,"ST. LOUIS - Scott Rolen hit two home runs, combining with Albert Pujols for back-to-back shots in the eighth inning that sent the St...",World
AOL Dumps Microsoft #39;s Spam Filter Standard,"America Online, the largest Internet service provider, said it would stop using Microsoft #39;s Sender ID technology to filter unwanted e-mail being sent to its millions of members, and instead embrace an open-source friendly alternative.",Sci/Tech
Bells Still Ring For Red Kettles Of Kindness,You can learn a lot about people in two hours. And you don #39;t have to take a course in social behavior or even watch Dr. Phil on TV.,Business
What #39;s with the hype about  #39;Halo 2 #39;?,Trying to get three teenage boys to talk to you while they are playing  quot;Halo 2 quot; is like trying to find a needle in a haystack -- a wee bit difficult.,Sci/Tech
SBC Drives VoIP to Ford,"It #39;s looking more and more like Voice over Internet Protocol, or VoIP, is ready for prime time. Today, SBC Communications (NYSE: SBC) said that it will provide VoIP services to Ford (NYSE: F) in one of the largest deployments of its type to date.",Business
Web holiday shopping up 25 in 2004,"U.S. online retailers rang up holiday sales of \$23.2B between Nov. 1 and Dec. 26, up 25 from the same period in 2003, according to a survey released today by Goldman Sachs, Harris Interactive and Nielsen/NetRatings.",Sci/Tech
"Nations to Strategize on Iraq, Italian Foreign Minister Says","  F   ranco Frattini , Italy's foreign minister, said a two-day international meeting on Iraq in late November will examine ways to stabilize the country and develop plans for an exit strategy for the U.S.-led occupation force there.",World
BOFH: The hostage's guide to lift imprisonment,"&lt;strong&gt;Episode 39&lt;/strong&gt; Stay calm, conserve bodily fluids",Sci/Tech
Annan urges Myanmar to free Suu Kyi,NEW YORK  UN Secretary General Kofi Annan on Tuesday raised doubts about Myanmar #39;s resolve to implement a road map for democracy and urged the nation #39;s military leaders to immediately release pro-democracy leader Aung San Suu Kyi. ,World
Congress Votes to Extend Tax Cuts,"The House and the Senate overwhelmingly approved the \$146 billion measure, sending President Bush what would be his fourth tax cut in four years.",Business
UAE Supreme Council elects Khalifa as president,"The Supreme Council of the United Arab Emirates (UAE) on Wednesday evening unanimously elected Sheikh Khalifa bin Zayed Al Nahyan as the new president of the UAE, the official Emirates news agency WAM reported Wednesday.",World
Phone Firms Rush to Get TV on Mobile Phones, AMSTERDAM (Reuters) - Europeans came a step closer to  having television on their mobile phones on Friday when two  groups of companies announced plans to push forward with  consumer trials and establish a standard for the technology.,Sci/Tech
Microsoft pays dearly for insults through ignorance,INSENSITIVE computer programmers with little knowledge of geography have cost the giant Microsoft company hundreds of millions of dollars in lost business and led hapless company employees to be arrested by offended governments.,Sci/Tech
Clarke: Goodenow the problem,Bob Clarke returned Monday from a vacation in Calgary where he was visiting his son and decided to weigh in on a couple of serious issues - the lockout and the status of Jeremy Roenick.,Sports
UNRWA waits for Israel apology,"The chief of the UN agency for Palestinian refugees on Wednesday demanded that Israel apologise for wrongfully accusing UNRWA of allowing Palestinians to move rockets in its ambulances, The AFP reported.",World
UN warns of 'growing Gaza crisis',A group of 12 United Nations agencies warn of an impending humanitarian crisis in the Gaza Strip.,World
Laptops may damage male fertility,"Men who use laptop computers may inadvertently be risking their fertility, experts believe.",World
Insurance officials propose new brokerage disclosure rules,"State insurance commissioners from across the country have proposed new rules governing insurance brokerage fees, winning praise from an industry group and criticism from ",Business
2nd UPDATE: Temasek Cuts SingTel Stake; Raises S\$800M,SINGAPORE (Dow Jones)--Singapore #39;s state-owned investment company Temasek Holdings Pte Ltd. Friday said it sold a 2 stake in Singapore Telecommunications Ltd.,Business
Still coasting along,"Amid the stormy gloom in Gotham, the rain-idled Yankees last night had plenty of time to gather in front of their televisions and watch the Red Sox Express roar toward them. The national telecast might have been enough to send a jittery Boss Steinbrenner searching his Bartlett's Familiar Quotations for some  quot;Little Engine That Could quot; metaphor.",Sports
Pakistan defeats Chairman #39;s XI at Lilac Hill,An impressive century by opening batsman Salman Butt helped Pakistan notch up their first tour win with a 43-run victory over a Cricket Australia Chairman #39;s XI at Lilac Hill in Perth.,Sports
Jiang-Hu tussle ahead of China #39;s Communist Party plenum,"Beijing, Sept. 15 (PTI): The Communist Party of China will hold its fourth plenum here from September 16 to 19 to discuss key issues facing the nation but a reported power tussle between the camps of military ",World
"Clarett, Ohio St. both flunked",The Maurice Clarett who appears on the pages of ESPN the Magazine should never have had trouble getting A #39;s and B #39;s in college.,Sports
Saluting the data encryption legacy,"Security technologist Bruce Schneier explains that while cryptography is one of the most basic tools of computer security, it barely existed as an academic discipline 30 years ago.",Sci/Tech
AIG Is Target of Grand Jury Investigation," NEW YORK (Reuters) - American International Group Inc., the  world's largest insurer by market value, said on Thursday it  was the target of a federal grand jury investigation into  products that prosecutors say were concocted to help companies  manage their earnings.",Business
NBA #39;s assists leader Nash injured against,"PHOENIX -- Phoenix guard Steve Nash, the NBA #39;s assist leader, sustained a concussion Friday night and sat out the second half of the Suns #39; 95-86 victory over New Orleans.",Sports
Cott Pops Up Again,"Shares of generic soda company Cott (NYSE: COT) bubbled up more than 5 yesterday following some upbeat announcements from CEO John Sheppard, who presented at a Prudential Securities conference in Boston.",Business
"HP Deals to Aid RFID Push Into Retail, Manufacturing","Hewlett-Packard Co., one of the  quot;initial eight quot; product distributors in the Wal-Mart RFID trials, will unveil on Monday pacts with systems integrator BearingPoint Inc.",Sci/Tech
Bank bomb blasts kill one,A series of bombings ripped through three banks Wednesday in downtown Buenos Aires killing one security guard and injuring a member of the bomb squad.,World
Sun Might Have Exchanged Hangers-On With Rival Star,"The Sun may have captured thousands or even millions of asteroids from another planetary system during an encounter more than four billion years ago, astronomers are reporting today.",Sci/Tech
Conn. Man Charged with Selling Secret Windows Code,A Connecticut man was arrested on Tuesday on charges that he illegally sold a secret source code used for Microsoft Corp. #39;s MSFT.,Sci/Tech
Intel Suggests Overlay To Boost Internet Performance,"In a speech at the Intel Developer Forum, Intel senior vice president Pat Gelsinger said that by outfitting the Internet with an overlay network of computational services made up of computing ",Sci/Tech
IBM Launches Grid-Computing Projects,"In addition to EPA, IBM announced five new commercial grid projects, including Siemens mobile, NTT Com, and Sinopec, as well as ten new application-software companies that have readied their products for grid computing.",Sci/Tech
Coca-Cola posts lower 3Q profit,"Coca-Cola Co. on Thursday reported a sharp drop in quarterly net income due to weak sales of its soft drinks, juices and bottled waters in Germany and other key markets.",Business
Antarctic Glacier-Melt Increasing Dramatically,"As early as the 1970s, several theorists and climate modelers predicted that global warming would cause ice shelves in the oceans around Antarctica to melt and release glaciers.",Sci/Tech
UN suspends aid operations in South Darfur after killing of workers (Canadian Press),"Canadian Press - KHARTOUM, Sudan (AP) - The United Nations has suspended its humanitarian operations in Sudan's troubled South Darfur area following a shooting that killed two aid workers, the agency said Monday.",World
Top al-Qaida man dies of heart attack,"The alleged top al-Qaida operative in Lebanon, who was arrested 10 days ago after authorities uncovered a plot to bomb embassies of Italy and Ukraine, and kill diplomats, died of a heart attack Monday, hospital officials and the Interior Ministry said.",World
At Least 7 Dead in Russia School Siege (AP),"AP - At least seven people were killed and 310 others wounded Friday, reports said, after commandos stormed a school in southern Russia where hundreds had been held hostage for three days by Chechen rebels strapped with explosives.",World
Pacers sign Tinsley to extension,"INDIANAPOLIS (Ticker) - The Indiana Pacers made a commitment to their floor general Friday, signing point guard Jamaal Tinsley to a contract extension.",Sports
Fish Beats Hernych at St. Petersburg,"ST. PETERSBURG, Russia Oct 25, 2004 - Olympic silver medalist Mardy Fish beat Jan Hernych of the Czech Republic 6-2, 6-4 Monday to reach the second round of the St.",Sports
Foster to Miss Four to Six Weeks (AP),"AP - Indiana Pacers center Jeff Foster will have hip surgery Wednesday and is expected to miss four to six weeks, further depleting the team's front court.",Sports
North Korea says Bush worse than Hitler,North Korea has described US President George W. Bush as a tyrannical political imbecile. who put Adolf Hitler in the shade and said Pyongyang could see no justification for talks with his administration.,World
IAEA Meets to Discuss Iran Nuke Program (AP),AP - Whether Iran is fulfilling its commitment to freeze all aspects of a process that can be used to make atomic arms  #151; and what to do if it isn't  #151; is expected to top the agenda of a key meeting of the U.N. nuclear watchdog.,World
"US stocks: Markets end higher; earnings, merger news trump oil","US stocks closed slightly higher Wednesday, as better-than-expected quarterly results from investment bank Lehman Brothers Holdings Inc.",Business
Are you getting the best deal on insurance?,"When New York Attorney General Eliot Spitzer accused insurance broker Marsh  amp; McLennan Cos. last month of taking kickbacks from insurers, resulting in higher premiums for clients, he raised questions for the ",Business
Oil Prices Hover Near \$50 a Barrel,Oil prices were up 12 cents to \$49.88 a barrel in electronic trading in Europe in advance of the opening on the New York Mercantile Exchange.,Business
Bears Safety Mike Brown Out for Season (AP),"AP - Chicago Bears safety Mike Brown will miss the rest of the season after tearing his right Achilles tendon in a victory over Green Bay, coach Lovie Smith said Monday.",Sports
Microsoft launches Portable Media Center in the UK,Microsoft has finally announced that it will start shipping its Portable Media Center addition which will allow players like the Creative Zen to go on sale in the coming weeks.,Sci/Tech
Rehhagel Gets Tough With Greece,Greece coach Otto Rehhagel has attempted to shake the team out of their Euro2004 championship hangover by insisting that they dont deserve a place in World Cup 2006 if they cant defeat lowly Kazakhstan at home.,Sports
Report: Southwest to cut 88 flights this fall,"Southwest Airlines is planning to cut as many as 88 flights from its schedule to free up the planes for more profitable markets, according to a published report.",Business
Guinea-Bissau #39;s army chief of staff killed in military revolt,"Guinea-Bissau #39;s army chief of staff and former interim president, General Verissimo Correia Seabra, was killed Wednesday during unrest by mutinous soldiers in the former Portuguese ",World
Consumer Prices Up in Nov. As Gas Calms (AP),AP - Consumer prices rose by a mild 0.2 percent in November as costs for gasoline and food products calmed down after posting sharp increases the month before.,Business
OPEC urges the US to use emergency oil reserves,"NEW YORK, October 27 (newratings.com) - The Organization of Petroleum Exporting Countries (OPEC) has asked the US government to release oil from its Strategic Petroleum Reserve (SPR) to help ease the rising oil prices.",Business
Palestinians in Israeli Jails Start Hunger Strike (Reuters),"Reuters - Thousands of Palestinian\prisoners in Israeli jails began a hunger strike for better\conditions Sunday, but Israel's security minister said he\didn't care if they starved to death.",World
Making Widener Digital,Harvard is one of a handful of institutions in a joint venture with Google that could be the biggest development to hit the library since the card catalog went digital.,Sci/Tech
Harry scuffles with photographer,"AP - Prince Harry scuffled with a paparazzi photographer outside a nightclub early Thursday, further feeding his growing public image as a rebellious party boy.",World
Deakes agony as curse strikes,JANE Saville was the first person to reach fellow Australian heartbreak walker Nathan Deakes when he was disqualified with a medal in sight in the Olympic 50km race yesterday.,Sports
Houston Rockets Team Report - November 17,"(Sports Network) - The Rockets came up short on Tuesday, falling 88-84 to the Atlanta Hawks at Philips Arena. Yao Ming made good on 13-of-15 shot attempts in a 27-point, 11-rebound performance for the Rockets, who have lost three of four.",Sports
Elpida Advances as Shares Start Trading in Tokyo (Update2),"Shares of Elpida Memory Inc., Japan #39;s sole large-scale producer of memory chips, rose on their first day of trading in Tokyo on investors #39; expectations a focus on consumer electronics ",Business
Earnings optimism nudges stocks higher,"Stocks drifted higher yesterday, brushing aside another record high for oil prices amid hopes the impending tide of third-quarter profit reports will override worries about a struggling economic recovery.",Business
Google Buys Digital Mapping Company,"Google Inc. has bought digital map maker Keyhole Corp., extending the search engine leader's bid to fend off rivals with a toolbox that can catalog almost anything in the world.",Sci/Tech
Red Hat goes to China,LINUX OUFIT Red Hat has opened its new office in Beijing and is already claiming that it has the inside leg measurement of the government.,Sci/Tech
NASA will cover only a fraction of cost of module lost on shuttle,"NASA has turned back an \$87.7 million claim by Spacehab for equipment lost on the shuttle Columbia, but the company may appeal. Spacehab officials said Thursday that NASA #39;s rejection was ",Sci/Tech
Prosecutor: Italian PM deserves prison,"An Italian prosecutor says that Prime Minister Silvio Berlusconi deserves an eight-year prison term for bribing judges. Berlusconi was not in court for to hear the request, the BBC reports.",World
The match that always bears a grudge,"In sport few teams attract universal love, and in rugby the tribal thing runs deep. Gloucester fans will never welcome Harlequins into their Shed, Bath #39;s followers haven #39;ta good word to say about Gloucester ",Sports
Shaded moon will be last eclipse of 2004,"A total eclipse of the Moon will occur overnight Wednesday, an event that can turn Earth #39;s satellite to a colourful shade ranging from deep red to dark brown and sometimes an existential grey.",Sci/Tech
Firefox Reviewed - a browser for Microsoft haters,Written by Net 4 Nowt Anyone reading technology news articles can not have failed to have read something about a new web browser currently doing the rounds.,Sci/Tech
"Even with a patchwork secondary, the Patriots just keep on winning","As both the weeks and the wins pile up for the Patriots, the more preposterous it becomes. Already it #39;s as farfetched and fanciful as anything that has happened in the NFL this season, Ben Roethlisberger #39;s magic carpet ride included.",Sports
Priest Who Disrupted Olympics in Abuse Trial, LONDON (Reuters) - A former Irish priest famous for stunts  that disrupted the marathon at the Athens Olympics and  Britain's Grand Prix denied charges on Wednesday of indecency  with a schoolgirl.,Sports
Israel kills Hamas #39;s top bomb-maker,"Israel has killed Hamas #39;s top bomb and rocket-maker in Gaza ahead of a Knesset vote on a pull-out from the area. Adnan al-Ghoul died when an Israeli missile hit his car, witnesses said.",World
Mothers of Russian GIs Appeal to Rebels (AP),"AP - A group of Russian mothers, desperate for peace in Chechnya, told rebels in the breakaway region Wednesday they were ready to mediate peace between the government and militants fighting a decade-long battle for independence.",World
Australia eyes treaty with Jakarta,"Australia may try to negotiate a new defense and security treaty with Indonesia, Foreign Minister Alexander Downer said Sunday. A bilateral security agreeement the two neighbors ",World
Arnesen denies Santini rift,"Frank Arnesen, the Tottenham sporting director, has refuted suggestions that Jacques Santini #39;s surprise resignation was for anything other than the personal reasons already cited.",Sports
Clash among warlords casts doubt on Afghanistan's security,"KABUL, Afghanistan -- Rival militias clashed in western Afghanistan yesterday, reportedly killing 21 people and ramping up concern about security as the country prepares for landmark elections.",World
"Manning Leads Colts Past Jaguars, 24-17","JACKSONVILLE, Fla. - Peyton Manning was 13-for-13 for 162 yards on three touchdown drives to lead the Indianapolis Colts to a 24-17 victory Sunday against the previously unbeaten Jacksonville Jaguars...",World
Storm aid in high gear,People in Polk and other counties declared disaster areas because of Hurricane Charley are getting federal and state help faster than any other emergency in history.,Sci/Tech
Liverpool great Hughes passes away,"Liverpool, England (Sports Network) - Former English international and Liverpool great Emlyn Hughes passed away Tuesday from a brain tumor.",Sports
"Deaths in Darfur could reach 300,000, US official says","GENEVA--The death toll in Sudan's conflict-ravaged Darfur region could rise sixfold by the end of the year--hitting 300,000--because of worsening food shortages among refugees, a senior US aid official said yesterday.",World
REAL RULE OUT ROBSON,Real Madrid have played down speculation linking former Newcastle United manager Sir Bobby Robson with a move to the Santiago Bernabeu.,Sports
Car Bomb Kills at Least Six in Baghdad,"BAGHDAD, Iraq - U.S. troops pounded Fallujah with airstrikes and tank fire Sunday, and the Iraqi government appealed to residents to expel ""foreign terrorists"" to prevent an all-out attack...",World
'Perfect' opportunity,"Trainer D. Wayne Lukas announced yesterday he will enter champion mare Azeri against the males in Saturday's Breeders' Cup Classic at Lone Star Park, but she'll have to be better than good to defeat defending champion Pleasantly Perfect. A son of Pleasant Colony, Pleasantly Perfect overcame a serious illness to develop into a monster, and he ...",Sports
Pact to organize workers expires at Verizon Wireless,"Verizon Wireless, the largest US mobile-phone operator, said a four-year agreement that would have made it easier for workers to join unions has expired.",Business
"At 4-1, they just might be Giants",The New York Giants aren't just winning. They're doing the kinds of things winning teams do.,Sports
Blinkx 2.0 Adds Smart Folders,"Desktop search player Blinkx unveiled the latest version of its contextual search product today, adding features that allow a user to initiate a search by dropping a file into a folder.",Sci/Tech
D-Backs support Unit #39;s Cy Young cause,"Randy Johnson got the support Monday night that has deserted him and Milwaukee #39;s Ben Sheets throughout this season. Johnson made the most of three runs in the first three innings, raising his record above ",Sports
Shoppers fast out of gate,Excitement on Friday as the holiday shopping season got underway cooled before the weekend #39;s close as cautious shoppers browsed and let many deals pass.,Business
Jimenez victorious at Omega Hong Kong Open,"Spaniard Miguel Angel Jimenez claimed his fifth title of the year when he outgunned Padraig Harrington of Ireland and South African James Kingston to lift the US\$800,000 Omega Hong Kong Open by one stroke after a thrilling final round today.",Sports
Ask Jeeves bets on smart search,"Ask Jeeves overhauls its website, results system and mascot, as search becomes increasingly competitive.",Sci/Tech
Explosions caused mushroom cloud over N. Korea: source,"SEOUL, SOUTH KOREA - A mushroom-shaped cloud was seen in North Korea last Thursday following a large explosion, a South Korean news agency reported Sunday.",World
"Krill in decline, report says","Krill, the heart of the rich Antarctic food chain that nourishes whales, seals and penguins, have declined by more than 80 percent in the past 25 years in key ocean regions, according to a new study that links the loss to warming temperatures.",Sci/Tech
Baines: Movie on Rose strikes out,"Being a fan of the Cincinnati Reds #39; Big Red Machine in the 1970s, I was hoping for a little nostalgia when I watched a preview of ESPN #39;s Pete Rose movie this week.",Sports
Kasprowicz #39;s double strike puts Aussies on top,"Brisbane, Australia: Australia grabbed two key wickets to have New Zealand on the defensive on the opening morning of the first cricket Test at the Gabba in Brisbane on Thursday.",Sports
Lucchino thinks it was a bad move,The president and chief executive officer of the Red Sox thinks Pedro Martinez made the wrong decision. But Larry Lucchino nonetheless had nothing but praise for ,Sports
Amazon UK Launching DVD Rental Service (Reuters),"Reuters - The UK Web site of\Amazon.com Inc.  is launching a DVD rental service, the\online retailer's first foray into a market pioneered by U.S.-\based Netflix. Inc.",Sci/Tech
New Blow for Sender ID as AOL Joins Disbelievers,"AOL is the latest and largest company to back away from Microsoft #39;s Sender ID software, designed to cut spam by identifying the source of the e-mail.",Sci/Tech
Woods considered skipping Tour Championship,Tiger Woods enjoyed his three-week honeymoon so much that he considered extending it for a full month and skipping this week #39;s Tour Championship.,Sports
MGM shares drop 8 pct on potential for lower bids,"Metro-Goldwyn-Mayer Inc. (MGM.N: Quote, Profile, Research) shares dropped 8 percent on Thursday after the film studio indicated a sale of its assets would likely be less than Wall Street has been expecting.",Business
Angels Clobber Mariners 5-2 (AP),"AP - Dallas McPherson had three hits and an RBI in his first major league start Monday night, helping the Anaheim Angels gain ground in the playoff race with a 5-2 victory over the Seattle Mariners.",Sports
When two become one,"Rivalry between the Dutch and British has a long history. Between 1652 and 1672, three wars broke out between two seafaring nations separated by trading interests as well as a few miles of North Sea.",Business
"Stocks Fall on Oil, Dow Ends Below 10,000 (Reuters)","Reuters - The blue-chip Dow Jones average closed\below 10,000 for the first time in about six weeks on Monday as\a spike in oil prices to nearly  #36;50 a barrel renewed concerns\about corporate profits while analysts cutting recommendations\hurt tech stocks.",Business
Mars Rover Finds Mysterious Rocks and More Signs of Water,"Both rovers, the Spirit and the Opportunity, have more than doubled their intended lifetimes of three months.",Sci/Tech
Buffalo's Gamble Pays,Buffalo's decision to draft running back Willis McGahee in the first round of the 2003 draft is finally paying dividends.,Sports
Nvidia signs chipset license with Intel,"Nvidia Corp. and Intel Corp. have signed a multiyear cross-licensing agreement that entitles Nvidia to build chipsets for Intel #39;s processors, the companies announced Friday.",Sci/Tech
Serena moves into China Open quarterfinals,Top-seeded Serena Williams of the United States rallied in the final set Wednesday to beat Dinara Safina and reach the quarterfinals of the China Open.,Sports
China Cracks Down on I-Cafes,Internet cafes that fail to enforce the strict rules governing their use are being shut down by the government. Also: Companies worry that the spyware buck will stop with them   hellip;.  High-tech outsourcing to India continues    hellip;. and more.,Business
Micron Technology Posts Profit,"Micron Technology Inc. (MU.N: Quote, Profile, Research) , the No. 3 computer memory chip maker, on Wednesday reported a quarterly profit on stronger pricing, reversing a year-earlier loss.",Sci/Tech
Hungarians to withdraw from Iraq,"Hungary will withdraw its 300 noncombat troops from Iraq by March 31, the countrys new prime minister said today, contending that staying longer would be an  quot;impossibility.",World
"Yankees frustrate Red Sox, Pedro again","Pedro Martinez came out to start the eighth inning against the Yankees and promptly coughed up a lead. His night was over after serving up five runs over 7 1/3 innings, and the Yankees wound up dealing the Red Sox a crushing blow.",Sports
Sharp unveils its first Blu-ray Disc recorder,"The BD-HD100 will be the third recorder on the market to support the Blu-ray Disc format, which is one of two blue-laser based formats fighting to become the de-facto optical disc standard for high-definition video content.",Sci/Tech
Reaction To The PeopleSoft/Oracle Merger,"When Internet-based companies, especially ones the size of Oracle and PeopleSoft, announce fundamental changes, responses are usually swift.",Business
Interview: Meeting with Indian PM to aim at understand building &lt;b&gt;...&lt;/b&gt;,"The basic issue for an upcoming bilateral meeting with Indian Prime Minister Manmohan Singh is to create understanding, Pakistani President Pervez Musharraf said here Tuesday.",World
Notables,"The San Diego Padres retired former All-Star outfielder Tony Gwynn's jersey No. 19. Yankees pitcher Mike Mussina is 0-5 since beating the Mets, 11-6, June 27, including 0-3 since coming off the disabled list.",Sports
Mob sets train on fire in Bangladesh,"DHAKA: An angry mob set fire to a passenger train in central Bangladesh Sunday, injuring at least 20 people after a grenade attack on an opposition rally that killed 18 people and wounded hundreds, police said.",World
Judge Dismisses Charges Vs. Bush Protester (AP),AP - A judge has dismissed charges against a war protester who was arrested during a visit by President Bush last spring.,World
Siebel introduces Chapter 2,"Siebel unveiled  quot;Chapter 2 quot; of its CRM strategy this week in an effort to revitalise its sagging fortunes. Siebel has seen declining revenue and fierce competition from high-end rivals such as SAP, as well as from smaller companies such as Salesforce.",Sci/Tech
Baird Hits the Front in Funai Classic," ORLANDO, Florida (Reuters) - Briny Baird shot a  six-under-par 66 to grab the lead after the second round of the  \$4.2 million Funai Classic at the Walt Disney Resort on Friday.",Sports
Citigroup Sued Over Enron Securities," NEW YORK (Reuters) - Citigroup Inc. &lt;A HREF=""http://www.investor.reuters.com/FullQuote.aspx?ticker=C.N target=/stocks/quickinfo/fullquote""&gt;C.N&lt;/A&gt; faces a lawsuit  from angry investors who allege they were defrauded in a  ""massive scheme of deception"" when they bought securities tied  to the credit-worthiness of bankrupt energy trader Enron Corp.  &lt;A HREF=""http://www.investor.reuters.com/FullQuote.aspx?ticker=ENRNQ.PK target=/stocks/quickinfo/fullquote""&gt;ENRNQ.PK&lt;/A&gt;.",Business
Toys R us Posts Operating Loss,"Toys R Us Inc. (TOY.N: Quote, Profile, Research) , which is considering getting out of the toy business, on Monday posted a second-quarter operating loss on poor sales of video games and markdowns on older merchandise.",Business
UPDATE 1-Wal-Mart sets \$10 billion share repurchase plan,"Wal-Mart Stores Inc. (WMT.N: Quote, Profile, Research) , the world #39;s top retailer, on Wednesday said its board of directors authorized a \$10 billion stock repurchase plan, replacing a \$7 billion share buyback program.",Business
No. 5 Miami Rebounds to Beat FSU in Overtime," MIAMI (Sports Network) - Frank Gore scored on an 18-yard  touchdown run in overtime, as No. 5 Miami-Florida outlasted  fourth-ranked and arch-rival Florida State, 16-10, at the  Orange Bowl in the season-opener for both teams.",Sports
EU cuts 2005 eurozone growth forecast,"The European Commission on Tuesday revised upwards its growth forecast for this year, but cut its prediction for 2005 GDP growth to 2.0 percent, in its regular autumn economic outlook report.",Business
"Duceppe advocates new, pan-American currency","Bloc Quebecois Leader Gilles Duceppe has issued a sweeping monetary and political blueprint, calling for a sovereign Quebec and for replacing the Canadian dollar with a new currency for North, Central and South America.",Business
New bid to end talks deadlock,Northern Ireland Secretary Paul Murphy and Irish foreign minister Brian Cowen will chair talks involving unionists and nationalists at Stormont aimed at ending the stand-off over proposed changes to devolution.,World
IBM improves on autonomic toolkit,IBM on Friday gave its autonomic computing strategy is boost unwrapping an enhanced version of a toolkit designed to help developers more quickly integrate a number of self-managing functions into their existing applications and services.,Sci/Tech
Big maths solution 'looks good',"One of the toughest problems in maths may have been solved, British Association's Festival of Science is told.",Sci/Tech
Cambodia Women's Shelter Closes After Raid (AP),"AP - A shelter for women and girls forced into the sex trade temporarily shut its doors Friday after gunmen kidnapped 92 of its occupants and made death threats against the staff, the shelter's director said.",World
Goin' Back to Cali: Kent Signs with Dodgers," LOS ANGELES (Sports Network) - The Los Angeles Dodgers and  second baseman Jeff Kent agreed to a two-year contract on  Thursday, bringing the All-Star back to the state where he won  his lone NL MVP award.",Sports
Small Syrian Force Withdraws From Lebanon (AP),"AP - About 300 Syrian soldiers in a convoy of trucks and armored vehicles crossed the Lebanese border into Syria early Thursday, Lebanese security officials said.",World
Analyst: CRM Mergers and Acquisitions Picking Up (NewsFactor),NewsFactor - Most industry observers agree that the CRM-software market is picking up speed this year and will continue to do so next year. And most also agree that venture capitalists have been waiting for several years to make their next moves regarding the startups they have backed through the thin years.,Sci/Tech
Navy football shipshape again,The doubters were in Paul Johnson #39;s ear three years ago when the ultra-successful coach at Georgia Southern decided to accept the head coaching job at Navy.,Sports
"UK Keeps Terror Suspects in Jail, Despite Judgement", LONDON (Reuters) - Britain's top court delivered a severe  jolt to Prime Minister Tony Blair's post-Sept. 11 security  policies on Thursday by ruling against the detention of nine  foreign terrorism suspects without trial.,World
Iraq Oil Exports Cut in Half After Attack,"BASRA, Iraq (AP) -- A sabotage attack on a cluster of about 20 oil pipelines in southern Iraq has cut exports from the key oil producing region by half, a top oil official said Thursday.",World
Curacao Rallies to Beat Taiwan 9-8 in LLWS (AP),"AP - Down four runs with only three outs left, Curacao manager Vernon Isabella thought his team's run for a championship was over. That was until Jonathan Schoop led an unlikely rally.",Sports
Mozilla Outfoxing Microsoft,pardon the pun -- and for good reason. Web surfers looking for a reliable alternative to Microsoft #39;s (Nasdaq: MSFT) Internet Explorer have been busy over the last ,Sci/Tech
Wenger on the attack,Arsene Wenger today renewed his attack on Real Madrid for the methods they use to sign players. The Arsenal manager sparked a row with the Spanish giants on the day the new ,Sports
Stocks Are Seen Off a Touch at Open,NEW YORK - U.S. stocks are seen off a touch at the open Wednesday as the price of oil continues to plague investor sentiment...,World
Oracle Moves Earnings Forward to Monday," SAN FRANCISCO (Reuters) - Business software maker Oracle  Corp. &lt;A HREF=""http://www.investor.reuters.com/FullQuote.aspx?ticker=ORCL.O target=/stocks/quickinfo/fullquote""&gt;ORCL.O&lt;/A&gt; on Friday said it will release its  second-quarter earnings before U.S. markets open on Monday,  instead of Thursday, due to issues related to its takeover bid  for PeopleSoft Inc. that may come up in court later on Monday.",Business
Kashmir separatists to discuss peace plan,"Kashmir #39;s main separatist politicians are to meet to decide if they should revive a dialogue with New Delhi, a day after the Indian prime minister offered unconditional talks.",World
UNDATED: seven assists.,"Pau Gasol scored 22 points and Shane Battier added 18, and Memphis won for the first time in five games this season. Kobe Bryant, guarded by a three-man rotation, had 20 points on 4-for-19 shooting for the Lakers.",Sports
BlackBerry in Sync with Apple (NewsFactor),"NewsFactor - Information Appliance Associates is offering an application that links the \BlackBerry mobile e-mail platform with Mac OS X, further extending BlackBerry's considerable reach.",Sci/Tech
Solberg Turns Up Heat,Petter Solberg turned up the heat on world championship rival Sebastien Loeb with a blistering display on stage six to close in on the Wales Rally GB leader.,Sports
Militants Turn Over Keys to Najaf Shrine,"NAJAF, Iraq - Thousands of pilgrims streamed into the Imam Ali Shrine on Friday, and militants who had been holed up in the site left it, handing the keys to Shiite religious authorities after Iraq's top Shiite cleric brokered a peace deal to end three weeks of fighting in this holy city.    Dozens of militants piled Kalashnikov rifles in front of the offices of their leader, radical Shiite cleric Muqtada al-Sadr...",World
